iteration,model,hp,dim_method,do_scale,filter_ok,n_pca,other_cols,dataset_size,confusion_matrix,accuracy,precision,recall,f1,kappa,kappa_std,score,kappa_nonzero
248,ET,"{'n_estimators': 300, 'max_depth': 20, 'min_samples_split': 2, 'max_features': 'sqrt'}",freq,True,False,N/A,[],402,"[[35, 8, 7], [8, 304, 2], [8, 7, 23]]",0.9004938271604939,0.8078162041065268,0.758431472947602,0.7725849539536245,0.7251112351947705,0.09283891679511375,0.6322723183996568,1
841,ET,"{'n_estimators': 300, 'max_depth': 20, 'min_samples_split': 2, 'max_features': 'sqrt'}",freq,False,False,N/A,[],402,"[[35, 8, 7], [8, 304, 2], [8, 7, 23]]",0.9004938271604939,0.8078162041065268,0.758431472947602,0.7725849539536245,0.7251112351947705,0.09283891679511375,0.6322723183996568,1
957,NN,"{'hidden_layer_sizes': (256, 256), 'activation': 'tanh', 'alpha': 0.001, 'learning_rate_init': 0.0005, 'max_iter': 1000, 'early_stopping': False}",freq,True,False,N/A,"['printerBrandType', 'drugConcentration']",339,"[[26, 2, 0], [10, 290, 0], [3, 8, 0]]",0.9321773485513608,0.5537682719038651,0.6333333333333333,0.5831501226336234,0.6765628437839786,0.048859476964449804,0.6277033668195288,1
214,ET,"{'n_estimators': 200, 'max_depth': None, 'min_samples_split': 2, 'max_features': 0.5}",freq,True,False,N/A,[],402,"[[35, 7, 8], [10, 302, 2], [8, 8, 22]]",0.8930864197530864,0.7788917892143699,0.7479817374978666,0.756703094340103,0.7070209503826848,0.08761055231395949,0.6194103980687252,1
277,NN,"{'hidden_layer_sizes': (128,), 'activation': 'tanh', 'alpha': 0.01, 'learning_rate_init': 0.0005, 'max_iter': 1000, 'early_stopping': False}",freq,True,False,N/A,"['printerBrandType', 'relationExtrusionWeight']",338,"[[26, 2, 0], [10, 290, 0], [3, 6, 1]]",0.9378402107111501,0.6169981054053257,0.6666666666666666,0.6269492579788963,0.702814116318471,0.08953169721929176,0.6132824190991792,1
163,SVM,"{'C': 100, 'kernel': 'rbf', 'gamma': 'auto'}",freq,True,False,N/A,"['printerBrandType', 'relationExtrusionWeight', 'drugConcentration']",338,"[[26, 2, 0], [11, 289, 0], [3, 5, 2]]",0.9378841088674275,0.6801280705545779,0.6988888888888889,0.6681813492508679,0.7110493799652641,0.10102906776463111,0.6100203122006329,1
500,ET,"{'n_estimators': 500, 'max_depth': 20, 'min_samples_split': 2, 'max_features': 0.5}",freq,True,False,N/A,[],402,"[[35, 7, 8], [10, 301, 3], [8, 8, 22]]",0.8905864197530864,0.775152830795348,0.7469064686806622,0.7541828205605151,0.7021040428385953,0.09224425457073608,0.6098597882678592,1
781,SVM,"{'C': 10, 'kernel': 'poly', 'gamma': 'auto'}",freq,True,False,N/A,['printerBrandType'],339,"[[26, 2, 0], [12, 288, 0], [3, 8, 0]]",0.9262949956101844,0.5388632902429776,0.6311111111111111,0.5741733536554812,0.6554133055890121,0.05019353416676955,0.6052197714222426,1
48,ET,"{'n_estimators': 100, 'max_depth': 10, 'min_samples_split': 5, 'max_features': 0.5}",freq,True,False,N/A,[],402,"[[35, 9, 6], [9, 303, 2], [8, 12, 18]]",0.8855555555555554,0.7930133686103835,0.7121522444103089,0.7316003947822616,0.6734575061401946,0.07071303807107435,0.6027444680691203,1
555,ET,"{'n_estimators': 300, 'max_depth': 20, 'min_samples_split': 5, 'max_features': 0.5}",freq,True,False,N/A,[],402,"[[35, 9, 6], [9, 302, 3], [9, 10, 19]]",0.8855864197530863,0.7797348256159041,0.7194103089264379,0.7352527280997869,0.6805154896794366,0.07979516750487295,0.6007203221745637,1
456,RF,"{'n_estimators': 200, 'max_depth': 20, 'min_samples_split': 2, 'max_features': 'log2'}",freq,True,False,N/A,['relationExtrusionWeight'],389,"[[34, 7, 5], [9, 290, 7], [8, 9, 20]]",0.8843156843156843,0.757213274241705,0.7451767632254148,0.7411303783926285,0.6740488018222702,0.07497889486098744,0.5990699069612828,1
693,ET,"{'n_estimators': 100, 'max_depth': 30, 'min_samples_split': 2, 'max_features': 'sqrt'}",freq,True,False,N/A,"['printerBrandType', 'relationExtrusionWeight', 'drugConcentration']",338,"[[26, 2, 0], [9, 287, 4], [3, 5, 2]]",0.9321334503950833,0.6432412587088215,0.6966666666666667,0.6565473664476655,0.694428007440501,0.10853031456506725,0.5858976928754338,1
160,SVM,"{'C': 10, 'kernel': 'linear', 'gamma': 'scale'}",freq,True,False,N/A,"['printerBrandType', 'relationExtrusionWeight', 'drugConcentration']",338,"[[26, 1, 1], [12, 286, 2], [3, 7, 0]]",0.9230904302019315,0.5376470752599103,0.6288888888888888,0.572720292319676,0.6515326802729468,0.06879688330179114,0.5827357969711556,1
592,SVM,"{'C': 10, 'kernel': 'linear', 'gamma': 'auto'}",freq,True,False,N/A,"['printerBrandType', 'relationExtrusionWeight', 'drugConcentration']",338,"[[26, 1, 1], [12, 286, 2], [3, 7, 0]]",0.9230904302019315,0.5376470752599103,0.6288888888888888,0.572720292319676,0.6515326802729468,0.06879688330179114,0.5827357969711556,1
850,ET,"{'n_estimators': 100, 'max_depth': 20, 'min_samples_split': 5, 'max_features': 'log2'}",freq,False,False,N/A,[],402,"[[35, 9, 6], [8, 302, 4], [9, 13, 16]]",0.8781481481481481,0.7685803503545439,0.694410308926438,0.7117473310997394,0.6535282786436168,0.07083721357122287,0.582691065072394,1
753,RF,"{'n_estimators': 300, 'max_depth': None, 'min_samples_split': 5, 'max_features': 'log2'}",freq,False,False,N/A,"['relationExtrusionWeight', 'drugConcentration']",389,"[[34, 7, 5], [12, 291, 3], [7, 9, 21]]",0.8893772893772894,0.7744263740410118,0.7545501106606343,0.7569176902574773,0.6893133824024957,0.10736817248277285,0.5819452099197229,1
439,ET,"{'n_estimators': 100, 'max_depth': None, 'min_samples_split': 5, 'max_features': 'log2'}",freq,False,False,N/A,[],402,"[[35, 9, 6], [8, 301, 5], [9, 13, 16]]",0.8756481481481482,0.7655661841145711,0.6933350401092336,0.709445271924815,0.6485441676359454,0.07354659062505407,0.5749975770108913,1
625,ET,"{'n_estimators': 100, 'max_depth': None, 'min_samples_split': 5, 'max_features': 0.5}",freq,True,False,N/A,[],402,"[[35, 9, 6], [9, 302, 3], [9, 13, 16]]",0.8781790123456789,0.7702900682810043,0.694410308926438,0.7125528205998795,0.6539394617278367,0.0813278763231419,0.5726115854046948,1
211,ET,"{'n_estimators': 500, 'max_depth': 10, 'min_samples_split': 5, 'max_features': 'log2'}",freq,False,False,N/A,[],402,"[[32, 12, 6], [7, 305, 2], [8, 12, 18]]",0.883148148148148,0.79240187078148,0.694268646526711,0.7198348914303112,0.6583219284711075,0.0939451044584038,0.5643768240127037,1
405,ET,"{'n_estimators': 100, 'max_depth': 10, 'min_samples_split': 2, 'max_features': 'sqrt'}",freq,False,False,N/A,[],402,"[[31, 12, 7], [8, 305, 1], [8, 9, 21]]",0.8881481481481481,0.7895332336508807,0.7161734084314729,0.7410652398397054,0.6782583961499811,0.11519107887207361,0.5630673172779075,1
259,RF,"{'n_estimators': 200, 'max_depth': None, 'min_samples_split': 5, 'max_features': 'sqrt'}",freq,False,False,N/A,[],402,"[[34, 10, 6], [10, 301, 3], [9, 11, 18]]",0.8781481481481481,0.7580514323984473,0.7069064686806622,0.7208290670098131,0.654817541814718,0.09292324797032435,0.5618942938443936,1
70,NN,"{'hidden_layer_sizes': (128,), 'activation': 'tanh', 'alpha': 0.001, 'learning_rate_init': 0.0001, 'max_iter': 1000, 'early_stopping': False}",,False,False,N/A,['printerBrandType'],339,"[[26, 2, 0], [15, 285, 0], [3, 8, 0]]",0.9174714661984197,0.5217962407302282,0.6277777777777778,0.5620395508630803,0.6266961106113736,0.06597743523646661,0.560718675374907,1
121,RF,"{'n_estimators': 300, 'max_depth': 20, 'min_samples_split': 2, 'max_features': 'sqrt'}",,True,False,N/A,['printerBrandType'],339,"[[26, 2, 0], [15, 285, 0], [3, 8, 0]]",0.9174714661984197,0.5217962407302282,0.6277777777777778,0.5620395508630803,0.6266961106113736,0.06597743523646661,0.560718675374907,1
240,RF,"{'n_estimators': 100, 'max_depth': 30, 'min_samples_split': 10, 'max_features': 'log2'}",,False,False,N/A,['printerBrandType'],339,"[[26, 2, 0], [15, 285, 0], [3, 8, 0]]",0.9174714661984197,0.5217962407302282,0.6277777777777778,0.5620395508630803,0.6266961106113736,0.06597743523646661,0.560718675374907,1
302,NN,"{'hidden_layer_sizes': (256,), 'activation': 'tanh', 'alpha': 0.001, 'learning_rate_init': 0.001, 'max_iter': 1000, 'early_stopping': False}",,True,False,N/A,"['printerBrandType', 'drugConcentration']",339,"[[26, 2, 0], [15, 285, 0], [3, 8, 0]]",0.9174714661984197,0.5217962407302282,0.6277777777777778,0.5620395508630803,0.6266961106113736,0.06597743523646661,0.560718675374907,1
313,NN,"{'hidden_layer_sizes': (128, 128), 'activation': 'relu', 'alpha': 0.001, 'learning_rate_init': 0.0005, 'max_iter': 1000, 'early_stopping': False}",,True,False,N/A,['printerBrandType'],339,"[[26, 2, 0], [15, 285, 0], [3, 8, 0]]",0.9174714661984197,0.5217962407302282,0.6277777777777778,0.5620395508630803,0.6266961106113736,0.06597743523646661,0.560718675374907,1
431,RF,"{'n_estimators': 200, 'max_depth': 10, 'min_samples_split': 2, 'max_features': 'sqrt'}",,True,False,N/A,['printerBrandType'],339,"[[26, 2, 0], [15, 285, 0], [3, 8, 0]]",0.9174714661984197,0.5217962407302282,0.6277777777777778,0.5620395508630803,0.6266961106113736,0.06597743523646661,0.560718675374907,1
534,RF,"{'n_estimators': 200, 'max_depth': 30, 'min_samples_split': 5, 'max_features': 0.5}",,True,False,N/A,['printerBrandType'],339,"[[26, 2, 0], [15, 285, 0], [3, 8, 0]]",0.9174714661984197,0.5217962407302282,0.6277777777777778,0.5620395508630803,0.6266961106113736,0.06597743523646661,0.560718675374907,1
679,RF,"{'n_estimators': 200, 'max_depth': 10, 'min_samples_split': 5, 'max_features': 0.5}",,True,False,N/A,['printerBrandType'],339,"[[26, 2, 0], [15, 285, 0], [3, 8, 0]]",0.9174714661984197,0.5217962407302282,0.6277777777777778,0.5620395508630803,0.6266961106113736,0.06597743523646661,0.560718675374907,1
687,SVM,"{'C': 100, 'kernel': 'rbf', 'gamma': 'scale'}",,False,False,N/A,['printerBrandType'],339,"[[26, 2, 0], [15, 285, 0], [3, 8, 0]]",0.9174714661984197,0.5217962407302282,0.6277777777777778,0.5620395508630803,0.6266961106113736,0.06597743523646661,0.560718675374907,1
782,SVM,"{'C': 100, 'kernel': 'rbf', 'gamma': 'auto'}",,False,False,N/A,['printerBrandType'],339,"[[26, 2, 0], [15, 285, 0], [3, 8, 0]]",0.9174714661984197,0.5217962407302282,0.6277777777777778,0.5620395508630803,0.6266961106113736,0.06597743523646661,0.560718675374907,1
897,NN,"{'hidden_layer_sizes': (128,), 'activation': 'tanh', 'alpha': 0.0001, 'learning_rate_init': 0.0001, 'max_iter': 1000, 'early_stopping': False}",pca,True,False,5,"['printerBrandType', 'drugConcentration']",339,"[[26, 2, 0], [15, 285, 0], [3, 8, 0]]",0.9174714661984197,0.5217962407302282,0.6277777777777778,0.5620395508630803,0.6266961106113736,0.06597743523646661,0.560718675374907,1
914,SVM,"{'C': 0.1, 'kernel': 'linear', 'gamma': 'scale'}",pca,True,False,20,['printerBrandType'],339,"[[26, 2, 0], [15, 285, 0], [3, 8, 0]]",0.9174714661984197,0.5217962407302282,0.6277777777777778,0.5620395508630803,0.6266961106113736,0.06597743523646661,0.560718675374907,1
647,RF,"{'n_estimators': 500, 'max_depth': None, 'min_samples_split': 5, 'max_features': 'log2'}",freq,False,False,N/A,[],402,"[[34, 11, 5], [10, 301, 3], [8, 12, 18]]",0.8781790123456789,0.7741476633388398,0.7069235364396655,0.7252288337694733,0.6510996645220286,0.09497213217236515,0.5561275323496635,1
360,RF,"{'n_estimators': 100, 'max_depth': 10, 'min_samples_split': 2, 'max_features': 'log2'}",,True,False,N/A,"['printerBrandType', 'relationExtrusionWeight', 'drugConcentration']",338,"[[26, 2, 0], [15, 285, 0], [3, 7, 0]]",0.9201931518876207,0.5221976535272853,0.6277777777777778,0.5620047245321423,0.6362020191426009,0.08045748067977608,0.5557445384628248,1
387,NN,"{'hidden_layer_sizes': (128, 128), 'activation': 'relu', 'alpha': 0.001, 'learning_rate_init': 0.0001, 'max_iter': 1000, 'early_stopping': False}",,True,False,N/A,"['printerBrandType', 'relationExtrusionWeight', 'drugConcentration']",338,"[[26, 2, 0], [15, 285, 0], [3, 7, 0]]",0.9201931518876207,0.5221976535272853,0.6277777777777778,0.5620047245321423,0.6362020191426009,0.08045748067977608,0.5557445384628248,1
421,NN,"{'hidden_layer_sizes': (256,), 'activation': 'tanh', 'alpha': 0.0001, 'learning_rate_init': 0.0005, 'max_iter': 1000, 'early_stopping': False}",,True,False,N/A,"['printerBrandType', 'relationExtrusionWeight']",338,"[[26, 2, 0], [15, 285, 0], [3, 7, 0]]",0.9201931518876207,0.5221976535272853,0.6277777777777778,0.5620047245321423,0.6362020191426009,0.08045748067977608,0.5557445384628248,1
560,SVM,"{'C': 10, 'kernel': 'poly', 'gamma': 'scale'}",,True,False,N/A,"['printerBrandType', 'relationExtrusionWeight']",338,"[[26, 2, 0], [15, 285, 0], [3, 7, 0]]",0.9201931518876207,0.5221976535272853,0.6277777777777778,0.5620047245321423,0.6362020191426009,0.08045748067977608,0.5557445384628248,1
671,NN,"{'hidden_layer_sizes': (256,), 'activation': 'tanh', 'alpha': 0.01, 'learning_rate_init': 0.001, 'max_iter': 1000, 'early_stopping': False}",,True,False,N/A,"['printerBrandType', 'relationExtrusionWeight']",338,"[[26, 2, 0], [15, 285, 0], [3, 7, 0]]",0.9201931518876207,0.5221976535272853,0.6277777777777778,0.5620047245321423,0.6362020191426009,0.08045748067977608,0.5557445384628248,1
857,ET,"{'n_estimators': 300, 'max_depth': None, 'min_samples_split': 5, 'max_features': 'sqrt'}",,True,False,N/A,"['printerBrandType', 'relationExtrusionWeight', 'drugConcentration']",338,"[[26, 2, 0], [15, 285, 0], [3, 7, 0]]",0.9201931518876207,0.5221976535272853,0.6277777777777778,0.5620047245321423,0.6362020191426009,0.08045748067977608,0.5557445384628248,1
858,ET,"{'n_estimators': 300, 'max_depth': 20, 'min_samples_split': 10, 'max_features': 'sqrt'}",,False,False,N/A,"['printerBrandType', 'relationExtrusionWeight', 'drugConcentration']",338,"[[26, 2, 0], [15, 285, 0], [3, 7, 0]]",0.9201931518876207,0.5221976535272853,0.6277777777777778,0.5620047245321423,0.6362020191426009,0.08045748067977608,0.5557445384628248,1
777,SVM,"{'C': 1, 'kernel': 'rbf', 'gamma': 'auto'}",freq,True,True,N/A,"['relationExtrusionWeight', 'drugConcentration']",83,"[[39, 7], [8, 29]]",0.8191176470588235,0.8428418803418805,0.8190873015873015,0.8125708081048637,0.6341596217402669,0.07967523291275454,0.5544843888275123,1
410,ET,"{'n_estimators': 200, 'max_depth': 20, 'min_samples_split': 2, 'max_features': 0.5}",pca,False,False,20,"['printerBrandType', 'drugConcentration']",339,"[[23, 5, 0], [10, 286, 4], [0, 5, 6]]",0.9292800702370501,0.7515141301529685,0.7822222222222222,0.7449668384682854,0.6798079929046545,0.12696676900848514,0.5528412238961694,1
665,RF,"{'n_estimators': 100, 'max_depth': 10, 'min_samples_split': 5, 'max_features': 'log2'}",freq,True,False,N/A,[],402,"[[34, 11, 5], [11, 301, 2], [8, 11, 19]]",0.8806172839506173,0.7903410349703079,0.7152227342549924,0.7369095626055493,0.6630487038718953,0.11039642180179046,0.5526522820701049,1
351,RF,"{'n_estimators': 100, 'max_depth': 20, 'min_samples_split': 5, 'max_features': 'log2'}",,True,False,N/A,"['printerBrandType', 'relationExtrusionWeight']",338,"[[26, 2, 0], [15, 284, 1], [3, 7, 0]]",0.917208077260755,0.5221781717427538,0.6266666666666667,0.5614255097954002,0.6258814627850002,0.0739991567000479,0.5518823060849524,1
917,ET,"{'n_estimators': 200, 'max_depth': None, 'min_samples_split': 10, 'max_features': 0.5}",pca,True,False,10,[],402,"[[35, 9, 6], [11, 299, 4], [5, 15, 18]]",0.875679012345679,0.7630584458609293,0.7114396654719235,0.7280985549577959,0.64543242265571,0.0951750968377714,0.5502573258179386,1
434,ET,"{'n_estimators': 100, 'max_depth': 30, 'min_samples_split': 5, 'max_features': 'sqrt'}",pca,True,False,20,[],402,"[[31, 11, 8], [13, 295, 6], [7, 12, 19]]",0.8582098765432098,0.7379540692273137,0.6876489161973033,0.6971603533846011,0.6059911833518913,0.058034851162769546,0.5479563321891218,1
95,ET,"{'n_estimators': 100, 'max_depth': 30, 'min_samples_split': 5, 'max_features': 'log2'}",pca,True,False,15,['drugConcentration'],402,"[[33, 9, 8], [13, 299, 2], [6, 13, 19]]",0.8732098765432099,0.7605121661091812,0.7064396654719235,0.7225296096904861,0.6420449316022317,0.0955565617930692,0.5464883698091625,1
273,NN,"{'hidden_layer_sizes': (128, 128), 'activation': 'tanh', 'alpha': 0.0001, 'learning_rate_init': 0.0005, 'max_iter': 1000, 'early_stopping': False}",pca,False,False,10,['printerBrandType'],339,"[[26, 2, 0], [15, 284, 1], [3, 8, 0]]",0.9145302897278315,0.521739743555087,0.6266666666666667,0.5614513155689627,0.6182330354932585,0.07346158561541075,0.5447714498778478,1
573,ET,"{'n_estimators': 100, 'max_depth': 10, 'min_samples_split': 5, 'max_features': 'log2'}",freq,True,False,N/A,[],402,"[[30, 14, 6], [8, 303, 3], [8, 11, 19]]",0.8756481481481482,0.780586941653118,0.6871522444103089,0.7135859221001993,0.6376302983308775,0.09508462915063795,0.5425456691802395,1
895,ET,"{'n_estimators': 200, 'max_depth': None, 'min_samples_split': 10, 'max_features': 0.5}",freq,True,False,N/A,[],402,"[[35, 9, 6], [11, 297, 6], [8, 14, 16]]",0.8656481481481482,0.7691109246386689,0.6878605564089435,0.696545744988886,0.6260661712836638,0.0844982812287356,0.5415678900549282,1
69,ET,"{'n_estimators': 300, 'max_depth': None, 'min_samples_split': 10, 'max_features': 0.5}",pca,True,False,20,[],402,"[[33, 11, 6], [13, 295, 6], [7, 11, 20]]",0.865679012345679,0.7593057606968898,0.7092985151049668,0.7201520415002414,0.6299931899947054,0.09021243264613764,0.5397807573485678,1
471,ET,"{'n_estimators': 100, 'max_depth': 10, 'min_samples_split': 2, 'max_features': 0.5}",pca,False,False,15,[],402,"[[35, 7, 8], [14, 295, 5], [9, 12, 17]]",0.8631790123456791,0.7344454549871657,0.696458440006827,0.7010866352602687,0.6266158556749211,0.0920527835179923,0.5345630721569288,1
690,ET,"{'n_estimators': 300, 'max_depth': 10, 'min_samples_split': 2, 'max_features': 'sqrt'}",pca,False,False,20,[],402,"[[33, 11, 6], [14, 297, 3], [6, 15, 17]]",0.8632098765432099,0.7668515138501898,0.6864661204983785,0.7046535834535834,0.6101457001296924,0.0757589149532156,0.5343867851764768,1
374,ET,"{'n_estimators': 300, 'max_depth': None, 'min_samples_split': 10, 'max_features': 0.5}",freq,False,False,N/A,[],402,"[[35, 9, 6], [11, 297, 6], [8, 14, 16]]",0.8656481481481482,0.7645574822550146,0.6878605564089435,0.6945792008177617,0.62685561974364,0.09357334084624092,0.5332822788973991,1
87,RF,"{'n_estimators': 100, 'max_depth': 20, 'min_samples_split': 2, 'max_features': 0.5}",pca,True,False,20,"['printerBrandType', 'drugConcentration']",339,"[[23, 5, 0], [9, 291, 0], [0, 7, 4]]",0.9381474978050923,0.7630563319986906,0.7344444444444445,0.7354105231627805,0.6916063076562776,0.16291453481378274,0.5286917728424949,1
55,ET,"{'n_estimators': 500, 'max_depth': 10, 'min_samples_split': 2, 'max_features': 'sqrt'}",pca,True,False,15,[],402,"[[34, 10, 6], [13, 299, 2], [8, 13, 17]]",0.8707098765432099,0.7701183593095358,0.6964396654719235,0.7133743121852326,0.6332378841678248,0.10747663416593921,0.5257612500018856,1
852,SVM,"{'C': 100, 'kernel': 'rbf', 'gamma': 'auto'}",,False,False,N/A,"['printerBrandType', 'drugConcentration']",339,"[[25, 3, 0], [15, 280, 5], [3, 6, 2]]",0.9056189640035119,0.5580936483478857,0.6777777777777777,0.6025994210393188,0.602695721161871,0.0776752192916581,0.5250205018702129,1
452,ET,"{'n_estimators': 200, 'max_depth': 20, 'min_samples_split': 2, 'max_features': 0.5}",pca,False,False,20,[],402,"[[32, 10, 8], [11, 294, 9], [7, 12, 19]]",0.8582407407407407,0.7164145850761161,0.6944478579962452,0.6981602826660304,0.6100701692074769,0.08727536552571567,0.5227948036817612,1
230,ET,"{'n_estimators': 100, 'max_depth': 20, 'min_samples_split': 2, 'max_features': 0.5}",pca,True,False,10,[],402,"[[33, 9, 8], [13, 296, 5], [11, 10, 17]]",0.8607407407407408,0.7173335020288776,0.6841833077316948,0.6905679661449984,0.6200554651602759,0.099389023105292,0.5206664420549839,1
241,NN,"{'hidden_layer_sizes': (64,), 'activation': 'relu', 'alpha': 0.0001, 'learning_rate_init': 0.0001, 'max_iter': 1000, 'early_stopping': False}",freq,True,True,N/A,['relationExtrusionWeight'],83,"[[38, 8], [8, 29]]",0.8066176470588236,0.836478243978244,0.8079761904761904,0.7994242161347425,0.6113645064078381,0.09124763195123732,0.5201168744566008,1
171,RF,"{'n_estimators': 500, 'max_depth': None, 'min_samples_split': 10, 'max_features': 0.5}",freq,True,False,N/A,[],402,"[[32, 13, 5], [11, 297, 6], [4, 14, 20]]",0.8681481481481482,0.7800388075854494,0.7059557945041817,0.7283687338432434,0.6263054044555357,0.10807026652722651,0.5182351379283092,1
919,RF,"{'n_estimators': 500, 'max_depth': 20, 'min_samples_split': 10, 'max_features': 0.5}",freq,True,False,N/A,[],402,"[[32, 13, 5], [11, 297, 6], [4, 14, 20]]",0.8681481481481482,0.7800388075854494,0.7059557945041817,0.7283687338432434,0.6263054044555357,0.10807026652722651,0.5182351379283092,1
831,ET,"{'n_estimators': 200, 'max_depth': None, 'min_samples_split': 5, 'max_features': 'log2'}",pca,False,False,10,['relationExtrusionWeight'],389,"[[34, 8, 4], [11, 290, 5], [4, 16, 17]]",0.8766233766233766,0.763475673268794,0.7192596649682848,0.7255355814419128,0.633860455193936,0.11665271343805453,0.5172077417558815,1
170,SVM,"{'C': 100, 'kernel': 'linear', 'gamma': 'auto'}",pca,True,False,15,['printerBrandType'],339,"[[26, 2, 0], [15, 281, 4], [3, 8, 0]]",0.9057067603160668,0.5216020039205926,0.6233333333333333,0.5596656266446896,0.5936168326018301,0.07718304697067305,0.516433785631157,1
861,RF,"{'n_estimators': 200, 'max_depth': 20, 'min_samples_split': 10, 'max_features': 'sqrt'}",pca,False,False,20,[],402,"[[33, 11, 6], [16, 295, 3], [5, 17, 16]]",0.8557098765432098,0.7382716426668824,0.6736012971496843,0.6903145489754955,0.5886119301700489,0.07235458608763552,0.5162573440824133,1
50,ET,"{'n_estimators': 300, 'max_depth': 20, 'min_samples_split': 10, 'max_features': 'log2'}",freq,True,False,N/A,[],402,"[[34, 10, 6], [9, 299, 6], [8, 16, 14]]",0.8630864197530863,0.7572255507637422,0.6654531490015361,0.6809432339744059,0.6099135939494498,0.09541452606030187,0.5144990678891479,1
353,ET,"{'n_estimators': 200, 'max_depth': 20, 'min_samples_split': 2, 'max_features': 'sqrt'}",freq,False,True,N/A,['relationExtrusionWeight'],83,"[[40, 6], [10, 27]]",0.8066176470588236,0.826485458985459,0.800515873015873,0.7986447032499664,0.6053014725901469,0.09329794813989255,0.5120035244502543,1
707,RF,"{'n_estimators': 100, 'max_depth': 5, 'min_samples_split': 10, 'max_features': 'log2'}",pca,True,True,20,"['relationExtrusionWeight', 'drugConcentration']",83,"[[39, 7], [8, 29]]",0.8198529411764707,0.8416991341991341,0.8201984126984125,0.815658641324276,0.6373702081223808,0.12704785230187524,0.5103223558205056,1
331,RF,"{'n_estimators': 500, 'max_depth': 30, 'min_samples_split': 10, 'max_features': 'log2'}",freq,False,False,N/A,[],402,"[[32, 13, 5], [12, 295, 7], [5, 13, 20]]",0.8631481481481481,0.7642458854260018,0.7038223246287763,0.7207831716590645,0.6171780782528342,0.10703325367343365,0.5101448245794006,1
805,ET,"{'n_estimators': 300, 'max_depth': None, 'min_samples_split': 2, 'max_features': 0.5}",pca,False,False,10,[],402,"[[33, 9, 8], [13, 295, 6], [10, 11, 17]]",0.8582407407407407,0.7169835887069917,0.6831080389144905,0.6900035567485329,0.6141365014226271,0.10609733642429793,0.5080391649983291,1
128,SVM,"{'C': 100, 'kernel': 'rbf', 'gamma': 'scale'}",freq,True,False,N/A,[],402,"[[34, 10, 6], [19, 289, 6], [10, 15, 13]]",0.8358333333333334,0.6947040238318001,0.6453643966547192,0.6389638116119631,0.5501041192128934,0.044061330695035976,0.5060427885178574,1
44,ET,"{'n_estimators': 200, 'max_depth': 30, 'min_samples_split': 2, 'max_features': 0.5}",pca,True,False,10,[],402,"[[33, 9, 8], [13, 295, 6], [10, 10, 18]]",0.8607407407407408,0.7235723936776053,0.6926318484383001,0.6984476824546059,0.6233417678247877,0.11733950780311408,0.5060022600216736,1
607,ET,"{'n_estimators': 200, 'max_depth': None, 'min_samples_split': 2, 'max_features': 0.5}",pca,False,False,10,[],402,"[[33, 9, 8], [13, 295, 6], [10, 10, 18]]",0.8607407407407408,0.7235723936776053,0.6926318484383001,0.6984476824546059,0.6233417678247877,0.11733950780311408,0.5060022600216736,1
167,RF,"{'n_estimators': 500, 'max_depth': 30, 'min_samples_split': 10, 'max_features': 'log2'}",pca,True,False,15,[],402,"[[32, 12, 6], [15, 296, 3], [4, 17, 17]]",0.8582098765432098,0.7529313278736939,0.6775166410650282,0.7024495236059405,0.5948010382016563,0.08934582905806017,0.5054552091435961,1
479,NN,"{'hidden_layer_sizes': (64,), 'activation': 'relu', 'alpha': 0.0001, 'learning_rate_init': 0.0005, 'max_iter': 1000, 'early_stopping': False}",freq,True,False,N/A,['relationExtrusionWeight'],389,"[[28, 14, 4], [14, 285, 7], [4, 16, 17]]",0.8483183483183483,0.7178803366438877,0.6669697872685709,0.6824738712766749,0.5578783662813314,0.05425158812529862,0.5036267781560327,1
127,RF,"{'n_estimators': 200, 'max_depth': 30, 'min_samples_split': 10, 'max_features': 'sqrt'}",freq,True,False,N/A,[],402,"[[33, 12, 5], [11, 297, 6], [5, 14, 19]]",0.8681172839506172,0.7717340530406348,0.7042891278375149,0.7242581036110759,0.6281954272698477,0.1257515468371707,0.502443880432677,1
202,RF,"{'n_estimators': 100, 'max_depth': 5, 'min_samples_split': 2, 'max_features': 0.5}",pca,False,False,20,['relationExtrusionWeight'],389,"[[33, 8, 5], [15, 290, 1], [3, 24, 10]]",0.856077256077256,0.709782486032486,0.6432720013206528,0.6538521717140731,0.5618789300700373,0.06709497270958897,0.49478395736044833,1
887,ET,"{'n_estimators': 100, 'max_depth': 10, 'min_samples_split': 5, 'max_features': 'log2'}",pca,True,False,10,[],402,"[[35, 8, 7], [13, 298, 3], [7, 19, 12]]",0.8582098765432098,0.7175283678794813,0.6568100358422939,0.6711102095624493,0.5914205356166397,0.10243041128891879,0.4889901243277209,1
136,RF,"{'n_estimators': 200, 'max_depth': 20, 'min_samples_split': 2, 'max_features': 'sqrt'}",pca,False,False,20,['relationExtrusionWeight'],389,"[[32, 9, 5], [18, 286, 2], [5, 15, 17]]",0.8612387612387613,0.7412414092498838,0.701572374293157,0.7054480756836489,0.5998855372988557,0.11341893266347622,0.4864666046353795,1
42,ET,"{'n_estimators': 300, 'max_depth': 10, 'min_samples_split': 5, 'max_features': 'sqrt'}",pca,True,False,20,[],402,"[[35, 9, 6], [16, 295, 3], [6, 21, 11]]",0.8482098765432099,0.7324358749009688,0.6428870114353986,0.6573340216336544,0.5642742858381911,0.07784121433318736,0.4864330715050037,1
292,ET,"{'n_estimators': 300, 'max_depth': None, 'min_samples_split': 10, 'max_features': 'sqrt'}",pca,True,False,20,[],402,"[[35, 9, 6], [15, 291, 8], [6, 18, 14]]",0.8457716049382716,0.726831386585485,0.6660010240655402,0.6765352553991898,0.5734561412847536,0.09107746410713617,0.48237867717761745,1
505,NN,"{'hidden_layer_sizes': (256, 256), 'activation': 'relu', 'alpha': 0.0001, 'learning_rate_init': 0.001, 'max_iter': 1000, 'early_stopping': False}",pca,False,True,5,[],88,"[[44, 6], [7, 31]]",0.8522875816993463,0.8508658008658008,0.8471428571428572,0.8483516483516482,0.6969760166840459,0.22122002269824528,0.4757559939858006,1
49,RF,"{'n_estimators': 100, 'max_depth': 5, 'min_samples_split': 10, 'max_features': 'log2'}",pca,True,True,15,"['relationExtrusionWeight', 'drugConcentration']",83,"[[37, 9], [9, 28]]",0.7830882352941176,0.8079617604617605,0.7836904761904762,0.7775387185913502,0.5645080413598837,0.09058893040289626,0.47391911095698747,1
911,RF,"{'n_estimators': 500, 'max_depth': None, 'min_samples_split': 10, 'max_features': 'sqrt'}",pca,True,True,15,"['relationExtrusionWeight', 'drugConcentration']",83,"[[37, 9], [9, 28]]",0.7830882352941176,0.8079617604617605,0.7836904761904762,0.7775387185913502,0.5645080413598837,0.09058893040289626,0.47391911095698747,1
33,SVM,"{'C': 10, 'kernel': 'rbf', 'gamma': 'auto'}",freq,True,False,N/A,[],402,"[[31, 13, 6], [18, 289, 7], [9, 13, 16]]",0.835895061728395,0.7007535910341405,0.6527282812766683,0.6508846865249335,0.5473222139280816,0.07459666865096938,0.4727255452771122,1
490,ET,"{'n_estimators': 100, 'max_depth': 10, 'min_samples_split': 10, 'max_features': 0.5}",pca,False,False,10,[],402,"[[35, 9, 6], [13, 297, 4], [6, 20, 12]]",0.8557716049382715,0.7105625476300789,0.6569423109745689,0.6691378506243421,0.582252402623826,0.11155709976653991,0.4706953028572861,1
843,RF,"{'n_estimators': 200, 'max_depth': 10, 'min_samples_split': 2, 'max_features': 'sqrt'}",pca,False,False,15,[],402,"[[31, 13, 6], [12, 298, 4], [8, 15, 15]]",0.8558024691358025,0.7409820852074374,0.6587147977470559,0.6755063245160531,0.5786537863011317,0.11086845441938238,0.46778533188174937,1
737,ET,"{'n_estimators': 100, 'max_depth': 30, 'min_samples_split': 5, 'max_features': 'sqrt'}",pca,False,True,20,[],88,"[[41, 9], [8, 30]]",0.8071895424836601,0.8090728715728716,0.8046428571428571,0.8033955080007711,0.6091570264738855,0.1435872869321233,0.4655697395417622,1
567,RF,"{'n_estimators': 500, 'max_depth': 10, 'min_samples_split': 10, 'max_features': 0.5}",freq,True,False,N/A,[],402,"[[30, 15, 5], [11, 297, 6], [4, 14, 20]]",0.8632098765432099,0.7704426810721424,0.6926224611708482,0.7181401640364425,0.6053661489258325,0.1432299568915438,0.4621361920342887,1
808,ET,"{'n_estimators': 300, 'max_depth': None, 'min_samples_split': 5, 'max_features': 0.5}",freq,False,True,N/A,"['relationExtrusionWeight', 'drugConcentration']",83,"[[38, 8], [9, 28]]",0.7941176470588236,0.809484126984127,0.7919047619047619,0.7888433281544737,0.5846630190521748,0.12419708964855425,0.4604659294036205,1
262,RF,"{'n_estimators': 200, 'max_depth': 10, 'min_samples_split': 5, 'max_features': 0.5}",pca,True,False,10,[],402,"[[30, 14, 6], [14, 297, 3], [10, 15, 13]]",0.8458333333333332,0.7260778076074359,0.6319252432155659,0.6504305054741714,0.552758350460227,0.09723075516426725,0.45552759529595976,1
826,NN,"{'hidden_layer_sizes': (128, 128), 'activation': 'tanh', 'alpha': 0.01, 'learning_rate_init': 0.0005, 'max_iter': 1000, 'early_stopping': False}",freq,True,False,N/A,[],402,"[[31, 13, 6], [16, 291, 7], [8, 16, 14]]",0.8358641975308642,0.6903531332765203,0.6369875405359278,0.6457589956788146,0.5391200340838649,0.08372252764008832,0.4553975064437766,1
609,RF,"{'n_estimators': 300, 'max_depth': 20, 'min_samples_split': 2, 'max_features': 'log2'}",pca,False,False,5,[],402,"[[31, 11, 8], [15, 292, 7], [9, 14, 15]]",0.8408333333333333,0.6659158980031845,0.6523314558798431,0.6506660716006797,0.5565070486297053,0.10406473649581655,0.4524423121338888,1
824,RF,"{'n_estimators': 300, 'max_depth': 20, 'min_samples_split': 2, 'max_features': 0.5}",pca,True,False,5,[],402,"[[31, 11, 8], [15, 292, 7], [9, 14, 15]]",0.8408333333333333,0.6659158980031845,0.6523314558798431,0.6506660716006797,0.5565070486297053,0.10406473649581655,0.4524423121338888,1
621,ET,"{'n_estimators': 200, 'max_depth': 20, 'min_samples_split': 10, 'max_features': 'sqrt'}",freq,False,False,N/A,['printerBrandType'],339,"[[23, 5, 0], [10, 290, 0], [3, 8, 0]]",0.9233538191395961,0.5358370000086785,0.6,0.5593574361601269,0.6147723198700596,0.16322167114583036,0.4515506487242293,1
698,ET,"{'n_estimators': 100, 'max_depth': 20, 'min_samples_split': 10, 'max_features': 'sqrt'}",freq,False,False,N/A,['printerBrandType'],339,"[[23, 5, 0], [10, 290, 0], [3, 8, 0]]",0.9233538191395961,0.5358370000086785,0.6,0.5593574361601269,0.6147723198700596,0.16322167114583036,0.4515506487242293,1
739,NN,"{'hidden_layer_sizes': (256, 256), 'activation': 'tanh', 'alpha': 0.001, 'learning_rate_init': 0.0005, 'max_iter': 1000, 'early_stopping': False}",freq,True,False,N/A,[],402,"[[31, 13, 6], [15, 293, 6], [6, 17, 15]]",0.8433024691358024,0.7047689116439115,0.6486277521761392,0.6636716949460402,0.5546379370860648,0.1041271698925788,0.450510767193486,1
742,ET,"{'n_estimators': 100, 'max_depth': 30, 'min_samples_split': 5, 'max_features': 0.5}",pca,True,False,5,[],402,"[[30, 12, 8], [13, 291, 10], [8, 16, 14]]",0.833395061728395,0.6620554647299952,0.6338923024406895,0.6417675119835933,0.5342930344601035,0.0868040733396825,0.44748896112042097,1
358,NN,"{'hidden_layer_sizes': (64, 64), 'activation': 'relu', 'alpha': 0.0001, 'learning_rate_init': 0.001, 'max_iter': 1000, 'early_stopping': False}",freq,False,False,N/A,[],402,"[[28, 16, 6], [15, 293, 6], [5, 18, 15]]",0.8357716049382716,0.7023893036885451,0.6274202082266599,0.6448390368160795,0.5247691584505347,0.08287059794139509,0.44189856050913967,1
806,RF,"{'n_estimators': 100, 'max_depth': 10, 'min_samples_split': 2, 'max_features': 'sqrt'}",pca,True,False,20,[],402,"[[30, 14, 6], [12, 295, 7], [9, 15, 14]]",0.8433333333333332,0.7138918488918489,0.6393155828639701,0.6527508403528086,0.5493622001786402,0.1075762621311327,0.44178593804750754,1
154,RF,"{'n_estimators': 200, 'max_depth': 10, 'min_samples_split': 2, 'max_features': 'log2'}",pca,False,False,10,[],402,"[[32, 12, 6], [14, 298, 2], [9, 15, 14]]",0.8558641975308643,0.7471258682119337,0.6558576548899129,0.671763485128901,0.581691716468564,0.13992620254586408,0.4417655139226999,1
336,RF,"{'n_estimators': 200, 'max_depth': None, 'min_samples_split': 10, 'max_features': 'log2'}",pca,False,False,5,[],402,"[[30, 13, 7], [13, 295, 6], [10, 19, 9]]",0.8308024691358025,0.6414688104397328,0.5928870114353986,0.5991481797317064,0.5088834522411708,0.06747100221467299,0.4414124500264978,1
743,NN,"{'hidden_layer_sizes': (256, 256), 'activation': 'relu', 'alpha': 0.0001, 'learning_rate_init': 0.0001, 'max_iter': 1000, 'early_stopping': False}",pca,True,True,20,[],88,"[[39, 11], [6, 32]]",0.8071895424836601,0.8111868686868687,0.8114285714285714,0.8058813700918964,0.6150456520941239,0.1748320660659526,0.4402135860281713,1
545,SVM,"{'C': 10, 'kernel': 'poly', 'gamma': 'auto'}",freq,True,False,N/A,[],402,"[[29, 16, 5], [14, 293, 7], [8, 17, 13]]",0.8332716049382716,0.7106473287329874,0.6162126642771804,0.6320117028717559,0.5208685301424739,0.08136637726479244,0.43950215287768146,1
661,SVM,"{'C': 10, 'kernel': 'poly', 'gamma': 'scale'}",freq,True,False,N/A,[],402,"[[29, 16, 5], [14, 293, 7], [8, 17, 13]]",0.8332716049382716,0.7106473287329874,0.6162126642771804,0.6320117028717559,0.5208685301424739,0.08136637726479244,0.43950215287768146,1
153,RF,"{'n_estimators': 200, 'max_depth': 20, 'min_samples_split': 5, 'max_features': 'log2'}",pca,True,False,20,[],402,"[[30, 14, 6], [14, 295, 5], [7, 16, 15]]",0.8458333333333332,0.7186724386724386,0.6488393923877795,0.6626062746725043,0.5536938383235575,0.11423718024619947,0.439456658077358,1
773,RF,"{'n_estimators': 100, 'max_depth': 10, 'min_samples_split': 5, 'max_features': 'sqrt'}",pca,True,False,20,[],402,"[[31, 13, 6], [14, 295, 5], [8, 16, 14]]",0.8458333333333332,0.7139217112577768,0.6459822495306367,0.6561423330924959,0.5550091577091177,0.11659989767443255,0.43840926003468517,1
620,ET,"{'n_estimators': 500, 'max_depth': None, 'min_samples_split': 10, 'max_features': 'sqrt'}",pca,False,False,5,[],402,"[[33, 12, 5], [13, 299, 2], [9, 23, 6]]",0.8408024691358025,0.7057246361621206,0.5909464072367299,0.5986737111380498,0.5191310248352774,0.08556801452903864,0.4335630103062388,1
868,RF,"{'n_estimators': 300, 'max_depth': 20, 'min_samples_split': 5, 'max_features': 0.5}",pca,False,False,10,[],402,"[[31, 13, 6], [15, 297, 2], [8, 15, 15]]",0.8533333333333333,0.7411096970143254,0.6576224611708483,0.6757553244049571,0.5768105867407581,0.14432834314368018,0.432482243597078,1
666,RF,"{'n_estimators': 500, 'max_depth': 10, 'min_samples_split': 5, 'max_features': 0.5}",pca,True,False,5,[],402,"[[31, 11, 8], [14, 295, 5], [9, 17, 12]]",0.8408024691358025,0.6630370032982482,0.6281251066734939,0.6309008483857482,0.544122030818135,0.1123798925223066,0.4317421382958284,1
731,RF,"{'n_estimators': 500, 'max_depth': 30, 'min_samples_split': 5, 'max_features': 'log2'}",pca,False,False,15,[],402,"[[32, 12, 6], [14, 297, 3], [7, 16, 15]]",0.8558333333333332,0.7440686939047595,0.664289127837515,0.6814936789385578,0.5823491999870052,0.15211697914403918,0.430232220842966,1
46,RF,"{'n_estimators': 500, 'max_depth': None, 'min_samples_split': 10, 'max_features': 'log2'}",freq,True,False,N/A,"['printerBrandType', 'relationExtrusionWeight']",338,"[[22, 6, 0], [9, 291, 0], [3, 5, 2]]",0.9319139596136962,0.6579662698412698,0.6477777777777778,0.6351924795937917,0.6295016860614575,0.1999188443769485,0.429582841684509,1
603,RF,"{'n_estimators': 500, 'max_depth': None, 'min_samples_split': 5, 'max_features': 'sqrt'}",freq,True,False,N/A,"['printerBrandType', 'relationExtrusionWeight']",338,"[[22, 6, 0], [9, 291, 0], [3, 5, 2]]",0.9319139596136962,0.6579662698412698,0.6477777777777778,0.6351924795937917,0.6295016860614575,0.1999188443769485,0.429582841684509,1
386,ET,"{'n_estimators': 200, 'max_depth': 30, 'min_samples_split': 2, 'max_features': 'log2'}",pca,True,False,5,[],402,"[[31, 11, 8], [13, 290, 11], [10, 12, 16]]",0.8383641975308642,0.678426272466494,0.6585142515787676,0.6580257486630267,0.5581285792079642,0.12889883915023662,0.4292297400577276,1
776,NN,"{'hidden_layer_sizes': (64,), 'activation': 'tanh', 'alpha': 0.0001, 'learning_rate_init': 0.001, 'max_iter': 1000, 'early_stopping': False}",freq,True,True,N/A,['drugConcentration'],88,"[[42, 8], [8, 30]]",0.8176470588235294,0.8154689754689756,0.8128571428571428,0.8129204232300207,0.6261823658903951,0.197177839121153,0.4290045267692421,1
962,RF,"{'n_estimators': 500, 'max_depth': 20, 'min_samples_split': 5, 'max_features': 0.5}",pca,True,False,10,[],402,"[[31, 13, 6], [16, 296, 2], [8, 15, 15]]",0.8508641975308642,0.7385717859342148,0.6565642601126472,0.6739380238090307,0.5719428306391112,0.14855192133714112,0.4233909093019701,1
143,NN,"{'hidden_layer_sizes': (64, 64), 'activation': 'relu', 'alpha': 0.01, 'learning_rate_init': 0.001, 'max_iter': 1000, 'early_stopping': False}",pca,True,False,5,['relationExtrusionWeight'],389,"[[32, 9, 5], [14, 287, 5], [6, 23, 8]]",0.8406260406260404,0.6755297459263614,0.6173478381304929,0.6214266457271755,0.5253187661952197,0.10304274138479147,0.4222760248104282,1
181,NN,"{'hidden_layer_sizes': (64, 64), 'activation': 'relu', 'alpha': 0.001, 'learning_rate_init': 0.0005, 'max_iter': 1000, 'early_stopping': False}",pca,True,True,15,[],88,"[[40, 10], [7, 31]]",0.8071895424836601,0.8100144300144299,0.8071428571428572,0.8038293131017589,0.6124115450111405,0.19597748498771947,0.416434060023421,1
407,NN,"{'hidden_layer_sizes': (256,), 'activation': 'relu', 'alpha': 0.001, 'learning_rate_init': 0.0001, 'max_iter': 1000, 'early_stopping': False}",freq,True,False,N/A,[],402,"[[29, 15, 6], [12, 295, 7], [7, 19, 12]]",0.8358024691358026,0.7128032512666719,0.6112032770097287,0.6305430037502564,0.5200146699610593,0.10553845752106968,0.4144762124399896,1
496,NN,"{'hidden_layer_sizes': (256, 256), 'activation': 'tanh', 'alpha': 0.001, 'learning_rate_init': 0.0005, 'max_iter': 1000, 'early_stopping': False}",freq,True,True,N/A,"['relationExtrusionWeight', 'drugConcentration']",83,"[[38, 8], [11, 26]]",0.7698529411764705,0.7950172050172051,0.766904761904762,0.7620889567948392,0.5350275389712009,0.12122593476100822,0.4138016042101927,1
481,NN,"{'hidden_layer_sizes': (128, 128), 'activation': 'relu', 'alpha': 0.0001, 'learning_rate_init': 0.001, 'max_iter': 1000, 'early_stopping': False}",pca,True,False,15,[],402,"[[28, 16, 6], [18, 289, 7], [9, 16, 13]]",0.8209259259259258,0.6573203709636347,0.6065036695681857,0.6166163097128674,0.49712925788480106,0.08481895820296931,0.41231029968183175,1
669,SVM,"{'C': 10, 'kernel': 'linear', 'gamma': 'scale'}",freq,True,False,N/A,[],402,"[[36, 11, 3], [17, 292, 5], [8, 28, 2]]",0.8208333333333334,0.5413701594138038,0.566600102406554,0.5427889136912463,0.46969332004465,0.05909719143370619,0.4105961286109438,1
484,NN,"{'hidden_layer_sizes': (256, 256), 'activation': 'relu', 'alpha': 0.01, 'learning_rate_init': 0.0001, 'max_iter': 1000, 'early_stopping': False}",freq,True,False,N/A,[],402,"[[32, 12, 6], [16, 293, 5], [6, 20, 12]]",0.8383333333333333,0.7032387164383433,0.6302944188428059,0.6455474969397967,0.5341364672902286,0.1328669788124378,0.40126948847779076,1
370,SVM,"{'C': 100, 'kernel': 'poly', 'gamma': 'scale'}",freq,True,False,N/A,[],402,"[[31, 14, 5], [19, 289, 6], [8, 15, 15]]",0.8332407407407407,0.6920829673196145,0.6431703362348523,0.6466988118789636,0.5348848606960067,0.13385292830646395,0.40103193238954277,1
659,SVM,"{'C': 100, 'kernel': 'poly', 'gamma': 'auto'}",freq,True,False,N/A,[],402,"[[31, 14, 5], [19, 289, 6], [8, 15, 15]]",0.8332407407407407,0.6920829673196145,0.6431703362348523,0.6466988118789636,0.5348848606960067,0.13385292830646395,0.40103193238954277,1
412,NN,"{'hidden_layer_sizes': (128, 128), 'activation': 'tanh', 'alpha': 0.0001, 'learning_rate_init': 0.001, 'max_iter': 1000, 'early_stopping': False}",pca,True,True,10,['drugConcentration'],88,"[[42, 8], [10, 28]]",0.7967320261437908,0.8066777666777666,0.7896428571428571,0.7907761386547226,0.5846239243319535,0.18648168444988175,0.39814223988207176,1
918,NN,"{'hidden_layer_sizes': (256,), 'activation': 'relu', 'alpha': 0.0001, 'learning_rate_init': 0.0005, 'max_iter': 1000, 'early_stopping': False}",freq,True,False,N/A,[],402,"[[31, 12, 7], [16, 291, 7], [6, 18, 14]]",0.8358641975308642,0.6881907877069168,0.6393684929168801,0.6474651689843337,0.5345291066980413,0.13758789678316918,0.39694120991487214,1
833,ET,"{'n_estimators': 500, 'max_depth': 10, 'min_samples_split': 10, 'max_features': 'sqrt'}",pca,False,True,20,[],88,"[[42, 8], [10, 28]]",0.7954248366013073,0.8045313020313021,0.7878571428571429,0.788156155438764,0.5805037929846546,0.18508803970577054,0.39541575327888406,1
993,ET,"{'n_estimators': 300, 'max_depth': 10, 'min_samples_split': 10, 'max_features': 'log2'}",pca,False,True,20,[],88,"[[42, 8], [10, 28]]",0.7954248366013073,0.8045313020313021,0.7878571428571429,0.788156155438764,0.5805037929846546,0.18508803970577054,0.39541575327888406,1
836,ET,"{'n_estimators': 100, 'max_depth': None, 'min_samples_split': 5, 'max_features': 0.5}",pca,True,True,15,[],88,"[[42, 8], [10, 28]]",0.7960784313725491,0.7975577200577201,0.7878571428571428,0.7904704351376177,0.5821849045756464,0.18798050483784234,0.3942043997378041,1
176,NN,"{'hidden_layer_sizes': (256, 256), 'activation': 'relu', 'alpha': 0.01, 'learning_rate_init': 0.0001, 'max_iter': 1000, 'early_stopping': False}",pca,True,True,10,[],88,"[[41, 9], [8, 30]]",0.8071895424836601,0.8088383838383837,0.8046428571428571,0.8039642091654475,0.6092117415779986,0.21504642008815666,0.39416532148984196,1
984,RF,"{'n_estimators': 500, 'max_depth': 10, 'min_samples_split': 10, 'max_features': 0.5}",freq,True,False,N/A,['printerBrandType'],339,"[[22, 6, 0], [10, 290, 0], [3, 6, 2]]",0.9261194029850746,0.6579227644829679,0.6466666666666667,0.6349096777356013,0.6156680450935067,0.22209774259887136,0.3935703024946353,1
274,NN,"{'hidden_layer_sizes': (64, 64), 'activation': 'relu', 'alpha': 0.01, 'learning_rate_init': 0.001, 'max_iter': 1000, 'early_stopping': False}",pca,True,False,15,[],402,"[[30, 14, 6], [17, 293, 4], [8, 18, 12]]",0.833395061728395,0.6786429709687413,0.6169781532684758,0.6302488760000571,0.5185960763218407,0.1264085828045935,0.3921874935172472,1
944,NN,"{'hidden_layer_sizes': (256,), 'activation': 'tanh', 'alpha': 0.01, 'learning_rate_init': 0.001, 'max_iter': 1000, 'early_stopping': False}",freq,True,False,N/A,[],402,"[[29, 15, 6], [17, 290, 7], [8, 17, 13]]",0.8258641975308642,0.6760587978329913,0.61426267281106,0.6199163155580536,0.5034876707583873,0.1133154201367793,0.390172250621608,1
725,ET,"{'n_estimators': 200, 'max_depth': 20, 'min_samples_split': 5, 'max_features': 'log2'}",pca,True,True,15,[],88,"[[41, 9], [8, 30]]",0.8071895424836601,0.8104365079365079,0.8028571428571428,0.8014583361255188,0.6054780395351929,0.22000407226318336,0.3854739672720095,1
780,RF,"{'n_estimators': 200, 'max_depth': 30, 'min_samples_split': 2, 'max_features': 0.5}",pca,False,True,20,['drugConcentration'],88,"[[42, 8], [10, 28]]",0.7960784313725491,0.8111113886113885,0.7878571428571429,0.7875601570099483,0.5829989350696058,0.19837558580450662,0.3846233492650991,1
368,NN,"{'hidden_layer_sizes': (128, 128), 'activation': 'relu', 'alpha': 0.01, 'learning_rate_init': 0.001, 'max_iter': 1000, 'early_stopping': False}",pca,False,True,20,[],88,"[[38, 12], [7, 31]]",0.7862745098039217,0.7899025974025975,0.7889285714285714,0.7839655511327338,0.5732450358926997,0.1890706062441722,0.3841744296485275,1
178,ET,"{'n_estimators': 100, 'max_depth': 10, 'min_samples_split': 10, 'max_features': 'log2'}",pca,False,False,20,[],402,"[[31, 13, 6], [16, 295, 3], [4, 25, 9]]",0.8333333333333333,0.7003411300466784,0.5995366103430619,0.6212715116589421,0.5020827556381816,0.11917333794716216,0.38290941769101944,1
539,ET,"{'n_estimators': 100, 'max_depth': 10, 'min_samples_split': 10, 'max_features': 'sqrt'}",pca,False,False,20,[],402,"[[31, 13, 6], [16, 295, 3], [4, 25, 9]]",0.8333333333333333,0.7003411300466784,0.5995366103430619,0.6212715116589421,0.5020827556381816,0.11917333794716216,0.38290941769101944,1
391,NN,"{'hidden_layer_sizes': (64,), 'activation': 'relu', 'alpha': 0.001, 'learning_rate_init': 0.001, 'max_iter': 1000, 'early_stopping': False}",pca,True,False,20,[],402,"[[30, 14, 6], [18, 291, 5], [3, 24, 11]]",0.825925925925926,0.668832030705226,0.6065113500597371,0.6174335407500723,0.4882091936364562,0.10585939767891515,0.38234979595754104,1
276,SVM,"{'C': 100, 'kernel': 'rbf', 'gamma': 'auto'}",pca,True,True,20,[],88,"[[41, 9], [7, 31]]",0.8169934640522876,0.8157828282828283,0.8153571428571429,0.8127727973780605,0.627876420357282,0.2465982088222358,0.38127821153504615,1
605,SVM,"{'C': 1, 'kernel': 'poly', 'gamma': 'scale'}",pca,True,True,15,[],88,"[[48, 2], [19, 19]]",0.7607843137254903,0.8132417582417583,0.7282142857142857,0.7298185872098916,0.4822291785153376,0.1016656085509099,0.3805635699644277,1
561,RF,"{'n_estimators': 200, 'max_depth': 5, 'min_samples_split': 2, 'max_features': 0.5}",freq,False,False,N/A,[],402,"[[28, 17, 5], [13, 299, 2], [7, 18, 13]]",0.8458333333333334,0.735963480963481,0.6207083119986345,0.652084088038984,0.534691303141176,0.1557021681695403,0.37898913497163567,1
628,NN,"{'hidden_layer_sizes': (128, 128), 'activation': 'relu', 'alpha': 0.0001, 'learning_rate_init': 0.0005, 'max_iter': 1000, 'early_stopping': False}",pca,False,True,15,[],88,"[[38, 12], [6, 32]]",0.7954248366013073,0.7968470418470419,0.7996428571428572,0.7930384785493144,0.59083235372392,0.2124216073232709,0.3784107464006491,1
401,NN,"{'hidden_layer_sizes': (64, 64), 'activation': 'tanh', 'alpha': 0.01, 'learning_rate_init': 0.001, 'max_iter': 1000, 'early_stopping': False}",pca,True,False,20,[],402,"[[30, 14, 6], [19, 287, 8], [9, 17, 12]]",0.8184259259259259,0.6498664059954382,0.6105777436422597,0.6144472359316095,0.49320658698244246,0.1164450716515248,0.3767615153309177,1
307,NN,"{'hidden_layer_sizes': (128,), 'activation': 'tanh', 'alpha': 0.01, 'learning_rate_init': 0.0005, 'max_iter': 1000, 'early_stopping': False}",pca,True,True,10,[],88,"[[39, 11], [8, 30]]",0.7843137254901962,0.7817063492063492,0.7846428571428572,0.7816839893852278,0.5643062493062494,0.19007472842694673,0.37423152087930267,1
231,SVM,"{'C': 100, 'kernel': 'linear', 'gamma': 'auto'}",freq,True,False,N/A,[],402,"[[34, 13, 3], [19, 291, 4], [8, 28, 2]]",0.813395061728395,0.5276789200975646,0.5522085680150196,0.5289828624922367,0.4425157493499808,0.0691188104458562,0.37339693890412456,1
583,RF,"{'n_estimators': 200, 'max_depth': None, 'min_samples_split': 10, 'max_features': 'sqrt'}",pca,True,True,10,[],88,"[[39, 11], [8, 30]]",0.7843137254901962,0.7850721500721501,0.7846428571428572,0.7811125853850311,0.5637160465687788,0.1904344980840326,0.37328154848474626,1
639,RF,"{'n_estimators': 500, 'max_depth': 10, 'min_samples_split': 10, 'max_features': 'log2'}",pca,True,True,10,[],88,"[[39, 11], [8, 30]]",0.7843137254901962,0.7850721500721501,0.7846428571428572,0.7811125853850311,0.5637160465687788,0.1904344980840326,0.37328154848474626,1
183,ET,"{'n_estimators': 100, 'max_depth': 20, 'min_samples_split': 5, 'max_features': 'sqrt'}",pca,True,False,20,"['printerBrandType', 'relationExtrusionWeight']",338,"[[20, 8, 0], [9, 291, 0], [0, 6, 4]]",0.9320456540825285,0.7001650650914335,0.6922222222222222,0.6760741694431533,0.6074179784370315,0.23443925195677331,0.3729787264802582,1
152,NN,"{'hidden_layer_sizes': (64,), 'activation': 'tanh', 'alpha': 0.01, 'learning_rate_init': 0.001, 'max_iter': 1000, 'early_stopping': False}",pca,False,True,15,[],88,"[[41, 9], [10, 28]]",0.7823529411764706,0.7855952380952381,0.7742857142857142,0.7728982438270364,0.5499929460177003,0.17883564491911533,0.371157301098585,1
784,NN,"{'hidden_layer_sizes': (128,), 'activation': 'relu', 'alpha': 0.0001, 'learning_rate_init': 0.0001, 'max_iter': 1000, 'early_stopping': False}",freq,True,False,N/A,[],402,"[[28, 16, 6], [12, 294, 8], [7, 21, 10]]",0.8258950617283951,0.6826621505373358,0.5868117426181942,0.6037724771750889,0.48333592973670275,0.11507765990078614,0.3682582698359166,1
113,SVM,"{'C': 100, 'kernel': 'rbf', 'gamma': 'scale'}",pca,True,False,10,[],402,"[[32, 14, 4], [22, 286, 6], [11, 18, 9]]",0.8134876543209877,0.6201662886307461,0.5954377880184332,0.5841399991408264,0.48272276098556094,0.11537441665681958,0.36734834432874136,1
672,NN,"{'hidden_layer_sizes': (128,), 'activation': 'relu', 'alpha': 0.0001, 'learning_rate_init': 0.0005, 'max_iter': 1000, 'early_stopping': False}",freq,False,False,N/A,[],402,"[[27, 18, 5], [13, 295, 6], [3, 28, 7]]",0.8184567901234567,0.6390023618749475,0.555046936337259,0.5747005391822588,0.4320062101645915,0.06477561157157952,0.367230598593012,1
531,RF,"{'n_estimators': 300, 'max_depth': 5, 'min_samples_split': 5, 'max_features': 0.5}",freq,True,False,N/A,[],402,"[[27, 18, 5], [11, 301, 2], [5, 20, 13]]",0.8483641975308641,0.7510905516773185,0.6161751152073733,0.6553782113873584,0.5307216443116091,0.16363435023014541,0.3670872940814637,1
106,NN,"{'hidden_layer_sizes': (256,), 'activation': 'relu', 'alpha': 0.01, 'learning_rate_init': 0.001, 'max_iter': 1000, 'early_stopping': False}",pca,False,False,15,[],402,"[[29, 16, 5], [15, 291, 8], [6, 26, 6]]",0.8109876543209877,0.56317259833661,0.555831199863458,0.5534881829293218,0.4317078890505366,0.06557615108208541,0.36613173796845117,1
325,ET,"{'n_estimators': 200, 'max_depth': 30, 'min_samples_split': 5, 'max_features': 0.5}",pca,False,True,15,[],88,"[[42, 8], [11, 27]]",0.7843137254901962,0.7874062049062049,0.7735714285714286,0.7763179209851035,0.5551449220067391,0.18920318406100217,0.365941737945737,1
880,RF,"{'n_estimators': 500, 'max_depth': None, 'min_samples_split': 5, 'max_features': 0.5}",pca,False,True,15,['relationExtrusionWeight'],83,"[[37, 9], [10, 27]]",0.7705882352941177,0.7827777777777778,0.7687301587301587,0.7665814233925689,0.5382919700098929,0.17277635373708275,0.36551561627281015,1
32,SVM,"{'C': 100, 'kernel': 'poly', 'gamma': 'scale'}",pca,False,False,15,[],402,"[[28, 16, 6], [17, 294, 3], [7, 24, 7]]",0.8183950617283952,0.641106134969292,0.5606383341867213,0.5736166631616999,0.4541660144159739,0.0894647814516961,0.36470123296427776,1
84,NN,"{'hidden_layer_sizes': (128, 128), 'activation': 'tanh', 'alpha': 0.0001, 'learning_rate_init': 0.0001, 'max_iter': 1000, 'early_stopping': False}",freq,True,False,N/A,[],402,"[[27, 17, 6], [13, 293, 8], [7, 19, 12]]",0.8258333333333333,0.6344697245295111,0.594563065369517,0.6063478784266654,0.48845111968966715,0.12623145361685736,0.36221966607280975,1
504,ET,"{'n_estimators': 100, 'max_depth': 5, 'min_samples_split': 2, 'max_features': 'log2'}",pca,True,True,20,[],88,"[[43, 7], [12, 26]]",0.7843137254901961,0.8038736263736265,0.7710714285714285,0.769353943158291,0.5502134198837253,0.18821513256622466,0.3619982873175006,1
92,NN,"{'hidden_layer_sizes': (256, 256), 'activation': 'relu', 'alpha': 0.001, 'learning_rate_init': 0.0001, 'max_iter': 1000, 'early_stopping': False}",freq,False,False,N/A,[],402,"[[28, 17, 5], [15, 292, 7], [4, 27, 7]]",0.8134567901234568,0.6243410780679597,0.5585048643113159,0.5715992094828114,0.4329267760643189,0.07317241338171475,0.35975436268260413,1
876,NN,"{'hidden_layer_sizes': (64, 64), 'activation': 'relu', 'alpha': 0.001, 'learning_rate_init': 0.0005, 'max_iter': 1000, 'early_stopping': False}",pca,False,False,10,[],402,"[[30, 18, 2], [13, 296, 5], [6, 27, 5]]",0.8234259259259259,0.6226983806575492,0.5582991978153268,0.5647767076606348,0.44571388239538734,0.08687905233487224,0.3588348300605151,1
364,SVM,"{'C': 100, 'kernel': 'poly', 'gamma': 'scale'}",pca,False,True,20,[],88,"[[39, 11], [7, 31]]",0.7947712418300653,0.7976911976911978,0.7971428571428572,0.7927830605926581,0.5894185743561713,0.23108545684001594,0.3583331175161554,1
600,NN,"{'hidden_layer_sizes': (256,), 'activation': 'relu', 'alpha': 0.0001, 'learning_rate_init': 0.0005, 'max_iter': 1000, 'early_stopping': False}",freq,False,False,N/A,[],402,"[[28, 17, 5], [14, 293, 7], [3, 28, 7]]",0.8159876543209876,0.6221858469510158,0.5595972008875234,0.5735574890226054,0.43283547608632544,0.0745788919433903,0.35825658414293515,1
495,RF,"{'n_estimators': 500, 'max_depth': None, 'min_samples_split': 10, 'max_features': 'sqrt'}",pca,True,True,20,[],88,"[[41, 9], [11, 27]]",0.7732026143790849,0.7937914862914862,0.7653571428571428,0.7621767989492447,0.53563472033697,0.1775809096673589,0.3580538106696111,1
414,NN,"{'hidden_layer_sizes': (128, 128), 'activation': 'tanh', 'alpha': 0.01, 'learning_rate_init': 0.0005, 'max_iter': 1000, 'early_stopping': False}",freq,False,False,N/A,[],402,"[[24, 22, 4], [12, 297, 5], [3, 30, 5]]",0.810925925925926,0.6452864751995186,0.5193061955965181,0.543830861201985,0.3836579363996522,0.027848745078820368,0.35580919132083183,1
840,SVM,"{'C': 100, 'kernel': 'rbf', 'gamma': 'scale'}",pca,True,False,20,[],402,"[[30, 14, 6], [19, 287, 8], [10, 23, 5]]",0.8010802469135803,0.5706121418850445,0.5474825055470217,0.5352186822596459,0.42911121564880317,0.07650755776778204,0.3526036578810211,1
286,NN,"{'hidden_layer_sizes': (128,), 'activation': 'tanh', 'alpha': 0.001, 'learning_rate_init': 0.0001, 'max_iter': 1000, 'early_stopping': False}",freq,True,True,N/A,[],88,"[[38, 12], [9, 29]]",0.761437908496732,0.7674025974025973,0.7621428571428571,0.7569345266017092,0.520591536702281,0.1693876422737849,0.3512038944284961,1
489,NN,"{'hidden_layer_sizes': (128,), 'activation': 'tanh', 'alpha': 0.0001, 'learning_rate_init': 0.0001, 'max_iter': 1000, 'early_stopping': False}",freq,True,True,N/A,[],88,"[[38, 12], [9, 29]]",0.761437908496732,0.7674025974025973,0.7621428571428571,0.7569345266017092,0.520591536702281,0.1693876422737849,0.3512038944284961,1
815,NN,"{'hidden_layer_sizes': (128, 128), 'activation': 'relu', 'alpha': 0.001, 'learning_rate_init': 0.0001, 'max_iter': 1000, 'early_stopping': False}",pca,True,False,20,[],402,"[[29, 16, 5], [15, 291, 8], [3, 28, 7]]",0.8135185185185184,0.5895218442870129,0.5641474654377879,0.569639814557052,0.4332341748432517,0.08393603442359823,0.34929814041965346,1
586,RF,"{'n_estimators': 300, 'max_depth': 20, 'min_samples_split': 5, 'max_features': 0.5}",pca,True,True,20,[],88,"[[41, 9], [10, 28]]",0.7843137254901962,0.795505328005328,0.7778571428571429,0.7768042462540377,0.5604038811421627,0.21326741272334823,0.3471364684188144,1
686,NN,"{'hidden_layer_sizes': (128,), 'activation': 'tanh', 'alpha': 0.01, 'learning_rate_init': 0.001, 'max_iter': 1000, 'early_stopping': False}",pca,True,False,15,[],402,"[[30, 15, 5], [18, 287, 9], [5, 28, 5]]",0.8010185185185186,0.6087055078456766,0.5487071172555044,0.5501573370507631,0.4129471595240372,0.06615920683453826,0.34678795268949897,1
618,SVM,"{'C': 1, 'kernel': 'poly', 'gamma': 'scale'}",freq,True,True,N/A,[],88,"[[47, 3], [19, 19]]",0.7503267973856209,0.8032217782217781,0.7182142857142857,0.7184034081860169,0.4613408160793238,0.11485154613237335,0.34648926994695045,1
429,NN,"{'hidden_layer_sizes': (256, 256), 'activation': 'tanh', 'alpha': 0.01, 'learning_rate_init': 0.001, 'max_iter': 1000, 'early_stopping': False}",pca,False,True,5,[],88,"[[41, 9], [9, 29]]",0.7954248366013073,0.8092524142524142,0.7885714285714285,0.7849031883747188,0.5797940649682601,0.23439416571438654,0.3453998992538736,1
232,ET,"{'n_estimators': 300, 'max_depth': 5, 'min_samples_split': 10, 'max_features': 'log2'}",freq,True,True,N/A,['drugConcentration'],88,"[[43, 7], [14, 24]]",0.7601307189542483,0.7667066267066267,0.7442857142857143,0.74660687138948,0.4982099857444652,0.15530552477878265,0.3429044609656825,1
995,SVM,"{'C': 100, 'kernel': 'poly', 'gamma': 'auto'}",pca,True,False,15,[],402,"[[29, 16, 5], [17, 294, 3], [4, 29, 5]]",0.8160185185185185,0.5824003830781324,0.5506724697047278,0.5537570376437089,0.43033325036903103,0.08793428367007004,0.34239896669896097,1
9,ET,"{'n_estimators': 500, 'max_depth': 5, 'min_samples_split': 2, 'max_features': 0.5}",freq,True,False,N/A,[],402,"[[21, 24, 5], [9, 304, 1], [2, 27, 9]]",0.8309259259259261,0.7570102905993172,0.5424620242362177,0.5914459493483225,0.43267846099105256,0.09229010723069274,0.3403883537603598,1
186,NN,"{'hidden_layer_sizes': (256,), 'activation': 'relu', 'alpha': 0.0001, 'learning_rate_init': 0.0005, 'max_iter': 1000, 'early_stopping': False}",pca,False,False,15,[],402,"[[25, 21, 4], [14, 291, 9], [3, 29, 6]]",0.8009567901234569,0.5900560890426169,0.5291303976787847,0.5451377221662063,0.37904021189003345,0.03900160106612486,0.34003861082390857,1
965,RF,"{'n_estimators': 100, 'max_depth': 5, 'min_samples_split': 5, 'max_features': 'log2'}",freq,True,False,N/A,[],402,"[[19, 26, 5], [8, 305, 1], [2, 26, 10]]",0.8308641975308643,0.7611594032742357,0.5397448370029014,0.5879382881327059,0.42632418019372664,0.08692955299297225,0.3393946272007544,1
994,NN,"{'hidden_layer_sizes': (256, 256), 'activation': 'tanh', 'alpha': 0.01, 'learning_rate_init': 0.0005, 'max_iter': 1000, 'early_stopping': False}",freq,False,False,N/A,[],402,"[[22, 23, 5], [10, 299, 5], [2, 32, 4]]",0.8084567901234567,0.6568040768040768,0.49858252261478064,0.5258414387012328,0.356226485606909,0.01694527325504731,0.3392812123518617,1
760,RF,"{'n_estimators': 100, 'max_depth': None, 'min_samples_split': 2, 'max_features': 0.5}",pca,True,False,10,"['printerBrandType', 'relationExtrusionWeight', 'drugConcentration']",338,"[[18, 10, 0], [10, 290, 0], [0, 6, 4]]",0.923134328358209,0.6575186039649287,0.6688888888888889,0.6569452193538582,0.5615142433655399,0.2238370873060017,0.3376771560595382,1
906,NN,"{'hidden_layer_sizes': (64, 64), 'activation': 'tanh', 'alpha': 0.001, 'learning_rate_init': 0.001, 'max_iter': 1000, 'early_stopping': False}",pca,False,True,5,[],88,"[[41, 9], [10, 28]]",0.7843137254901962,0.8028421578421578,0.7760714285714285,0.7721594104135495,0.5558180409922361,0.2194450862905457,0.3363729547016904,1
946,SVM,"{'C': 100, 'kernel': 'linear', 'gamma': 'scale'}",pca,True,True,20,[],88,"[[41, 9], [8, 30]]",0.8065359477124183,0.82006882006882,0.8046428571428571,0.7999788494286408,0.6073999672478378,0.27114266648620633,0.3362573007616315,1
57,NN,"{'hidden_layer_sizes': (64, 64), 'activation': 'tanh', 'alpha': 0.0001, 'learning_rate_init': 0.001, 'max_iter': 1000, 'early_stopping': False}",freq,False,False,N/A,[],402,"[[28, 17, 5], [14, 295, 5], [8, 27, 3]]",0.8109259259259259,0.6244917286134047,0.5259481140126301,0.5288322112275046,0.4172375522627931,0.08136766007840225,0.33586989218439084,1
43,NN,"{'hidden_layer_sizes': (256, 256), 'activation': 'tanh', 'alpha': 0.0001, 'learning_rate_init': 0.0001, 'max_iter': 1000, 'early_stopping': False}",pca,True,True,10,[],88,"[[39, 11], [9, 29]]",0.7725490196078433,0.7696717171717171,0.770357142857143,0.7679843556855941,0.5373615152082306,0.204274465365026,0.3330870498432046,1
133,SVM,"{'C': 1, 'kernel': 'linear', 'gamma': 'scale'}",pca,False,True,10,[],88,"[[40, 10], [10, 28]]",0.7725490196078433,0.791016761016761,0.7660714285714285,0.7606556510150533,0.5330607982349933,0.20264382265521808,0.33041697557977523,1
3,NN,"{'hidden_layer_sizes': (256,), 'activation': 'relu', 'alpha': 0.01, 'learning_rate_init': 0.0005, 'max_iter': 1000, 'early_stopping': False}",pca,False,True,20,[],88,"[[41, 9], [8, 30]]",0.8052287581699347,0.8053535353535354,0.8010714285714287,0.7976970501119107,0.5997181732792042,0.26999182709624653,0.32972634618295765,1
440,NN,"{'hidden_layer_sizes': (128,), 'activation': 'relu', 'alpha': 0.01, 'learning_rate_init': 0.0005, 'max_iter': 1000, 'early_stopping': False}",pca,False,True,20,[],88,"[[41, 9], [8, 30]]",0.8052287581699347,0.8053535353535354,0.8010714285714287,0.7976970501119107,0.5997181732792042,0.26999182709624653,0.32972634618295765,1
559,ET,"{'n_estimators': 100, 'max_depth': 5, 'min_samples_split': 2, 'max_features': 0.5}",freq,False,False,N/A,[],402,"[[19, 25, 6], [7, 306, 1], [3, 28, 7]]",0.8259567901234568,0.7164465351214339,0.512231609489674,0.5524599681159592,0.4022190678406371,0.07355222090520463,0.32866684693543247,1
453,NN,"{'hidden_layer_sizes': (256,), 'activation': 'tanh', 'alpha': 0.0001, 'learning_rate_init': 0.0001, 'max_iter': 1000, 'early_stopping': False}",freq,True,False,N/A,[],402,"[[27, 19, 4], [12, 296, 6], [7, 28, 3]]",0.810895061728395,0.5673172644675315,0.5191833077316949,0.5243112643577039,0.40560801899891014,0.08088764308212285,0.32472037591678726,1
237,SVM,"{'C': 100, 'kernel': 'linear', 'gamma': 'auto'}",pca,True,True,5,[],88,"[[41, 9], [10, 28]]",0.7836601307189544,0.7999056499056498,0.7760714285714286,0.7717323624013621,0.5547410150371614,0.23167474691070955,0.3230662681264519,1
547,NN,"{'hidden_layer_sizes': (64,), 'activation': 'relu', 'alpha': 0.01, 'learning_rate_init': 0.001, 'max_iter': 1000, 'early_stopping': False}",pca,True,True,15,"['relationExtrusionWeight', 'drugConcentration']",83,"[[37, 9], [8, 29]]",0.7926470588235294,0.7928174603174603,0.7915079365079365,0.7903974396776254,0.5818586968586968,0.25993799168261383,0.321920705176083,1
591,RF,"{'n_estimators': 300, 'max_depth': 10, 'min_samples_split': 10, 'max_features': 'log2'}",pca,True,True,20,[],88,"[[43, 7], [12, 26]]",0.7849673202614379,0.8142640692640694,0.7728571428571429,0.7692974414646241,0.5553439950728937,0.23537957200867915,0.3199644230642145,1
118,RF,"{'n_estimators': 500, 'max_depth': 5, 'min_samples_split': 5, 'max_features': 'log2'}",freq,True,False,N/A,[],402,"[[19, 26, 5], [10, 303, 1], [2, 26, 10]]",0.8258641975308642,0.7497761277758347,0.5375942993684928,0.5844553441314815,0.41736331282137107,0.097759662835959,0.3196036499854121,1
655,NN,"{'hidden_layer_sizes': (256,), 'activation': 'relu', 'alpha': 0.01, 'learning_rate_init': 0.0001, 'max_iter': 1000, 'early_stopping': False}",pca,False,True,10,[],88,"[[41, 9], [11, 27]]",0.7718954248366012,0.7799786324786325,0.7635714285714286,0.7610951754830474,0.5274002135469191,0.20814591759572873,0.31925429595119037,1
194,NN,"{'hidden_layer_sizes': (128, 128), 'activation': 'tanh', 'alpha': 0.0001, 'learning_rate_init': 0.0001, 'max_iter': 1000, 'early_stopping': False}",pca,True,False,20,[],402,"[[28, 18, 4], [15, 290, 9], [3, 32, 3]]",0.7984567901234568,0.5730244576815304,0.5206912442396313,0.528615422069092,0.3745175171775973,0.05615834533300521,0.31835917184459206,1
190,NN,"{'hidden_layer_sizes': (64,), 'activation': 'tanh', 'alpha': 0.01, 'learning_rate_init': 0.001, 'max_iter': 1000, 'early_stopping': False}",pca,True,False,10,[],402,"[[29, 18, 3], [18, 287, 9], [4, 29, 5]]",0.7985185185185186,0.5723916407548122,0.5420575183478409,0.5435739604760601,0.3912601577048868,0.07652569493865458,0.31473446276623224,1
478,ET,"{'n_estimators': 100, 'max_depth': 5, 'min_samples_split': 2, 'max_features': 0.5}",pca,False,True,15,[],88,"[[42, 8], [11, 27]]",0.7836601307189544,0.7961538461538462,0.7735714285714286,0.7717323624013621,0.5509926883972686,0.236815680940456,0.31417700745681254,1
335,NN,"{'hidden_layer_sizes': (256,), 'activation': 'relu', 'alpha': 0.01, 'learning_rate_init': 0.001, 'max_iter': 1000, 'early_stopping': False}",pca,True,False,5,[],402,"[[31, 19, 0], [13, 301, 0], [5, 33, 0]]",0.8258950617283951,0.5004757190684764,0.5262092507253798,0.5071463287956061,0.41404051091038674,0.10237518456958027,0.31166532634080646,1
619,NN,"{'hidden_layer_sizes': (256,), 'activation': 'relu', 'alpha': 0.001, 'learning_rate_init': 0.0001, 'max_iter': 1000, 'early_stopping': False}",freq,True,True,N/A,[],88,"[[38, 12], [9, 29]]",0.761437908496732,0.7766849816849817,0.7621428571428571,0.7555859478685565,0.5231480163671944,0.2117448432034578,0.31140317316373667,1
732,SVM,"{'C': 100, 'kernel': 'linear', 'gamma': 'auto'}",pca,True,True,10,[],88,"[[39, 11], [10, 28]]",0.7601307189542483,0.7727564102564102,0.7560714285714286,0.750495760278369,0.5088708828709129,0.1975421779691841,0.31132870490172876,1
250,NN,"{'hidden_layer_sizes': (256, 256), 'activation': 'tanh', 'alpha': 0.01, 'learning_rate_init': 0.0005, 'max_iter': 1000, 'early_stopping': False}",pca,True,True,15,[],88,"[[37, 13], [10, 28]]",0.7392156862745098,0.7513736263736264,0.7342857142857142,0.7282610242093348,0.46886882236697386,0.16142152683988176,0.3074472955270921,1
192,SVM,"{'C': 10, 'kernel': 'rbf', 'gamma': 'auto'}",pca,False,True,10,[],88,"[[40, 10], [11, 27]]",0.761437908496732,0.7686752136752137,0.7535714285714287,0.7500228055995992,0.5071346494172784,0.19988376782433642,0.30725088159294195,1
886,SVM,"{'C': 1, 'kernel': 'linear', 'gamma': 'auto'}",freq,True,True,N/A,[],88,"[[39, 11], [13, 25]]",0.7274509803921569,0.7380150405150404,0.7185714285714285,0.7163307666444023,0.4425815676269219,0.1354588447241031,0.30712272290281883,1
506,NN,"{'hidden_layer_sizes': (256, 256), 'activation': 'tanh', 'alpha': 0.01, 'learning_rate_init': 0.0005, 'max_iter': 1000, 'early_stopping': False}",pca,False,False,15,[],402,"[[26, 21, 3], [14, 292, 8], [3, 30, 5]]",0.8034259259259258,0.5978082134743714,0.5285219320703192,0.5448610149452191,0.37926260341851803,0.07222672023735582,0.3070358831811622,1
448,RF,"{'n_estimators': 300, 'max_depth': 5, 'min_samples_split': 2, 'max_features': 'log2'}",pca,True,False,20,[],402,"[[29, 16, 5], [16, 295, 3], [5, 28, 5]]",0.8184567901234567,0.618846618357488,0.5516965352449223,0.5608719915257571,0.43584750152076224,0.1289261809945394,0.30692132052622284,1
961,SVM,"{'C': 10, 'kernel': 'rbf', 'gamma': 'auto'}",pca,True,False,20,[],402,"[[28, 18, 4], [23, 285, 6], [5, 29, 4]]",0.7885802469135802,0.5249060742392471,0.5225089605734767,0.5105247191001181,0.3691449144608711,0.06261584202603315,0.30652907243483796,1
349,SVM,"{'C': 0.1, 'kernel': 'linear', 'gamma': 'scale'}",pca,True,True,20,[],88,"[[41, 9], [11, 27]]",0.7705882352941177,0.773838383838384,0.76,0.7591298106777982,0.5225062064996273,0.2165363763474053,0.305969830152222,1
890,NN,"{'hidden_layer_sizes': (256, 256), 'activation': 'tanh', 'alpha': 0.0001, 'learning_rate_init': 0.0005, 'max_iter': 1000, 'early_stopping': False}",pca,False,False,15,[],402,"[[27, 20, 3], [14, 292, 8], [3, 30, 5]]",0.8059259259259258,0.6012982419643997,0.5351885987369858,0.5495436970671344,0.38882253730753236,0.0843541447933116,0.30446839251422075,1
185,RF,"{'n_estimators': 200, 'max_depth': 5, 'min_samples_split': 5, 'max_features': 0.5}",pca,False,True,15,[],88,"[[41, 9], [8, 30]]",0.8065359477124183,0.807406204906205,0.8028571428571428,0.8019802522898498,0.60672419174133,0.30557734594348734,0.3011468457978426,1
258,NN,"{'hidden_layer_sizes': (64,), 'activation': 'relu', 'alpha': 0.0001, 'learning_rate_init': 0.0005, 'max_iter': 1000, 'early_stopping': False}",pca,True,True,5,[],88,"[[42, 8], [12, 26]]",0.7718954248366012,0.7728310578310579,0.7610714285714286,0.7584487621679707,0.523403132962929,0.22326775571313914,0.3001353772497898,1
769,NN,"{'hidden_layer_sizes': (128,), 'activation': 'relu', 'alpha': 0.01, 'learning_rate_init': 0.0001, 'max_iter': 1000, 'early_stopping': False}",freq,True,True,N/A,[],88,"[[37, 13], [9, 29]]",0.7503267973856209,0.758095238095238,0.752142857142857,0.7449531024531024,0.5009701941893723,0.20299138578792275,0.2979788084014495,1
82,RF,"{'n_estimators': 500, 'max_depth': 10, 'min_samples_split': 2, 'max_features': 'log2'}",pca,False,True,5,"['relationExtrusionWeight', 'drugConcentration']",83,"[[37, 9], [13, 24]]",0.7330882352941177,0.741468253968254,0.7265476190476191,0.7262309620204357,0.4560365738128264,0.16036947044208713,0.2956671033707393,1
819,RF,"{'n_estimators': 100, 'max_depth': 5, 'min_samples_split': 2, 'max_features': 'sqrt'}",pca,False,True,5,['relationExtrusionWeight'],83,"[[37, 9], [14, 23]]",0.7213235294117647,0.7318145743145743,0.714047619047619,0.7134490071332177,0.43159059725417376,0.13766025596167392,0.29393034129249984,1
291,RF,"{'n_estimators': 200, 'max_depth': 5, 'min_samples_split': 5, 'max_features': 0.5}",pca,True,False,10,[],402,"[[27, 19, 4], [12, 302, 0], [5, 29, 4]]",0.8284876543209876,0.6230057537591784,0.5374884792626727,0.5468432652610928,0.43193562527511153,0.13919385880705526,0.2927417664680563,1
21,RF,"{'n_estimators': 300, 'max_depth': 5, 'min_samples_split': 10, 'max_features': 0.5}",freq,True,False,N/A,[],402,"[[23, 22, 5], [11, 298, 5], [3, 25, 10]]",0.8234259259259259,0.7122100796500134,0.5589187574671446,0.5998477335794108,0.44116458785322765,0.15044523708416244,0.2907193507690652,1
578,SVM,"{'C': 100, 'kernel': 'poly', 'gamma': 'auto'}",freq,True,True,N/A,"['relationExtrusionWeight', 'drugConcentration']",83,"[[39, 7], [13, 24]]",0.7580882352941176,0.781958041958042,0.7476587301587301,0.7432038652781687,0.5007119591117634,0.21238126014270392,0.28833069896905944,1
461,RF,"{'n_estimators': 100, 'max_depth': 10, 'min_samples_split': 5, 'max_features': 0.5}",pca,True,True,5,"['relationExtrusionWeight', 'drugConcentration']",83,"[[37, 9], [12, 25]]",0.7448529411764706,0.752142857142857,0.7390476190476191,0.7384093245935351,0.4801430229192755,0.19254634260383083,0.2875966803154447,1
503,RF,"{'n_estimators': 200, 'max_depth': None, 'min_samples_split': 10, 'max_features': 'sqrt'}",pca,True,False,20,"['printerBrandType', 'drugConcentration']",339,"[[17, 11, 0], [11, 289, 0], [0, 7, 4]]",0.9144424934152766,0.7339992430156365,0.6566666666666666,0.6634902847537669,0.5134702737173689,0.2260497264429343,0.28742054727443456,1
320,RF,"{'n_estimators': 100, 'max_depth': 5, 'min_samples_split': 2, 'max_features': 'sqrt'}",pca,False,False,10,[],402,"[[27, 17, 6], [12, 300, 2], [7, 28, 3]]",0.8210185185185186,0.6197517867014135,0.5258311998634579,0.5332219015838675,0.4249875166409035,0.1380896616937295,0.286897854947174,1
295,SVM,"{'C': 10, 'kernel': 'poly', 'gamma': 'scale'}",freq,True,True,N/A,[],88,"[[42, 8], [14, 24]]",0.7509803921568627,0.7618364968364968,0.7378571428571428,0.7411922859748946,0.48596702567505484,0.19966029408470568,0.28630673159034914,1
443,SVM,"{'C': 100, 'kernel': 'rbf', 'gamma': 'scale'}",freq,True,True,N/A,[],88,"[[40, 10], [12, 26]]",0.7503267973856209,0.7623848373848373,0.7428571428571429,0.7436932353179493,0.49257226976717766,0.20746850756420196,0.28510376220297573,1
17,SVM,"{'C': 1, 'kernel': 'rbf', 'gamma': 'auto'}",pca,False,True,5,[],88,"[[39, 11], [10, 28]]",0.7607843137254902,0.7734526584526584,0.7560714285714285,0.7505765996316541,0.5105929846312564,0.22640280084483497,0.28419018378642136,1
91,NN,"{'hidden_layer_sizes': (256, 256), 'activation': 'relu', 'alpha': 0.0001, 'learning_rate_init': 0.0001, 'max_iter': 1000, 'early_stopping': False}",freq,True,True,N/A,[],88,"[[40, 10], [12, 26]]",0.7503267973856209,0.7570238095238095,0.7428571428571429,0.7438383838383839,0.4916429911551862,0.20829994851217856,0.2833430426430077,1
864,RF,"{'n_estimators': 100, 'max_depth': 5, 'min_samples_split': 10, 'max_features': 0.5}",pca,False,False,20,[],402,"[[26, 19, 5], [13, 297, 4], [3, 28, 7]]",0.820895061728395,0.6413030379268279,0.5480815838880355,0.5647686873765305,0.42876570149239157,0.15011970498970506,0.2786459965026865,1
936,SVM,"{'C': 100, 'kernel': 'rbf', 'gamma': 'auto'}",pca,True,False,5,[],402,"[[32, 17, 1], [20, 293, 1], [8, 30, 0]]",0.8084567901234567,0.4682939609410197,0.5243249701314217,0.49261606536566693,0.40113614861494834,0.12252086996593962,0.2786152786490087,1
554,ET,"{'n_estimators': 300, 'max_depth': 5, 'min_samples_split': 2, 'max_features': 'sqrt'}",pca,True,True,5,[],88,"[[41, 9], [12, 26]]",0.7601307189542483,0.7736507936507936,0.7510714285714285,0.7468595396691372,0.5026514447708585,0.22446028024234171,0.27819116452851683,1
807,RF,"{'n_estimators': 100, 'max_depth': 5, 'min_samples_split': 10, 'max_features': 'sqrt'}",pca,True,False,5,[],402,"[[24, 25, 1], [11, 302, 1], [4, 31, 3]]",0.8183950617283952,0.6691892081768785,0.506774193548387,0.524827430237176,0.375696411593514,0.09940981308149077,0.27628659851202325,1
198,NN,"{'hidden_layer_sizes': (256, 256), 'activation': 'relu', 'alpha': 0.01, 'learning_rate_init': 0.0001, 'max_iter': 1000, 'early_stopping': False}",pca,False,False,5,[],402,"[[25, 25, 0], [14, 299, 1], [5, 33, 0]]",0.805925925925926,0.47619457279469524,0.48405871309097115,0.475708469894576,0.33788484887426407,0.06307544691873075,0.27480940195553333,1
395,ET,"{'n_estimators': 300, 'max_depth': 30, 'min_samples_split': 2, 'max_features': 0.5}",pca,False,True,15,[],88,"[[38, 12], [11, 27]]",0.738562091503268,0.7482395382395383,0.7317857142857143,0.7280603452275279,0.46368436763573706,0.192480430690952,0.27120393694478506,1
977,RF,"{'n_estimators': 300, 'max_depth': 5, 'min_samples_split': 10, 'max_features': 'log2'}",freq,True,False,N/A,[],402,"[[18, 27, 5], [8, 301, 5], [2, 30, 6]]",0.8084567901234567,0.6460891143244084,0.491889400921659,0.5225784125687329,0.3478953374696335,0.07677392892294581,0.2711214085466877,1
629,NN,"{'hidden_layer_sizes': (128, 128), 'activation': 'tanh', 'alpha': 0.01, 'learning_rate_init': 0.0001, 'max_iter': 1000, 'early_stopping': False}",pca,True,False,10,[],402,"[[23, 24, 3], [11, 298, 5], [4, 30, 4]]",0.8083950617283951,0.5538314906808057,0.5065890083632019,0.517674671991093,0.36317363421141546,0.0937322249626694,0.26944140924874604,1
614,NN,"{'hidden_layer_sizes': (64, 64), 'activation': 'tanh', 'alpha': 0.01, 'learning_rate_init': 0.0005, 'max_iter': 1000, 'early_stopping': False}",pca,False,True,10,[],88,"[[41, 9], [12, 26]]",0.7601307189542483,0.7582051282051283,0.7492857142857142,0.7460352025145403,0.4997269820933942,0.2303955066045331,0.26933147548886116,1
652,NN,"{'hidden_layer_sizes': (256,), 'activation': 'tanh', 'alpha': 0.0001, 'learning_rate_init': 0.0005, 'max_iter': 1000, 'early_stopping': False}",pca,False,True,10,[],88,"[[41, 9], [12, 26]]",0.7601307189542483,0.7582051282051283,0.7492857142857142,0.7460352025145403,0.4997269820933942,0.2303955066045331,0.26933147548886116,1
751,NN,"{'hidden_layer_sizes': (128, 128), 'activation': 'relu', 'alpha': 0.01, 'learning_rate_init': 0.001, 'max_iter': 1000, 'early_stopping': False}",freq,False,True,N/A,[],88,"[[39, 11], [9, 29]]",0.7738562091503268,0.7747727272727273,0.772142857142857,0.7700475453339231,0.5457505610144011,0.2767693131889329,0.26898124782546823,1
392,ET,"{'n_estimators': 200, 'max_depth': 30, 'min_samples_split': 5, 'max_features': 'sqrt'}",freq,False,True,N/A,[],88,"[[38, 12], [13, 25]]",0.7169934640522875,0.7178463203463203,0.7103571428571429,0.71007215007215,0.42387278667612105,0.1553567187107472,0.26851606796537386,1
907,ET,"{'n_estimators': 200, 'max_depth': 10, 'min_samples_split': 5, 'max_features': 'log2'}",freq,True,True,N/A,[],88,"[[38, 12], [13, 25]]",0.7169934640522875,0.7178463203463203,0.7103571428571429,0.71007215007215,0.42387278667612105,0.1553567187107472,0.26851606796537386,1
558,NN,"{'hidden_layer_sizes': (64,), 'activation': 'tanh', 'alpha': 0.01, 'learning_rate_init': 0.0001, 'max_iter': 1000, 'early_stopping': False}",pca,True,True,5,[],88,"[[40, 10], [11, 27]]",0.7607843137254902,0.7777383727383727,0.7517857142857143,0.7428493269043814,0.5034567906014056,0.23524663447451818,0.26821015612688737,1
304,NN,"{'hidden_layer_sizes': (128, 128), 'activation': 'tanh', 'alpha': 0.0001, 'learning_rate_init': 0.0001, 'max_iter': 1000, 'early_stopping': False}",pca,True,False,15,[],402,"[[24, 23, 3], [15, 290, 9], [3, 30, 5]]",0.7934567901234569,0.5745032662823583,0.5118817204301076,0.5253026005015229,0.3487556671442932,0.08157112318849671,0.2671845439557965,1
359,NN,"{'hidden_layer_sizes': (128, 128), 'activation': 'relu', 'alpha': 0.0001, 'learning_rate_init': 0.0005, 'max_iter': 1000, 'early_stopping': False}",freq,True,True,N/A,[],88,"[[38, 12], [13, 25]]",0.7163398692810458,0.7208730158730159,0.7103571428571428,0.7093840662261715,0.4237508832630784,0.1586986573238075,0.2650522259392709,1
13,NN,"{'hidden_layer_sizes': (128,), 'activation': 'tanh', 'alpha': 0.001, 'learning_rate_init': 0.0005, 'max_iter': 1000, 'early_stopping': False}",pca,True,False,10,[],402,"[[23, 24, 3], [12, 296, 6], [3, 31, 4]]",0.803425925925926,0.5839884235351784,0.5032821300563236,0.5214326742763506,0.35018350657470076,0.08559683636543504,0.26458667020926574,1
912,RF,"{'n_estimators': 100, 'max_depth': None, 'min_samples_split': 5, 'max_features': 0.5}",pca,True,True,5,[],88,"[[37, 13], [10, 28]]",0.7392156862745098,0.7425901875901877,0.7378571428571428,0.7315687958412417,0.4704125310288614,0.20660818874991124,0.2638043422789501,1
900,SVM,"{'C': 1, 'kernel': 'rbf', 'gamma': 'auto'}",freq,True,False,N/A,[],402,"[[17, 28, 5], [11, 296, 7], [3, 25, 10]]",0.8035185185185186,0.6451050908874628,0.5131967912613075,0.5310151792132046,0.34905833633310634,0.08527415659950988,0.26378417973359647,1
941,SVM,"{'C': 1, 'kernel': 'rbf', 'gamma': 'scale'}",freq,True,False,N/A,[],402,"[[17, 28, 5], [11, 296, 7], [3, 25, 10]]",0.8035185185185186,0.6451050908874628,0.5131967912613075,0.5310151792132046,0.34905833633310634,0.08527415659950988,0.26378417973359647,1
204,RF,"{'n_estimators': 300, 'max_depth': 5, 'min_samples_split': 5, 'max_features': 0.5}",freq,False,True,N/A,[],88,"[[39, 11], [13, 25]]",0.7274509803921569,0.7352455877455878,0.7185714285714285,0.7191482189308276,0.4430299253888358,0.18232275382469965,0.26070717156413614,1
34,NN,"{'hidden_layer_sizes': (256,), 'activation': 'relu', 'alpha': 0.0001, 'learning_rate_init': 0.0001, 'max_iter': 1000, 'early_stopping': False}",pca,True,False,15,[],402,"[[18, 28, 4], [12, 295, 7], [3, 31, 4]]",0.7885493827160494,0.5907441208452383,0.46766598395630654,0.48828853207558176,0.2920421446108953,0.03203864431400571,0.26000350029688957,1
931,NN,"{'hidden_layer_sizes': (256, 256), 'activation': 'tanh', 'alpha': 0.001, 'learning_rate_init': 0.0005, 'max_iter': 1000, 'early_stopping': False}",freq,False,True,N/A,[],88,"[[39, 11], [13, 25]]",0.7274509803921569,0.7291883116883117,0.7185714285714285,0.7192296592296593,0.4424976728312668,0.18309178958224373,0.25940588324902303,1
472,RF,"{'n_estimators': 500, 'max_depth': 5, 'min_samples_split': 10, 'max_features': 'sqrt'}",freq,False,False,N/A,[],402,"[[19, 26, 5], [9, 299, 6], [2, 30, 6]]",0.805925925925926,0.6289795910640319,0.4964225977129203,0.5255812960711321,0.3501696044738337,0.09118874579355947,0.25898085868027426,1
469,SVM,"{'C': 10, 'kernel': 'linear', 'gamma': 'scale'}",pca,True,False,10,[],402,"[[28, 22, 0], [19, 295, 0], [7, 31, 0]]",0.8033641975308641,0.457077189427609,0.49979177334016034,0.47720096381693977,0.36123205818052717,0.10433789257054556,0.25689416560998163,1
865,NN,"{'hidden_layer_sizes': (64, 64), 'activation': 'tanh', 'alpha': 0.01, 'learning_rate_init': 0.0001, 'max_iter': 1000, 'early_stopping': False}",freq,False,True,N/A,[],88,"[[39, 11], [11, 27]]",0.7496732026143791,0.7678205128205129,0.7435714285714285,0.7383525894395458,0.48743625745025954,0.23084249826473213,0.2565937591855274,1
269,NN,"{'hidden_layer_sizes': (256, 256), 'activation': 'relu', 'alpha': 0.01, 'learning_rate_init': 0.001, 'max_iter': 1000, 'early_stopping': False}",freq,False,True,N/A,[],88,"[[38, 12], [10, 28]]",0.7509803921568627,0.752979797979798,0.749642857142857,0.7467580716497124,0.4996388878774115,0.24384868705853394,0.2557902008188776,1
487,RF,"{'n_estimators': 300, 'max_depth': None, 'min_samples_split': 2, 'max_features': 0.5}",pca,True,True,15,[],88,"[[40, 10], [11, 27]]",0.7620915032679738,0.7759093684093683,0.7553571428571428,0.7537653759396254,0.5168681983364594,0.2621446184933735,0.25472357984308586,1
366,NN,"{'hidden_layer_sizes': (64, 64), 'activation': 'relu', 'alpha': 0.0001, 'learning_rate_init': 0.001, 'max_iter': 1000, 'early_stopping': False}",freq,False,True,N/A,[],88,"[[39, 11], [11, 27]]",0.7516339869281046,0.7556060606060606,0.7471428571428571,0.7457942985806763,0.4984428687067088,0.25271090179592015,0.24573196691078864,1
38,SVM,"{'C': 100, 'kernel': 'rbf', 'gamma': 'scale'}",freq,False,True,N/A,[],88,"[[37, 13], [9, 29]]",0.7503267973856209,0.7532251082251082,0.752142857142857,0.747111037397415,0.5011713046543228,0.2563261016561363,0.24484520299818652,1
433,SVM,"{'C': 10, 'kernel': 'rbf', 'gamma': 'auto'}",pca,True,False,5,[],402,"[[26, 24, 0], [20, 294, 0], [6, 32, 0]]",0.7959567901234568,0.4525392007744949,0.48540023894862594,0.46613484453002985,0.32958523551202473,0.08565050470719884,0.2439347308048259,1
301,RF,"{'n_estimators': 500, 'max_depth': 5, 'min_samples_split': 2, 'max_features': 'sqrt'}",freq,True,True,N/A,[],88,"[[40, 10], [13, 25]]",0.7398692810457517,0.7544338994338994,0.7303571428571429,0.7308826884516748,0.47078630278348854,0.22913875130178957,0.24164755148169897,1
217,RF,"{'n_estimators': 100, 'max_depth': 30, 'min_samples_split': 5, 'max_features': 'log2'}",freq,False,True,N/A,[],88,"[[39, 11], [14, 24]]",0.715686274509804,0.7274281274281275,0.7060714285714287,0.706317277941992,0.41898397134288173,0.17737278251384125,0.24161118882904048,1
473,RF,"{'n_estimators': 200, 'max_depth': 30, 'min_samples_split': 2, 'max_features': 0.5}",pca,False,True,5,[],88,"[[35, 15], [12, 26]]",0.6941176470588235,0.6953138528138527,0.6928571428571428,0.6874881396553223,0.3814608240258786,0.1438802238667785,0.2375806001591001,1
980,RF,"{'n_estimators': 200, 'max_depth': None, 'min_samples_split': 2, 'max_features': 'log2'}",pca,False,True,5,[],88,"[[35, 15], [12, 26]]",0.6941176470588235,0.6953138528138527,0.6928571428571428,0.6874881396553223,0.3814608240258786,0.1438802238667785,0.2375806001591001,1
134,NN,"{'hidden_layer_sizes': (64,), 'activation': 'relu', 'alpha': 0.0001, 'learning_rate_init': 0.0005, 'max_iter': 1000, 'early_stopping': False}",freq,False,True,N/A,[],88,"[[38, 12], [12, 26]]",0.726797385620915,0.753474025974026,0.7210714285714286,0.7098097069768896,0.43890084115829103,0.20322536553286896,0.23567547562542207,1
842,SVM,"{'C': 1, 'kernel': 'rbf', 'gamma': 'scale'}",pca,False,False,5,[],402,"[[26, 24, 0], [20, 294, 0], [7, 31, 0]]",0.7959259259259259,0.45119946066237626,0.48538317118962276,0.46551878544068825,0.3339964398309891,0.09848630731597652,0.23551013251501257,1
83,SVM,"{'C': 1, 'kernel': 'rbf', 'gamma': 'scale'}",pca,False,False,20,[],402,"[[25, 25, 0], [19, 295, 0], [6, 32, 0]]",0.7959259259259259,0.45826519903736146,0.47977470558115715,0.4647440399557932,0.32459733633123655,0.09096521667947705,0.2336321196517595,1
357,NN,"{'hidden_layer_sizes': (256, 256), 'activation': 'relu', 'alpha': 0.01, 'learning_rate_init': 0.001, 'max_iter': 1000, 'early_stopping': False}",freq,True,True,N/A,[],88,"[[39, 11], [13, 25]]",0.7287581699346404,0.7358441558441559,0.7203571428571427,0.7202498430362206,0.4486084806056664,0.21575832286013155,0.23285015774553483,1
105,ET,"{'n_estimators': 200, 'max_depth': 20, 'min_samples_split': 2, 'max_features': 0.5}",freq,True,True,N/A,[],88,"[[40, 10], [14, 24]]",0.7287581699346404,0.7476157176157177,0.7160714285714285,0.7172962748652612,0.4451984399303447,0.2130175926427824,0.2321808472875623,1
209,ET,"{'n_estimators': 300, 'max_depth': 30, 'min_samples_split': 2, 'max_features': 0.5}",freq,True,True,N/A,[],88,"[[40, 10], [14, 24]]",0.7287581699346404,0.7476157176157177,0.7160714285714285,0.7172962748652612,0.4451984399303447,0.2130175926427824,0.2321808472875623,1
385,ET,"{'n_estimators': 100, 'max_depth': 30, 'min_samples_split': 2, 'max_features': 'sqrt'}",freq,True,True,N/A,[],88,"[[40, 10], [14, 24]]",0.7287581699346404,0.7476157176157177,0.7160714285714285,0.7172962748652612,0.4451984399303447,0.2130175926427824,0.2321808472875623,1
582,ET,"{'n_estimators': 300, 'max_depth': None, 'min_samples_split': 2, 'max_features': 'log2'}",freq,True,True,N/A,[],88,"[[40, 10], [14, 24]]",0.7287581699346404,0.7476157176157177,0.7160714285714285,0.7172962748652612,0.4451984399303447,0.2130175926427824,0.2321808472875623,1
814,ET,"{'n_estimators': 200, 'max_depth': None, 'min_samples_split': 2, 'max_features': 'log2'}",freq,True,True,N/A,[],88,"[[40, 10], [14, 24]]",0.7287581699346404,0.7476157176157177,0.7160714285714285,0.7172962748652612,0.4451984399303447,0.2130175926427824,0.2321808472875623,1
64,ET,"{'n_estimators': 200, 'max_depth': 20, 'min_samples_split': 5, 'max_features': 0.5}",pca,True,True,10,[],88,"[[36, 14], [10, 28]]",0.7281045751633988,0.7289790764790766,0.7278571428571429,0.7234023123419409,0.45222095295923453,0.2206932077947624,0.23152774516447214,1
896,NN,"{'hidden_layer_sizes': (128, 128), 'activation': 'relu', 'alpha': 0.01, 'learning_rate_init': 0.0001, 'max_iter': 1000, 'early_stopping': False}",pca,True,True,5,[],88,"[[42, 8], [13, 25]]",0.761437908496732,0.7630555555555556,0.7485714285714286,0.7447960476056451,0.49986228007830513,0.2685239553248477,0.23133832475345745,1
416,NN,"{'hidden_layer_sizes': (64, 64), 'activation': 'relu', 'alpha': 0.0001, 'learning_rate_init': 0.0005, 'max_iter': 1000, 'early_stopping': False}",freq,False,True,N/A,[],88,"[[37, 13], [10, 28]]",0.7392156862745097,0.744025974025974,0.739642857142857,0.7346435049298826,0.4772180427263774,0.24591476647981553,0.23130327624656188,1
488,ET,"{'n_estimators': 200, 'max_depth': 5, 'min_samples_split': 2, 'max_features': 'log2'}",freq,False,True,N/A,[],88,"[[40, 10], [14, 24]]",0.7281045751633987,0.7442823842823842,0.7160714285714286,0.7167301742991606,0.4437463202145812,0.21665943207382773,0.22708688814075348,1
937,SVM,"{'C': 0.1, 'kernel': 'linear', 'gamma': 'scale'}",freq,True,False,N/A,"['relationExtrusionWeight', 'drugConcentration']",389,"[[27, 16, 3], [15, 286, 5], [4, 29, 4]]",0.814951714951715,0.5318321301933623,0.5412813969820844,0.520192202560102,0.3837336311056673,0.16030556609028646,0.22342806501538087,1
564,ET,"{'n_estimators': 300, 'max_depth': 10, 'min_samples_split': 2, 'max_features': 'sqrt'}",freq,True,True,N/A,[],88,"[[39, 11], [14, 24]]",0.7169934640522875,0.7256926406926407,0.7060714285714285,0.7060973288837065,0.4215684980367591,0.19947185313125684,0.22209664490550227,1
175,ET,"{'n_estimators': 200, 'max_depth': 20, 'min_samples_split': 5, 'max_features': 'sqrt'}",pca,True,True,5,[],88,"[[36, 14], [9, 29]]",0.738562091503268,0.7383946608946609,0.7403571428571428,0.7346892967713401,0.47392759181915806,0.2523317122008872,0.22159587961827087,1
476,RF,"{'n_estimators': 200, 'max_depth': 5, 'min_samples_split': 5, 'max_features': 'log2'}",,True,True,N/A,"['relationExtrusionWeight', 'drugConcentration']",83,"[[41, 5], [19, 18]]",0.7125,0.7622610722610722,0.6924206349206349,0.6822008693061324,0.39678270630903195,0.17594254843597767,0.22084015787305428,1
509,NN,"{'hidden_layer_sizes': (128, 128), 'activation': 'tanh', 'alpha': 0.001, 'learning_rate_init': 0.0005, 'max_iter': 1000, 'early_stopping': False}",pca,False,False,10,[],402,"[[19, 28, 3], [11, 298, 5], [4, 30, 4]]",0.7984876543209877,0.5466494692522089,0.47992234169653525,0.49628759893183333,0.3140478835359718,0.09641285205620077,0.21763503147977104,1
135,RF,"{'n_estimators': 100, 'max_depth': 5, 'min_samples_split': 10, 'max_features': 0.5}",freq,True,True,N/A,[],88,"[[37, 13], [12, 26]]",0.7156862745098039,0.7277564102564102,0.7110714285714286,0.7060513158339246,0.4210660048221323,0.20356168256996038,0.21750432225217192,1
173,RF,"{'n_estimators': 100, 'max_depth': 5, 'min_samples_split': 10, 'max_features': 0.5}",freq,False,True,N/A,[],88,"[[37, 13], [12, 26]]",0.7156862745098039,0.7277564102564102,0.7110714285714286,0.7060513158339246,0.4210660048221323,0.20356168256996038,0.21750432225217192,1
885,RF,"{'n_estimators': 500, 'max_depth': 5, 'min_samples_split': 2, 'max_features': 0.5}",pca,False,True,5,[],88,"[[35, 15], [10, 28]]",0.7163398692810458,0.7203138528138527,0.7178571428571429,0.7102659174331001,0.42755838500148835,0.21151820066851623,0.21604018433297212,1
279,RF,"{'n_estimators': 200, 'max_depth': 5, 'min_samples_split': 5, 'max_features': 'log2'}",freq,False,True,N/A,[],88,"[[41, 9], [14, 24]]",0.7379084967320261,0.7508516483516483,0.7242857142857143,0.7257699305525394,0.45872486450571637,0.2439753769552727,0.21474948755044368,1
524,NN,"{'hidden_layer_sizes': (128,), 'activation': 'relu', 'alpha': 0.01, 'learning_rate_init': 0.0001, 'max_iter': 1000, 'early_stopping': False}",pca,False,True,5,[],88,"[[41, 9], [14, 24]]",0.738562091503268,0.7521936396936397,0.7224999999999999,0.7191915399029412,0.45376615236137663,0.23948611480928675,0.21428003755208988,1
94,ET,"{'n_estimators': 300, 'max_depth': 20, 'min_samples_split': 5, 'max_features': 'sqrt'}",freq,True,True,N/A,[],88,"[[37, 13], [13, 25]]",0.7058823529411764,0.707943722943723,0.7003571428571428,0.6986514414378191,0.40430181988211567,0.1936119700439436,0.21068984983817207,1
372,ET,"{'n_estimators': 300, 'max_depth': None, 'min_samples_split': 5, 'max_features': 'log2'}",freq,False,True,N/A,[],88,"[[37, 13], [13, 25]]",0.7058823529411764,0.707943722943723,0.7003571428571428,0.6986514414378191,0.40430181988211567,0.1936119700439436,0.21068984983817207,1
30,ET,"{'n_estimators': 500, 'max_depth': 30, 'min_samples_split': 10, 'max_features': 'log2'}",freq,True,True,N/A,[],88,"[[36, 14], [12, 26]]",0.7052287581699346,0.7076370851370852,0.7028571428571428,0.6997166043450873,0.40648760877676543,0.1979177614673058,0.20856984730945963,1
85,ET,"{'n_estimators': 300, 'max_depth': 30, 'min_samples_split': 10, 'max_features': 'sqrt'}",freq,True,True,N/A,[],88,"[[36, 14], [12, 26]]",0.7052287581699346,0.7076370851370852,0.7028571428571428,0.6997166043450873,0.40648760877676543,0.1979177614673058,0.20856984730945963,1
191,ET,"{'n_estimators': 300, 'max_depth': 20, 'min_samples_split': 10, 'max_features': 'sqrt'}",freq,True,True,N/A,[],88,"[[36, 14], [12, 26]]",0.7052287581699346,0.7076370851370852,0.7028571428571428,0.6997166043450873,0.40648760877676543,0.1979177614673058,0.20856984730945963,1
314,ET,"{'n_estimators': 300, 'max_depth': 30, 'min_samples_split': 10, 'max_features': 0.5}",freq,False,True,N/A,[],88,"[[36, 14], [12, 26]]",0.7052287581699346,0.7076370851370852,0.7028571428571428,0.6997166043450873,0.40648760877676543,0.1979177614673058,0.20856984730945963,1
361,ET,"{'n_estimators': 100, 'max_depth': 10, 'min_samples_split': 10, 'max_features': 'sqrt'}",freq,True,True,N/A,[],88,"[[36, 14], [12, 26]]",0.7052287581699346,0.7076370851370852,0.7028571428571428,0.6997166043450873,0.40648760877676543,0.1979177614673058,0.20856984730945963,1
650,ET,"{'n_estimators': 300, 'max_depth': 10, 'min_samples_split': 10, 'max_features': 0.5}",freq,True,True,N/A,[],88,"[[36, 14], [12, 26]]",0.7052287581699346,0.7076370851370852,0.7028571428571428,0.6997166043450873,0.40648760877676543,0.1979177614673058,0.20856984730945963,1
637,NN,"{'hidden_layer_sizes': (64, 64), 'activation': 'relu', 'alpha': 0.01, 'learning_rate_init': 0.0001, 'max_iter': 1000, 'early_stopping': False}",freq,False,False,N/A,[],402,"[[18, 31, 1], [10, 304, 0], [4, 34, 0]]",0.8009567901234569,0.47357840386974087,0.442700119474313,0.44339847095523305,0.27243983531122995,0.06413640941628695,0.208303425894943,1
513,RF,"{'n_estimators': 200, 'max_depth': 10, 'min_samples_split': 2, 'max_features': 'sqrt'}",freq,True,True,N/A,[],88,"[[39, 11], [14, 24]]",0.7163398692810458,0.7331315906315906,0.7060714285714285,0.7056524800635716,0.42200805847631956,0.21392687997959706,0.2080811784967225,1
613,RF,"{'n_estimators': 500, 'max_depth': 20, 'min_samples_split': 2, 'max_features': 'sqrt'}",freq,True,True,N/A,[],88,"[[39, 11], [14, 24]]",0.7163398692810458,0.7331315906315906,0.7060714285714285,0.7056524800635716,0.42200805847631956,0.21392687997959706,0.2080811784967225,1
790,RF,"{'n_estimators': 200, 'max_depth': 20, 'min_samples_split': 2, 'max_features': 'sqrt'}",freq,True,True,N/A,[],88,"[[39, 11], [14, 24]]",0.7163398692810458,0.7331315906315906,0.7060714285714285,0.7056524800635716,0.42200805847631956,0.21392687997959706,0.2080811784967225,1
326,NN,"{'hidden_layer_sizes': (128,), 'activation': 'relu', 'alpha': 0.01, 'learning_rate_init': 0.0005, 'max_iter': 1000, 'early_stopping': False}",pca,True,False,5,[],402,"[[24, 26, 0], [15, 299, 0], [5, 33, 0]]",0.8034567901234568,0.46363913094347875,0.4774091141833077,0.46512519285503534,0.32227045138265387,0.11568386387771995,0.20658658750493392,1
465,RF,"{'n_estimators': 200, 'max_depth': 10, 'min_samples_split': 5, 'max_features': 0.5}",freq,False,True,N/A,[],88,"[[38, 12], [13, 25]]",0.7163398692810458,0.7253429903429904,0.7085714285714285,0.7077275102964966,0.42345895859483057,0.2175806032466546,0.20587835534817597,1
347,RF,"{'n_estimators': 300, 'max_depth': 30, 'min_samples_split': 10, 'max_features': 0.5}",freq,False,True,N/A,['drugConcentration'],88,"[[38, 12], [10, 28]]",0.7496732026143791,0.7509956709956709,0.7460714285714285,0.743982807697978,0.4941373519314517,0.28908621427766756,0.20505113765378413,1
847,ET,"{'n_estimators': 300, 'max_depth': 30, 'min_samples_split': 2, 'max_features': 'sqrt'}",pca,False,True,5,[],88,"[[35, 15], [12, 26]]",0.6934640522875817,0.6976406926406927,0.6928571428571428,0.6879530273647921,0.3817567015746629,0.17873656957615164,0.20302013199851127,1
595,NN,"{'hidden_layer_sizes': (64,), 'activation': 'tanh', 'alpha': 0.0001, 'learning_rate_init': 0.0005, 'max_iter': 1000, 'early_stopping': False}",freq,False,False,N/A,[],402,"[[14, 32, 4], [9, 301, 4], [2, 34, 2]]",0.7884876543209876,0.5837800739825754,0.4294913807817033,0.4465852053059557,0.23780151895863474,0.03578557937808059,0.20201593958055414,1
188,NN,"{'hidden_layer_sizes': (64,), 'activation': 'relu', 'alpha': 0.001, 'learning_rate_init': 0.001, 'max_iter': 1000, 'early_stopping': False}",pca,False,True,5,[],88,"[[40, 10], [12, 26]]",0.7503267973856209,0.7565295815295816,0.7410714285714286,0.734277471754252,0.4830550511626425,0.2812702385581815,0.20178481260446102,1
104,RF,"{'n_estimators': 100, 'max_depth': 5, 'min_samples_split': 2, 'max_features': 'log2'}",pca,True,True,15,[],88,"[[39, 11], [11, 27]]",0.7503267973856209,0.7598776223776224,0.7453571428571428,0.7439271439961304,0.49540369269284923,0.29754884756959,0.19785484512325924,1
562,RF,"{'n_estimators': 300, 'max_depth': 5, 'min_samples_split': 2, 'max_features': 0.5}",freq,False,True,N/A,[],88,"[[37, 13], [13, 25]]",0.7052287581699346,0.7153826728826729,0.7003571428571428,0.6982065926176843,0.4047413803216761,0.20851010581687152,0.1962312745048046,1
915,ET,"{'n_estimators': 500, 'max_depth': 5, 'min_samples_split': 2, 'max_features': 'sqrt'}",freq,False,True,N/A,[],88,"[[39, 11], [15, 23]]",0.7052287581699346,0.71492340992341,0.6917857142857142,0.69041880450953,0.39329004298377973,0.19741815357172426,0.19587188941205547,1
477,SVM,"{'C': 1, 'kernel': 'poly', 'gamma': 'auto'}",freq,False,False,N/A,"['relationExtrusionWeight', 'drugConcentration']",389,"[[37, 8, 1], [51, 191, 64], [17, 10, 10]]",0.6117216117216117,0.46317258294311997,0.5663185263528997,0.45920927174738396,0.2711211490017105,0.07627648952834638,0.19484465947336416,1
101,SVM,"{'C': 1, 'kernel': 'poly', 'gamma': 'scale'}",pca,False,False,10,[],402,"[[24, 26, 0], [18, 296, 0], [5, 33, 0]]",0.7959259259259259,0.4490094753138232,0.4742003754906981,0.4588421959002741,0.30853852136130766,0.1144596469629481,0.19407887439835958,1
65,ET,"{'n_estimators': 100, 'max_depth': None, 'min_samples_split': 10, 'max_features': 'sqrt'}",,False,True,N/A,"['relationExtrusionWeight', 'drugConcentration']",83,"[[41, 5], [19, 18]]",0.711764705882353,0.7669696969696969,0.6906349206349206,0.6758699563848305,0.3917722246561123,0.2018712976563125,0.18990092699979977,1
859,NN,"{'hidden_layer_sizes': (64, 64), 'activation': 'relu', 'alpha': 0.01, 'learning_rate_init': 0.0001, 'max_iter': 1000, 'early_stopping': False}",pca,True,False,5,[],402,"[[22, 28, 0], [14, 300, 0], [5, 33, 0]]",0.8008950617283951,0.47223820157071844,0.465099846390169,0.4580947746017136,0.304357942743798,0.11450396419440696,0.18985397854939107,1
540,RF,"{'n_estimators': 500, 'max_depth': 20, 'min_samples_split': 10, 'max_features': 0.5}",freq,True,True,N/A,[],88,"[[36, 14], [12, 26]]",0.7045751633986929,0.7166921966921967,0.7010714285714286,0.6972053716164633,0.40391581880778826,0.21436639656134987,0.1895494222464384,1
820,RF,"{'n_estimators': 300, 'max_depth': 20, 'min_samples_split': 10, 'max_features': 'log2'}",freq,True,True,N/A,[],88,"[[36, 14], [12, 26]]",0.7045751633986929,0.7166921966921967,0.7010714285714286,0.6972053716164633,0.40391581880778826,0.21436639656134987,0.1895494222464384,1
798,SVM,"{'C': 100, 'kernel': 'linear', 'gamma': 'scale'}",pca,True,False,20,[],402,"[[29, 18, 3], [41, 269, 4], [7, 30, 1]]",0.743611111111111,0.42288843115887137,0.4872444103089265,0.4429861250682484,0.2893404067938108,0.10073043514640105,0.18860997164740972,1
610,RF,"{'n_estimators': 200, 'max_depth': 10, 'min_samples_split': 5, 'max_features': 'sqrt'}",freq,False,True,N/A,[],88,"[[38, 12], [14, 24]]",0.7045751633986929,0.7175255300255301,0.6960714285714286,0.694896569307661,0.39941300454887646,0.21123359388916202,0.18817941065971444,1
738,RF,"{'n_estimators': 300, 'max_depth': 20, 'min_samples_split': 5, 'max_features': 'log2'}",freq,True,True,N/A,[],88,"[[38, 12], [14, 24]]",0.7045751633986929,0.7175255300255301,0.6960714285714286,0.694896569307661,0.39941300454887646,0.21123359388916202,0.18817941065971444,1
752,RF,"{'n_estimators': 100, 'max_depth': 10, 'min_samples_split': 2, 'max_features': 'log2'}",freq,True,True,N/A,[],88,"[[38, 12], [14, 24]]",0.7045751633986929,0.7175255300255301,0.6960714285714286,0.694896569307661,0.39941300454887646,0.21123359388916202,0.18817941065971444,1
378,RF,"{'n_estimators': 500, 'max_depth': 10, 'min_samples_split': 5, 'max_features': 'log2'}",pca,True,True,10,[],88,"[[35, 15], [11, 27]]",0.7058823529411764,0.705923520923521,0.7053571428571429,0.700484355685594,0.4061098418481235,0.22174630615909907,0.18436353568902442,1
623,SVM,"{'C': 10, 'kernel': 'poly', 'gamma': 'scale'}",freq,False,True,N/A,['drugConcentration'],88,"[[48, 2], [27, 11]]",0.6699346405228758,0.7619047619047619,0.6228571428571428,0.5933916083916084,0.26536067614206094,0.08110962009246465,0.1842510560495963,1
778,SVM,"{'C': 10, 'kernel': 'rbf', 'gamma': 'scale'}",pca,True,True,5,[],88,"[[40, 10], [12, 26]]",0.7483660130718954,0.7499206349206349,0.7410714285714285,0.735922158337019,0.4800581290054974,0.29626458836688,0.18379354063861736,1
265,NN,"{'hidden_layer_sizes': (256,), 'activation': 'tanh', 'alpha': 0.0001, 'learning_rate_init': 0.0001, 'max_iter': 1000, 'early_stopping': False}",pca,False,False,20,[],402,"[[16, 33, 1], [9, 301, 4], [2, 35, 1]]",0.7909876543209876,0.5188954036416896,0.43449138078170335,0.4464291159895611,0.2374862360366345,0.058906316237402834,0.17857991979923166,1
514,NN,"{'hidden_layer_sizes': (128,), 'activation': 'relu', 'alpha': 0.001, 'learning_rate_init': 0.0005, 'max_iter': 1000, 'early_stopping': False}",freq,False,True,N/A,[],88,"[[37, 13], [12, 26]]",0.715032679738562,0.7266575091575092,0.7092857142857143,0.6939844093104963,0.4105907950018025,0.23297801002869878,0.17761278497310373,1
676,RF,"{'n_estimators': 500, 'max_depth': None, 'min_samples_split': 5, 'max_features': 'log2'}",freq,True,True,N/A,[],88,"[[37, 13], [14, 24]]",0.6934640522875817,0.7033480408480408,0.6860714285714286,0.6845069589180505,0.3777966462236574,0.20118959493225178,0.1766070512914056,1
53,NN,"{'hidden_layer_sizes': (128,), 'activation': 'relu', 'alpha': 0.001, 'learning_rate_init': 0.0001, 'max_iter': 1000, 'early_stopping': False}",pca,True,False,5,[],402,"[[17, 33, 0], [11, 303, 0], [2, 36, 0]]",0.7959567901234568,0.4771004456267615,0.43497525174944524,0.436064787460073,0.23902096782320492,0.06325097284952678,0.17576999497367812,1
779,SVM,"{'C': 1, 'kernel': 'poly', 'gamma': 'auto'}",freq,False,False,N/A,"['printerBrandType', 'relationExtrusionWeight', 'drugConcentration']",338,"[[21, 7, 0], [67, 231, 2], [4, 2, 4]]",0.7561018437225637,0.5605155572396952,0.6455555555555555,0.5346540405591502,0.37929560441659466,0.2045944660868974,0.17470113832969725,1
908,RF,"{'n_estimators': 100, 'max_depth': 5, 'min_samples_split': 5, 'max_features': 'sqrt'}",pca,False,True,5,[],88,"[[36, 14], [11, 27]]",0.7169934640522875,0.7175901875901877,0.7153571428571428,0.7081921724646183,0.4242586848750152,0.25734797847599294,0.16691070639902228,1
870,NN,"{'hidden_layer_sizes': (256, 256), 'activation': 'tanh', 'alpha': 0.001, 'learning_rate_init': 0.0005, 'max_iter': 1000, 'early_stopping': False}",pca,True,False,5,[],402,"[[24, 24, 2], [14, 300, 0], [4, 34, 0]]",0.8059876543209876,0.48539658987180756,0.47846731524150876,0.46082054736986133,0.32297234001554526,0.1575601091893682,0.16541223082617706,1
340,RF,"{'n_estimators': 100, 'max_depth': None, 'min_samples_split': 5, 'max_features': 0.5}",freq,False,True,N/A,[],88,"[[38, 12], [14, 24]]",0.703921568627451,0.7139973914973915,0.6942857142857143,0.6923624367735284,0.3952150517475486,0.24333566496247427,0.15187938678507434,1
318,RF,"{'n_estimators': 200, 'max_depth': None, 'min_samples_split': 10, 'max_features': 'log2'}",freq,True,True,N/A,[],88,"[[36, 14], [13, 25]]",0.6928104575163399,0.7039649239649239,0.6867857142857142,0.6822037066147983,0.375764604078515,0.22470890555851236,0.1510556985200026,1
20,NN,"{'hidden_layer_sizes': (64, 64), 'activation': 'relu', 'alpha': 0.001, 'learning_rate_init': 0.001, 'max_iter': 1000, 'early_stopping': False}",freq,True,True,N/A,[],88,"[[34, 16], [12, 26]]",0.6830065359477124,0.6842388167388167,0.6828571428571429,0.6797159565580618,0.36440208140115515,0.21356981669581593,0.15083226470533923,1
229,ET,"{'n_estimators': 300, 'max_depth': 20, 'min_samples_split': 5, 'max_features': 'sqrt'}",,False,True,N/A,"['relationExtrusionWeight', 'drugConcentration']",83,"[[41, 5], [19, 18]]",0.7125,0.7566117216117216,0.6906349206349207,0.6791320083425346,0.39196623597804514,0.24456850188013993,0.14739773409790521,1
12,NN,"{'hidden_layer_sizes': (128,), 'activation': 'tanh', 'alpha': 0.0001, 'learning_rate_init': 0.001, 'max_iter': 1000, 'early_stopping': False}",freq,False,True,N/A,[],88,"[[37, 13], [13, 25]]",0.7039215686274509,0.7109648684648684,0.6967857142857143,0.6834658334591031,0.3873549946575684,0.24273890098886886,0.14461609366869954,1
354,SVM,"{'C': 10, 'kernel': 'linear', 'gamma': 'scale'}",freq,False,True,N/A,[],88,"[[37, 13], [13, 25]]",0.7039215686274509,0.7109648684648684,0.6967857142857143,0.6834658334591031,0.3873549946575684,0.24273890098886886,0.14461609366869954,1
76,NN,"{'hidden_layer_sizes': (64, 64), 'activation': 'tanh', 'alpha': 0.01, 'learning_rate_init': 0.0005, 'max_iter': 1000, 'early_stopping': False}",pca,False,True,15,"['relationExtrusionWeight', 'drugConcentration']",83,"[[38, 8], [17, 20]]",0.7,0.7291558441558441,0.685873015873016,0.6728468899521531,0.37448059583951754,0.2301177418571949,0.14436285398232263,1
147,RF,"{'n_estimators': 100, 'max_depth': 20, 'min_samples_split': 2, 'max_features': 0.5}",pca,True,True,10,[],88,"[[37, 13], [14, 24]]",0.6941176470588235,0.6934632034632033,0.6842857142857144,0.6832534441822368,0.3709825965666134,0.2281238901757044,0.14285870639090903,1
556,RF,"{'n_estimators': 200, 'max_depth': 30, 'min_samples_split': 2, 'max_features': 'sqrt'}",,True,False,N/A,"['relationExtrusionWeight', 'drugConcentration']",389,"[[0, 44, 2], [3, 299, 4], [3, 24, 10]]",0.7943722943722944,0.4893997970573313,0.4161768779431392,0.42043806352358953,0.18233360384108424,0.04665621465156324,0.135677389189521,1
597,NN,"{'hidden_layer_sizes': (128,), 'activation': 'tanh', 'alpha': 0.01, 'learning_rate_init': 0.0001, 'max_iter': 1000, 'early_stopping': False}",pca,True,False,10,[],402,"[[14, 33, 3], [8, 303, 3], [1, 33, 4]]",0.7985802469135802,0.5698771304798702,0.45189708141321044,0.47368670546518715,0.25720032488861627,0.1323374155831443,0.12486290930547198,1
866,RF,"{'n_estimators': 300, 'max_depth': None, 'min_samples_split': 2, 'max_features': 0.5}",freq,True,True,N/A,[],88,"[[38, 12], [15, 23]]",0.6941176470588235,0.7063566988566988,0.6835714285714285,0.68446135608607,0.37606022792071553,0.2515529718029146,0.12450725611780095,1
81,SVM,"{'C': 0.1, 'kernel': 'poly', 'gamma': 'scale'}",freq,False,True,N/A,[],88,"[[29, 21], [8, 30]]",0.6679738562091504,0.6942676767676768,0.6810714285714287,0.664298245614035,0.3475177454124823,0.23057983504276652,0.11693791036971579,1
756,ET,"{'n_estimators': 500, 'max_depth': 5, 'min_samples_split': 10, 'max_features': 'sqrt'}",,False,True,N/A,"['relationExtrusionWeight', 'drugConcentration']",83,"[[41, 5], [21, 16]]",0.6875,0.741060606060606,0.662063492063492,0.645552203961815,0.33501109981829735,0.22061264995512794,0.11439844986316941,1
497,ET,"{'n_estimators': 300, 'max_depth': None, 'min_samples_split': 10, 'max_features': 'log2'}",,False,True,N/A,['drugConcentration'],88,"[[43, 7], [22, 16]]",0.6718954248366014,0.7137545787545788,0.6407142857142858,0.6341936962844218,0.3012421655283246,0.19590992783332759,0.10533223769499703,1
195,NN,"{'hidden_layer_sizes': (256,), 'activation': 'tanh', 'alpha': 0.01, 'learning_rate_init': 0.001, 'max_iter': 1000, 'early_stopping': False}",pca,True,False,5,[],402,"[[14, 32, 4], [10, 303, 1], [1, 37, 0]]",0.7886111111111112,0.47398845148454993,0.41499231950844856,0.41363202225889184,0.20832584260689244,0.10915271607775989,0.09917312652913254,1
474,RF,"{'n_estimators': 100, 'max_depth': 10, 'min_samples_split': 10, 'max_features': 0.5}",,False,True,N/A,['drugConcentration'],88,"[[42, 8], [22, 16]]",0.6601307189542485,0.6865567765567766,0.6307142857142857,0.6236666870617604,0.27772117316191236,0.180869420188759,0.09685175297315335,1
316,ET,"{'n_estimators': 300, 'max_depth': 5, 'min_samples_split': 2, 'max_features': 'log2'}",,True,True,N/A,"['relationExtrusionWeight', 'drugConcentration']",83,"[[41, 5], [23, 14]]",0.663235294117647,0.7118298368298369,0.6352777777777778,0.6179437229437229,0.2822277498513225,0.19275320468589896,0.08947454516542352,1
309,RF,"{'n_estimators': 500, 'max_depth': None, 'min_samples_split': 2, 'max_features': 'sqrt'}",,False,False,N/A,['drugConcentration'],402,"[[0, 49, 1], [5, 301, 8], [4, 25, 9]]",0.7711419753086419,0.4342795290163711,0.3993215565796211,0.39540158711227696,0.13228739765136638,0.04330493842174039,0.088982459229626,1
417,RF,"{'n_estimators': 200, 'max_depth': 30, 'min_samples_split': 10, 'max_features': 'sqrt'}",,False,True,N/A,['drugConcentration'],88,"[[42, 8], [21, 17]]",0.6712418300653595,0.6920512820512821,0.6432142857142857,0.6375462857239678,0.30232814513730544,0.21764668835579298,0.08468145678151245,1
422,ET,"{'n_estimators': 100, 'max_depth': 30, 'min_samples_split': 5, 'max_features': 'sqrt'}",,False,False,N/A,['drugConcentration'],402,"[[0, 49, 1], [1, 308, 5], [3, 29, 6]]",0.7811111111111111,0.4549096066417852,0.3805384877965523,0.37267020433471154,0.10871207267232808,0.03406082836002178,0.0746512443123063,1
380,SVM,"{'C': 1, 'kernel': 'linear', 'gamma': 'scale'}",,False,True,N/A,['drugConcentration'],88,"[[43, 7], [25, 13]]",0.6366013071895424,0.6710381285381285,0.5996428571428571,0.583865265169613,0.21335764603169666,0.14234426862131758,0.07101337741037908,1
748,RF,"{'n_estimators': 300, 'max_depth': 5, 'min_samples_split': 5, 'max_features': 'log2'}",pca,True,True,5,[],88,"[[35, 15], [12, 26]]",0.6947712418300653,0.6930050505050506,0.6928571428571428,0.6891986659711117,0.38012574285050693,0.31926983677319876,0.060855906077308175,1
598,SVM,"{'C': 0.1, 'kernel': 'linear', 'gamma': 'scale'}",freq,False,True,N/A,['drugConcentration'],88,"[[43, 7], [24, 14]]",0.6477124183006536,0.6801406926406927,0.6121428571428572,0.5973126873126873,0.23793307060712127,0.18060264180276148,0.05733042880435979,1
54,SVM,"{'C': 100, 'kernel': 'poly', 'gamma': 'auto'}",,True,True,N/A,"['relationExtrusionWeight', 'drugConcentration']",83,"[[44, 2], [25, 12]]",0.6764705882352942,0.7022023809523809,0.6396031746031745,0.6031065794109273,0.2907246830020636,0.23352502348243298,0.05719965951963063,1
169,RF,"{'n_estimators': 500, 'max_depth': 10, 'min_samples_split': 2, 'max_features': 'log2'}",,False,False,N/A,['drugConcentration'],402,"[[0, 49, 1], [4, 303, 7], [4, 27, 7]]",0.7711728395061728,0.42211452053557325,0.3835808158388804,0.37904973466825476,0.10955612705697242,0.0559810066330689,0.05357512042390351,1
834,ET,"{'n_estimators': 100, 'max_depth': 20, 'min_samples_split': 10, 'max_features': 'log2'}",,False,False,N/A,['drugConcentration'],402,"[[0, 49, 1], [0, 310, 4], [3, 31, 4]]",0.7811111111111111,0.36498772897840187,0.3648148148148148,0.3444762923728867,0.082879063941483,0.05528147249996518,0.027597591441517827,1
881,RF,"{'n_estimators': 200, 'max_depth': 5, 'min_samples_split': 5, 'max_features': 'sqrt'}",,True,False,N/A,['drugConcentration'],402,"[[0, 49, 1], [0, 312, 2], [1, 32, 5]]",0.7885185185185184,0.48686746094973943,0.3740570063150709,0.364469168562946,0.09412016073395224,0.06888011693185347,0.025240043802098766,1
470,NN,"{'hidden_layer_sizes': (256,), 'activation': 'relu', 'alpha': 0.01, 'learning_rate_init': 0.001, 'max_iter': 1000, 'early_stopping': False}",,False,True,N/A,['drugConcentration'],88,"[[38, 12], [21, 17]]",0.6254901960784314,0.6235714285714286,0.6032142857142857,0.5950800128663907,0.21312933776749565,0.19001240666417485,0.023116931103320804,1
730,RF,"{'n_estimators': 300, 'max_depth': 10, 'min_samples_split': 5, 'max_features': 0.5}",,True,False,N/A,['drugConcentration'],402,"[[0, 49, 1], [2, 306, 6], [1, 31, 6]]",0.776111111111111,0.4087287115135216,0.37723160948967405,0.3665825157116672,0.08673837887664164,0.06562629608913326,0.021112082787508382,1
205,SVM,"{'C': 100, 'kernel': 'linear', 'gamma': 'auto'}",pca,False,False,20,"['printerBrandType', 'relationExtrusionWeight']",338,"[[17, 8, 3], [75, 204, 21], [5, 5, 0]]",0.6529850746268656,0.4098028372440467,0.4311111111111111,0.3622067784330111,0.22431951958143825,0.23281726329903124,-0.008497743717592987,1
200,SVM,"{'C': 100, 'kernel': 'linear', 'gamma': 'auto'}",freq,False,False,N/A,['drugConcentration'],402,"[[16, 30, 4], [37, 261, 16], [3, 29, 6]]",0.7035802469135802,0.4873829529587275,0.43609148318825736,0.4235519978418908,0.1866531729626239,0.2234759738967212,-0.03682280093409729,1
5,NN,"{'hidden_layer_sizes': (64,), 'activation': 'relu', 'alpha': 0.0001, 'learning_rate_init': 0.0001, 'max_iter': 1000, 'early_stopping': False}",freq,False,False,N/A,[],402,"[[0, 50, 0], [0, 314, 0], [0, 38, 0]]",0.7811111111111111,0.26037037037037036,0.3333333333333333,0.2923651465904987,,,,0
16,SVM,"{'C': 0.1, 'kernel': 'rbf', 'gamma': 'scale'}",pca,False,False,20,[],402,"[[0, 50, 0], [0, 314, 0], [0, 38, 0]]",0.7811111111111111,0.26037037037037036,0.3333333333333333,0.2923651465904987,,,,0
22,SVM,"{'C': 0.1, 'kernel': 'rbf', 'gamma': 'scale'}",freq,False,True,N/A,['relationExtrusionWeight'],83,"[[46, 0], [37, 0]]",0.5544117647058824,0.2772058823529412,0.5,0.3565356125356125,,,,0
35,SVM,"{'C': 100, 'kernel': 'poly', 'gamma': 'scale'}",,False,False,N/A,"['relationExtrusionWeight', 'drugConcentration']",389,"[[0, 46, 0], [0, 306, 0], [0, 37, 0]]",0.7866466866466866,0.26221556221556225,0.3333333333333333,0.29352438546057563,,,,0
39,ET,"{'n_estimators': 200, 'max_depth': 5, 'min_samples_split': 2, 'max_features': 'sqrt'}",freq,True,False,N/A,[],402,"[[4, 41, 5], [0, 314, 0], [0, 35, 3]]",0.7985802469135802,0.5686354225644699,0.3873809523809523,0.38818623079454684,,,,0
41,NN,"{'hidden_layer_sizes': (64,), 'activation': 'relu', 'alpha': 0.0001, 'learning_rate_init': 0.001, 'max_iter': 1000, 'early_stopping': False}",freq,False,False,N/A,"['relationExtrusionWeight', 'drugConcentration']",389,"[[0, 0, 46], [0, 0, 306], [0, 0, 37]]",0.0951048951048951,0.0317016317016317,0.3333333333333333,0.05787809697522419,,,,0
51,SVM,"{'C': 100, 'kernel': 'poly', 'gamma': 'auto'}",freq,False,True,N/A,[],88,"[[50, 0], [38, 0]]",0.5686274509803921,0.28431372549019607,0.5,0.36243386243386244,,,,0
90,RF,"{'n_estimators': 500, 'max_depth': 5, 'min_samples_split': 2, 'max_features': 0.5}",,True,False,N/A,['relationExtrusionWeight'],389,"[[0, 46, 0], [0, 306, 0], [0, 35, 2]]",0.7917748917748917,0.39691419691419694,0.35119047619047616,0.32585467857597983,,,,0
103,NN,"{'hidden_layer_sizes': (256, 256), 'activation': 'relu', 'alpha': 0.01, 'learning_rate_init': 0.001, 'max_iter': 1000, 'early_stopping': False}",freq,False,False,N/A,"['relationExtrusionWeight', 'drugConcentration']",389,"[[0, 46, 0], [0, 306, 0], [0, 37, 0]]",0.7866466866466866,0.26221556221556225,0.3333333333333333,0.29352438546057563,,,,0
111,NN,"{'hidden_layer_sizes': (128, 128), 'activation': 'relu', 'alpha': 0.01, 'learning_rate_init': 0.0005, 'max_iter': 1000, 'early_stopping': False}",pca,False,False,15,['relationExtrusionWeight'],389,"[[19, 19, 8], [123, 144, 39], [14, 15, 8]]",0.44049284049284043,0.19465500682891984,0.3573770491803278,0.19824685796771696,,,,0
114,SVM,"{'C': 100, 'kernel': 'poly', 'gamma': 'auto'}",pca,False,True,20,[],88,"[[50, 0], [38, 0]]",0.5686274509803921,0.28431372549019607,0.5,0.36243386243386244,,,,0
120,ET,"{'n_estimators': 300, 'max_depth': 5, 'min_samples_split': 5, 'max_features': 'log2'}",freq,True,False,N/A,[],402,"[[0, 46, 4], [0, 314, 0], [1, 36, 1]]",0.7835802469135802,0.3310272861222229,0.3416666666666666,0.3096716881066866,,,,0
130,RF,"{'n_estimators': 300, 'max_depth': 5, 'min_samples_split': 2, 'max_features': 'log2'}",,False,True,N/A,['relationExtrusionWeight'],83,"[[46, 0], [35, 2]]",0.5786764705882353,0.48426470588235293,0.5267857142857142,0.40952706552706547,,,,0
139,SVM,"{'C': 0.1, 'kernel': 'rbf', 'gamma': 'auto'}",freq,False,False,N/A,[],402,"[[0, 50, 0], [0, 314, 0], [0, 38, 0]]",0.7811111111111111,0.26037037037037036,0.3333333333333333,0.2923651465904987,,,,0
164,SVM,"{'C': 0.1, 'kernel': 'poly', 'gamma': 'auto'}",freq,False,True,N/A,[],88,"[[50, 0], [38, 0]]",0.5686274509803921,0.28431372549019607,0.5,0.36243386243386244,,,,0
172,SVM,"{'C': 10, 'kernel': 'linear', 'gamma': 'scale'}",freq,False,False,N/A,[],402,"[[3, 44, 3], [7, 304, 3], [2, 34, 2]]",0.7685802469135802,0.3606062187136095,0.3592643795869602,0.33354150308943586,,,,0
193,NN,"{'hidden_layer_sizes': (128,), 'activation': 'tanh', 'alpha': 0.01, 'learning_rate_init': 0.0005, 'max_iter': 1000, 'early_stopping': False}",pca,False,False,15,"['printerBrandType', 'relationExtrusionWeight', 'drugConcentration']",338,"[[7, 21, 0], [7, 293, 0], [1, 9, 0]]",0.887620719929763,0.36480886882116026,0.41,0.38497625296837895,,,,0
210,NN,"{'hidden_layer_sizes': (256, 256), 'activation': 'tanh', 'alpha': 0.001, 'learning_rate_init': 0.0005, 'max_iter': 1000, 'early_stopping': False}",,True,False,N/A,"['relationExtrusionWeight', 'drugConcentration']",389,"[[0, 46, 0], [0, 306, 0], [0, 37, 0]]",0.7866466866466866,0.26221556221556225,0.3333333333333333,0.29352438546057563,,,,0
238,SVM,"{'C': 0.1, 'kernel': 'rbf', 'gamma': 'auto'}",pca,True,False,10,[],402,"[[0, 50, 0], [0, 314, 0], [0, 38, 0]]",0.7811111111111111,0.26037037037037036,0.3333333333333333,0.2923651465904987,,,,0
264,ET,"{'n_estimators': 300, 'max_depth': 5, 'min_samples_split': 2, 'max_features': 'log2'}",,True,False,N/A,['drugConcentration'],402,"[[0, 50, 0], [0, 314, 0], [0, 38, 0]]",0.7811111111111111,0.26037037037037036,0.3333333333333333,0.2923651465904987,,,,0
266,NN,"{'hidden_layer_sizes': (64,), 'activation': 'tanh', 'alpha': 0.0001, 'learning_rate_init': 0.0001, 'max_iter': 1000, 'early_stopping': False}",freq,False,False,N/A,"['printerBrandType', 'relationExtrusionWeight']",338,"[[0, 28, 0], [0, 300, 0], [0, 10, 0]]",0.887620719929763,0.295873573309921,0.3333333333333333,0.3134842519685039,,,,0
275,SVM,"{'C': 0.1, 'kernel': 'linear', 'gamma': 'auto'}",freq,False,True,N/A,[],88,"[[50, 0], [38, 0]]",0.5686274509803921,0.28431372549019607,0.5,0.36243386243386244,,,,0
297,SVM,"{'C': 10, 'kernel': 'poly', 'gamma': 'scale'}",pca,True,False,20,[],402,"[[1, 45, 4], [2, 307, 5], [0, 35, 3]]",0.7737037037037038,0.37032897744477344,0.35755845707458606,0.33296840298322883,,,,0
299,SVM,"{'C': 10, 'kernel': 'linear', 'gamma': 'scale'}",pca,False,False,10,[],402,"[[3, 47, 0], [7, 307, 0], [2, 36, 0]]",0.7711111111111111,0.27929193899782134,0.34580645161290324,0.30874125874125874,,,,0
300,SVM,"{'C': 10, 'kernel': 'poly', 'gamma': 'auto'}",pca,False,False,10,[],402,"[[0, 50, 0], [0, 314, 0], [0, 38, 0]]",0.7811111111111111,0.26037037037037036,0.3333333333333333,0.2923651465904987,,,,0
329,RF,"{'n_estimators': 500, 'max_depth': 5, 'min_samples_split': 10, 'max_features': 'sqrt'}",,False,False,N/A,['relationExtrusionWeight'],389,"[[0, 46, 0], [0, 306, 0], [0, 37, 0]]",0.7866466866466866,0.26221556221556225,0.3333333333333333,0.29352438546057563,,,,0
369,SVM,"{'C': 100, 'kernel': 'poly', 'gamma': 'auto'}",freq,False,False,N/A,[],402,"[[0, 50, 0], [0, 314, 0], [0, 38, 0]]",0.7811111111111111,0.26037037037037036,0.3333333333333333,0.2923651465904987,,,,0
371,SVM,"{'C': 0.1, 'kernel': 'poly', 'gamma': 'auto'}",freq,True,True,N/A,[],88,"[[50, 0], [31, 7]]",0.6483660130718956,0.7102124183006536,0.5928571428571427,0.5286378436378436,,,,0
373,ET,"{'n_estimators': 500, 'max_depth': 5, 'min_samples_split': 5, 'max_features': 'log2'}",freq,True,False,N/A,[],402,"[[0, 46, 4], [0, 314, 0], [0, 37, 1]]",0.7835802469135802,0.3303627291601975,0.3416666666666666,0.3092580172704805,,,,0
393,SVM,"{'C': 0.1, 'kernel': 'linear', 'gamma': 'auto'}",pca,False,False,15,['printerBrandType'],339,"[[10, 18, 0], [8, 292, 0], [1, 10, 0]]",0.8908691834942932,0.3769790670439901,0.43555555555555553,0.40083825588920535,,,,0
394,SVM,"{'C': 1, 'kernel': 'linear', 'gamma': 'auto'}",pca,True,False,20,[],402,"[[10, 40, 0], [13, 301, 0], [2, 36, 0]]",0.773641975308642,0.32026094276094275,0.3861409796893668,0.3492527240201659,,,,0
403,NN,"{'hidden_layer_sizes': (64, 64), 'activation': 'tanh', 'alpha': 0.01, 'learning_rate_init': 0.0005, 'max_iter': 1000, 'early_stopping': False}",pca,False,False,20,['relationExtrusionWeight'],389,"[[0, 46, 0], [0, 306, 0], [0, 37, 0]]",0.7866466866466866,0.26221556221556225,0.3333333333333333,0.29352438546057563,,,,0
419,SVM,"{'C': 100, 'kernel': 'linear', 'gamma': 'auto'}",freq,False,False,N/A,[],402,"[[11, 36, 3], [10, 300, 4], [2, 34, 2]]",0.7786111111111111,0.38178554178139157,0.40838197644649255,0.38429236335952127,,,,0
428,RF,"{'n_estimators': 200, 'max_depth': 30, 'min_samples_split': 5, 'max_features': 0.5}",,False,True,N/A,['relationExtrusionWeight'],83,"[[46, 0], [35, 2]]",0.5786764705882353,0.48426470588235293,0.5267857142857142,0.40952706552706547,,,,0
508,SVM,"{'C': 10, 'kernel': 'rbf', 'gamma': 'scale'}",,False,True,N/A,['relationExtrusionWeight'],83,"[[46, 0], [35, 2]]",0.5786764705882353,0.48426470588235293,0.5267857142857142,0.40952706552706547,,,,0
517,NN,"{'hidden_layer_sizes': (64,), 'activation': 'tanh', 'alpha': 0.001, 'learning_rate_init': 0.0001, 'max_iter': 1000, 'early_stopping': False}",,False,False,N/A,"['printerBrandType', 'relationExtrusionWeight']",338,"[[0, 28, 0], [0, 300, 0], [0, 10, 0]]",0.887620719929763,0.295873573309921,0.3333333333333333,0.3134842519685039,,,,0
535,SVM,"{'C': 0.1, 'kernel': 'rbf', 'gamma': 'scale'}",pca,True,False,10,[],402,"[[0, 50, 0], [0, 314, 0], [0, 38, 0]]",0.7811111111111111,0.26037037037037036,0.3333333333333333,0.2923651465904987,,,,0
552,NN,"{'hidden_layer_sizes': (128, 128), 'activation': 'tanh', 'alpha': 0.0001, 'learning_rate_init': 0.0005, 'max_iter': 1000, 'early_stopping': False}",freq,False,False,N/A,"['printerBrandType', 'relationExtrusionWeight', 'drugConcentration']",338,"[[15, 13, 0], [9, 291, 0], [1, 9, 0]]",0.9053994732221247,0.43194937850902787,0.5011111111111111,0.4605276786668635,,,,0
553,SVM,"{'C': 0.1, 'kernel': 'poly', 'gamma': 'scale'}",freq,True,True,N/A,[],88,"[[50, 0], [30, 8]]",0.6594771241830066,0.7138888888888889,0.6053571428571428,0.5492646242646242,,,,0
570,SVM,"{'C': 1, 'kernel': 'linear', 'gamma': 'scale'}",pca,True,False,15,[],402,"[[12, 38, 0], [13, 301, 0], [3, 35, 0]]",0.7785185185185185,0.36801937919147504,0.3994743130227001,0.3764659416894575,,,,0
576,NN,"{'hidden_layer_sizes': (64,), 'activation': 'tanh', 'alpha': 0.0001, 'learning_rate_init': 0.0001, 'max_iter': 1000, 'early_stopping': False}",freq,False,False,N/A,[],402,"[[0, 50, 0], [0, 314, 0], [0, 38, 0]]",0.7811111111111111,0.26037037037037036,0.3333333333333333,0.2923651465904987,,,,0
580,NN,"{'hidden_layer_sizes': (128,), 'activation': 'tanh', 'alpha': 0.0001, 'learning_rate_init': 0.0001, 'max_iter': 1000, 'early_stopping': False}",freq,False,False,N/A,[],402,"[[2, 48, 0], [1, 313, 0], [0, 38, 0]]",0.7836111111111111,0.30596200096200094,0.34559139784946236,0.3131751941104459,,,,0
587,SVM,"{'C': 0.1, 'kernel': 'rbf', 'gamma': 'auto'}",freq,True,False,N/A,[],402,"[[0, 50, 0], [0, 314, 0], [0, 38, 0]]",0.7811111111111111,0.26037037037037036,0.3333333333333333,0.2923651465904987,,,,0
633,RF,"{'n_estimators': 100, 'max_depth': 5, 'min_samples_split': 10, 'max_features': 'sqrt'}",,True,False,N/A,['printerBrandType'],339,"[[0, 28, 0], [0, 300, 0], [0, 11, 0]]",0.8849868305531168,0.29499561018437226,0.3333333333333333,0.31299212598425197,,,,0
651,SVM,"{'C': 1, 'kernel': 'poly', 'gamma': 'scale'}",pca,True,False,5,[],402,"[[18, 32, 0], [15, 299, 0], [3, 35, 0]]",0.7885493827160494,0.4041817572099262,0.43737497866530123,0.41849202192878543,,,,0
677,SVM,"{'C': 1, 'kernel': 'linear', 'gamma': 'scale'}",freq,False,False,N/A,[],402,"[[0, 50, 0], [0, 314, 0], [0, 38, 0]]",0.7811111111111111,0.26037037037037036,0.3333333333333333,0.2923651465904987,,,,0
688,NN,"{'hidden_layer_sizes': (64, 64), 'activation': 'relu', 'alpha': 0.0001, 'learning_rate_init': 0.0001, 'max_iter': 1000, 'early_stopping': False}",,False,False,N/A,['relationExtrusionWeight'],389,"[[0, 0, 46], [0, 0, 306], [0, 0, 37]]",0.0951048951048951,0.0317016317016317,0.3333333333333333,0.05787809697522419,,,,0
697,ET,"{'n_estimators': 200, 'max_depth': None, 'min_samples_split': 5, 'max_features': 'log2'}",,False,True,N/A,['relationExtrusionWeight'],83,"[[46, 0], [35, 2]]",0.5786764705882353,0.48426470588235293,0.5267857142857142,0.40952706552706547,,,,0
701,SVM,"{'C': 10, 'kernel': 'rbf', 'gamma': 'auto'}",pca,False,False,15,['relationExtrusionWeight'],389,"[[0, 46, 0], [0, 306, 0], [0, 35, 2]]",0.7917748917748917,0.39691419691419694,0.35119047619047616,0.32585467857597983,,,,0
717,SVM,"{'C': 0.1, 'kernel': 'rbf', 'gamma': 'scale'}",pca,False,True,20,[],88,"[[45, 5], [27, 11]]",0.6392156862745099,0.5288267288267289,0.6017857142857143,0.5447943360986839,,,,0
721,SVM,"{'C': 0.1, 'kernel': 'poly', 'gamma': 'auto'}",pca,True,True,5,['relationExtrusionWeight'],83,"[[46, 0], [33, 4]]",0.6029411764705882,0.6913235294117648,0.5535714285714285,0.46251851851851844,,,,0
724,SVM,"{'C': 10, 'kernel': 'rbf', 'gamma': 'auto'}",freq,False,False,N/A,[],402,"[[0, 50, 0], [0, 314, 0], [0, 38, 0]]",0.7811111111111111,0.26037037037037036,0.3333333333333333,0.2923651465904987,,,,0
775,NN,"{'hidden_layer_sizes': (256, 256), 'activation': 'relu', 'alpha': 0.001, 'learning_rate_init': 0.001, 'max_iter': 1000, 'early_stopping': False}",freq,False,False,N/A,"['relationExtrusionWeight', 'drugConcentration']",389,"[[9, 37, 0], [61, 245, 0], [7, 30, 0]]",0.6515817515817516,0.21719391719391717,0.3333333333333333,0.24854067576503577,,,,0
792,NN,"{'hidden_layer_sizes': (256, 256), 'activation': 'relu', 'alpha': 0.0001, 'learning_rate_init': 0.0001, 'max_iter': 1000, 'early_stopping': False}",freq,False,False,N/A,['relationExtrusionWeight'],389,"[[0, 46, 0], [0, 306, 0], [0, 37, 0]]",0.7866466866466866,0.26221556221556225,0.3333333333333333,0.29352438546057563,,,,0
797,NN,"{'hidden_layer_sizes': (64,), 'activation': 'relu', 'alpha': 0.001, 'learning_rate_init': 0.0001, 'max_iter': 1000, 'early_stopping': False}",pca,True,False,10,[],402,"[[6, 43, 1], [3, 308, 3], [0, 35, 3]]",0.7886111111111112,0.4307214848220845,0.39433094384707285,0.38799924005838804,,,,0
799,NN,"{'hidden_layer_sizes': (256, 256), 'activation': 'tanh', 'alpha': 0.0001, 'learning_rate_init': 0.0005, 'max_iter': 1000, 'early_stopping': False}",pca,False,False,5,"['printerBrandType', 'relationExtrusionWeight']",338,"[[0, 28, 0], [0, 300, 0], [0, 10, 0]]",0.887620719929763,0.295873573309921,0.3333333333333333,0.3134842519685039,,,,0
816,SVM,"{'C': 100, 'kernel': 'poly', 'gamma': 'auto'}",pca,False,False,5,[],402,"[[0, 50, 0], [0, 314, 0], [0, 38, 0]]",0.7811111111111111,0.26037037037037036,0.3333333333333333,0.2923651465904987,,,,0
872,SVM,"{'C': 1, 'kernel': 'poly', 'gamma': 'scale'}",,False,True,N/A,['relationExtrusionWeight'],83,"[[46, 0], [35, 2]]",0.5786764705882353,0.48426470588235293,0.5267857142857142,0.40952706552706547,,,,0
910,SVM,"{'C': 10, 'kernel': 'rbf', 'gamma': 'scale'}",,False,True,N/A,"['relationExtrusionWeight', 'drugConcentration']",83,"[[46, 0], [35, 2]]",0.5786764705882353,0.48426470588235293,0.5267857142857142,0.40952706552706547,,,,0
923,SVM,"{'C': 0.1, 'kernel': 'linear', 'gamma': 'scale'}",freq,False,True,N/A,[],88,"[[50, 0], [38, 0]]",0.5686274509803921,0.28431372549019607,0.5,0.36243386243386244,,,,0
926,NN,"{'hidden_layer_sizes': (64, 64), 'activation': 'tanh', 'alpha': 0.01, 'learning_rate_init': 0.0001, 'max_iter': 1000, 'early_stopping': False}",pca,False,False,5,[],402,"[[13, 37, 0], [11, 303, 0], [2, 36, 0]]",0.7860802469135801,0.40774017626649206,0.40830858508277856,0.39630288269816816,,,,0
934,ET,"{'n_estimators': 100, 'max_depth': 10, 'min_samples_split': 2, 'max_features': 'sqrt'}",,False,True,N/A,['relationExtrusionWeight'],83,"[[46, 0], [35, 2]]",0.5786764705882353,0.48426470588235293,0.5267857142857142,0.40952706552706547,,,,0
935,SVM,"{'C': 1, 'kernel': 'poly', 'gamma': 'auto'}",freq,False,True,N/A,[],88,"[[50, 0], [38, 0]]",0.5686274509803921,0.28431372549019607,0.5,0.36243386243386244,,,,0
989,NN,"{'hidden_layer_sizes': (64,), 'activation': 'tanh', 'alpha': 0.01, 'learning_rate_init': 0.0001, 'max_iter': 1000, 'early_stopping': False}",pca,True,False,5,[],402,"[[6, 42, 2], [4, 310, 0], [1, 37, 0]]",0.7861111111111111,0.336949256949257,0.3690663935825226,0.34511380304049977,,,,0
992,SVM,"{'C': 1, 'kernel': 'poly', 'gamma': 'scale'}",,False,False,N/A,"['printerBrandType', 'drugConcentration']",339,"[[0, 28, 0], [0, 300, 0], [0, 11, 0]]",0.8849868305531168,0.29499561018437226,0.3333333333333333,0.31299212598425197,,,,0
1000,NN,"{'hidden_layer_sizes': (128,), 'activation': 'tanh', 'alpha': 0.0001, 'learning_rate_init': 0.0005, 'max_iter': 1000, 'early_stopping': False}",freq,False,False,N/A,['relationExtrusionWeight'],389,"[[0, 46, 0], [0, 306, 0], [0, 37, 0]]",0.7866466866466866,0.26221556221556225,0.3333333333333333,0.29352438546057563,,,,0
