iteration,model,hp,dim_method,do_scale,n_pca,other_cols,dataset_size,confusion_matrix,accuracy,precision,recall,f1,kappa,kappa_std,score,kappa_nonzero
848,RF,"{'n_estimators': 300, 'max_depth': 10, 'min_samples_split': 10, 'max_features': 'log2'}",,True,N/A,['drugConcentration'],616,"[[67, 37], [87, 105]]",0.5800832102675422,0.5700451906873774,0.5903190018834868,0.5392053629134698,0.1387391420933972,0.05214425969973671,0.08659488239366048,1
939,RF,"{'n_estimators': 500, 'max_depth': 30, 'min_samples_split': 5, 'max_features': 'log2'}",,False,N/A,['drugConcentration'],616,"[[67, 37], [87, 105]]",0.5800832102675422,0.5700451906873774,0.5903190018834868,0.5392053629134698,0.1387391420933972,0.05214425969973671,0.08659488239366048,1
982,ET,"{'n_estimators': 300, 'max_depth': 10, 'min_samples_split': 2, 'max_features': 'sqrt'}",,True,N/A,['drugConcentration'],616,"[[59, 45], [76, 116]]",0.5870445824362874,0.58589601315657,0.6032325692606001,0.547765993683171,0.1631623459831892,0.08519752068486652,0.07796482529832269,1
155,RF,"{'n_estimators': 100, 'max_depth': 30, 'min_samples_split': 10, 'max_features': 'log2'}",freq,False,N/A,[],616,"[[83, 21], [89, 103]]",0.6243261035887763,0.6421374857764806,0.6056133151065489,0.5253099530351508,0.17333187500525285,0.10924035998707175,0.0640915150181811,1
405,RF,"{'n_estimators': 100, 'max_depth': 30, 'min_samples_split': 10, 'max_features': 0.5}",freq,True,N/A,[],616,"[[82, 22], [91, 101]]",0.6119157340355498,0.6254501426951548,0.5986629022220019,0.5193540248437953,0.16233058869312958,0.10233077628663381,0.05999981240649577,1
10,RF,"{'n_estimators': 200, 'max_depth': 30, 'min_samples_split': 10, 'max_features': 'sqrt'}",freq,True,N/A,[],616,"[[80, 24], [87, 105]]",0.6216379315457656,0.6194685967282811,0.6042127548824593,0.5304605143932055,0.17009030436931602,0.11195103215130138,0.05813927221801464,1
110,RF,"{'n_estimators': 100, 'max_depth': 20, 'min_samples_split': 10, 'max_features': 'sqrt'}",freq,True,N/A,[],616,"[[80, 24], [87, 105]]",0.6216379315457656,0.6194685967282811,0.6042127548824593,0.5304605143932055,0.17009030436931602,0.11195103215130138,0.05813927221801464,1
617,SVM,"{'C': 0.1, 'kernel': 'rbf', 'gamma': 'scale'}",pca,True,20,[],616,"[[69, 35], [109, 83]]",0.4720863061876887,0.6097731626610937,0.6042319963577903,0.4621571950913322,0.18010129406328337,0.12411858627420608,0.055982707789077296,1
626,ET,"{'n_estimators': 500, 'max_depth': 10, 'min_samples_split': 5, 'max_features': 'log2'}",pca,True,10,[],616,"[[73, 31], [99, 93]]",0.540208411176153,0.567306168776757,0.5681825647477402,0.49771897685094996,0.11784057114694742,0.06745011262469891,0.05039045852224851,1
442,RF,"{'n_estimators': 100, 'max_depth': 20, 'min_samples_split': 10, 'max_features': 0.5}",freq,True,N/A,[],616,"[[82, 22], [92, 100]]",0.6092275619925389,0.6190682459242419,0.5956867117458114,0.5141191868220721,0.15595161500321097,0.10729141534658733,0.048660199656623646,1
517,SVM,"{'C': 100, 'kernel': 'rbf', 'gamma': 'auto'}",freq,False,N/A,[],616,"[[78, 26], [102, 90]]",0.5527833626911969,0.586493404049185,0.5370864340278866,0.4333413562039406,0.05387341033606926,0.01035624561609329,0.04351716471997597,1
754,NN,"{'hidden_layer_sizes': (128, 128), 'activation': 'tanh', 'alpha': 0.0001, 'learning_rate_init': 0.0005, 'max_iter': 1000, 'early_stopping': False}",freq,False,N/A,[],616,"[[79, 25], [103, 89]]",0.5527833626911969,0.6196531142142427,0.5365612239438531,0.4289324484940071,0.052797970840995655,0.009632029767796842,0.043165941073198814,1
22,RF,"{'n_estimators': 500, 'max_depth': 20, 'min_samples_split': 10, 'max_features': 'sqrt'}",freq,True,N/A,[],616,"[[82, 22], [92, 100]]",0.6081244180322521,0.6246402589070739,0.5954700270220844,0.5138641359763615,0.16015364848748895,0.11830201122360988,0.04185163726387907,1
355,RF,"{'n_estimators': 500, 'max_depth': None, 'min_samples_split': 10, 'max_features': 0.5}",freq,False,N/A,[],616,"[[83, 21], [96, 96]]",0.5927945720572448,0.6352517567015566,0.587664597157831,0.5021931744835896,0.15628858711020674,0.12130993825352607,0.03497864885668067,1
231,NN,"{'hidden_layer_sizes': (256,), 'activation': 'tanh', 'alpha': 0.01, 'learning_rate_init': 0.001, 'max_iter': 1000, 'early_stopping': False}",pca,True,15,[],616,"[[77, 27], [89, 103]]",0.5843949611230718,0.6021578176370513,0.6023781803159047,0.5384707276929871,0.17623667978786708,0.14335201829864105,0.03288466148922603,1
992,NN,"{'hidden_layer_sizes': (64, 64), 'activation': 'tanh', 'alpha': 0.0001, 'learning_rate_init': 0.0001, 'max_iter': 1000, 'early_stopping': False}",freq,True,N/A,[],616,"[[80, 24], [105, 87]]",0.550095190648186,0.6233059285084357,0.5374104551334599,0.429019576113838,0.0548876559546286,0.022275011247276266,0.03261264470735233,1
37,RF,"{'n_estimators': 300, 'max_depth': 10, 'min_samples_split': 10, 'max_features': 0.5}",freq,True,N/A,[],616,"[[81, 23], [97, 95]]",0.5792810585437312,0.6259022556390977,0.5766720778837597,0.49145239632362764,0.14515130286795477,0.11751058742527122,0.027640715442683553,1
288,RF,"{'n_estimators': 200, 'max_depth': 20, 'min_samples_split': 10, 'max_features': 0.5}",freq,True,N/A,[],616,"[[82, 22], [96, 96]]",0.5901064000142342,0.6207381801564957,0.5852136167656742,0.5005442734717164,0.1509468830589167,0.12467752797419537,0.026269355084721335,1
311,RF,"{'n_estimators': 500, 'max_depth': None, 'min_samples_split': 10, 'max_features': 0.5}",freq,True,N/A,[],616,"[[82, 22], [96, 96]]",0.5901064000142342,0.6207381801564957,0.5852136167656742,0.5005442734717164,0.1509468830589167,0.12467752797419537,0.026269355084721335,1
211,NN,"{'hidden_layer_sizes': (256,), 'activation': 'tanh', 'alpha': 0.001, 'learning_rate_init': 0.0005, 'max_iter': 1000, 'early_stopping': False}",pca,True,15,[],616,"[[78, 26], [93, 99]]",0.5730877355301319,0.5992704174726646,0.5989446637368482,0.5329138545023998,0.17113145337444202,0.14676102863276644,0.024370424741675584,1
640,NN,"{'hidden_layer_sizes': (64,), 'activation': 'relu', 'alpha': 0.01, 'learning_rate_init': 0.0005, 'max_iter': 1000, 'early_stopping': False}",pca,True,15,[],616,"[[94, 10], [134, 58]]",0.48330753399877824,0.6317377648730346,0.5828043550392349,0.4262419040432623,0.1250777808212221,0.10175190819083962,0.023325872630382466,1
560,SVM,"{'C': 1, 'kernel': 'poly', 'gamma': 'scale'}",freq,False,N/A,[],616,"[[71, 33], [76, 116]]",0.6220219561233385,0.5828609135962077,0.5844883810432001,0.5087893406520858,0.11968503151740033,0.09862493707132014,0.021060094446080188,1
443,ET,"{'n_estimators': 100, 'max_depth': 5, 'min_samples_split': 2, 'max_features': 0.5}",pca,False,10,[],616,"[[12, 92], [55, 137]]",0.4919132430653168,0.5847164483488901,0.5135412609729096,0.37951030895897864,0.018158391482717657,0.006145462762338996,0.012012928720378662,1
59,SVM,"{'C': 10, 'kernel': 'linear', 'gamma': 'auto'}",pca,True,15,[],616,"[[44, 60], [108, 84]]",0.40510737860968277,0.5311578014637353,0.5188398026840445,0.3844819757600175,0.023776921394275934,0.014120105805959385,0.00965681558831655,1
807,NN,"{'hidden_layer_sizes': (256, 256), 'activation': 'tanh', 'alpha': 0.001, 'learning_rate_init': 0.0001, 'max_iter': 1000, 'early_stopping': False}",pca,False,20,[],616,"[[74, 30], [94, 98]]",0.5571173543523774,0.5808179870924669,0.5828547804901022,0.5167849169053327,0.142065158163127,0.13290195791717152,0.009163200245955488,1
902,NN,"{'hidden_layer_sizes': (256, 256), 'activation': 'relu', 'alpha': 0.0001, 'learning_rate_init': 0.0005, 'max_iter': 1000, 'early_stopping': False}",pca,True,20,[],616,"[[81, 23], [118, 74]]",0.5125215735814814,0.5133214933214933,0.5287997565303558,0.42980601581007266,0.027635197679734953,0.023576073679309997,0.004059124000424956,1
9,ET,"{'n_estimators': 300, 'max_depth': 10, 'min_samples_split': 5, 'max_features': 0.5}",pca,True,10,[],616,"[[72, 32], [109, 83]]",0.509925330201828,0.5287163171560311,0.5365984522294934,0.45850073795697627,0.05232278750963115,0.04862721495163707,0.0036955725579940826,1
434,SVM,"{'C': 0.1, 'kernel': 'linear', 'gamma': 'auto'}",pca,True,20,[],616,"[[97, 7], [157, 35]]",0.41300731277689806,0.638121483142185,0.5402285746769315,0.34815705877078607,0.053275359416558365,0.053390006967449506,-0.0001146475508911407,1
841,NN,"{'hidden_layer_sizes': (64, 64), 'activation': 'relu', 'alpha': 0.01, 'learning_rate_init': 0.001, 'max_iter': 1000, 'early_stopping': False}",freq,False,N/A,[],616,"[[64, 40], [94, 98]]",0.5366543304331323,0.5176319373510384,0.5222316005973836,0.43819139163829157,0.020943208991797874,0.021961174142670212,-0.001017965150872338,1
966,NN,"{'hidden_layer_sizes': (64, 64), 'activation': 'relu', 'alpha': 0.01, 'learning_rate_init': 0.0001, 'max_iter': 1000, 'early_stopping': False}",pca,True,20,[],616,"[[85, 19], [121, 71]]",0.5170260780859859,0.4456571939803647,0.5336136505081548,0.42183141502989524,0.0329086647310514,0.03501496431864279,-0.002106299587591391,1
822,RF,"{'n_estimators': 300, 'max_depth': None, 'min_samples_split': 10, 'max_features': 'log2'}",freq,False,N/A,[],616,"[[73, 31], [86, 106]]",0.605508899287701,0.584353357729547,0.5900320826135518,0.522617567977205,0.1397429282840104,0.14207361131712026,-0.002330683033109876,1
567,NN,"{'hidden_layer_sizes': (256, 256), 'activation': 'relu', 'alpha': 0.001, 'learning_rate_init': 0.0001, 'max_iter': 1000, 'early_stopping': False}",pca,False,20,['drugConcentration'],616,"[[80, 24], [110, 82]]",0.5263464583741082,0.5719919912802419,0.5676116036479196,0.4928091583260999,0.10921783322410021,0.11356141439395705,-0.004343581169856836,1
98,SVM,"{'C': 1, 'kernel': 'rbf', 'gamma': 'auto'}",pca,True,20,[],616,"[[86, 18], [146, 46]]",0.4144336897793119,0.5151393656053971,0.5099432863310245,0.3445819347799926,0.0070622899981515426,0.011811982766610909,-0.004749692768459366,1
354,NN,"{'hidden_layer_sizes': (128, 128), 'activation': 'tanh', 'alpha': 0.0001, 'learning_rate_init': 0.0001, 'max_iter': 1000, 'early_stopping': False}",pca,False,20,[],616,"[[77, 27], [95, 97]]",0.561780509937192,0.5906240638263109,0.5878603038261973,0.5214372746562194,0.15321439199298412,0.15822770756966362,-0.0050133155766795,1
599,SVM,"{'C': 10, 'kernel': 'rbf', 'gamma': 'scale'}",freq,False,N/A,[],616,"[[68, 36], [98, 94]]",0.5323084770089378,0.5120887149189036,0.517233076971409,0.4220702674803493,0.014924648078651978,0.02000821889142014,-0.005083570812768163,1
835,NN,"{'hidden_layer_sizes': (256, 256), 'activation': 'relu', 'alpha': 0.0001, 'learning_rate_init': 0.0001, 'max_iter': 1000, 'early_stopping': False}",freq,False,N/A,[],616,"[[77, 27], [99, 93]]",0.5574465182760114,0.6008600125549278,0.5354915342004544,0.4296900785492687,0.04740055804589253,0.05324224930259012,-0.00584169125669759,1
575,ET,"{'n_estimators': 100, 'max_depth': 5, 'min_samples_split': 2, 'max_features': 0.5}",pca,True,15,[],616,"[[32, 72], [76, 116]]",0.46742908148438095,0.5666547784281679,0.537965175838001,0.39033406836943846,0.06201416120396489,0.06849584204141826,-0.006481680837453367,1
720,SVM,"{'C': 10, 'kernel': 'linear', 'gamma': 'scale'}",pca,False,20,[],616,"[[97, 7], [153, 39]]",0.42661275495376877,0.6450137137186261,0.5496182460384339,0.3602936059374488,0.0688422829865295,0.075376355946398,-0.006534072959868492,1
998,NN,"{'hidden_layer_sizes': (256, 256), 'activation': 'tanh', 'alpha': 0.0001, 'learning_rate_init': 0.0005, 'max_iter': 1000, 'early_stopping': False}",pca,False,20,[],616,"[[77, 27], [98, 94]]",0.5530028053069528,0.5836792884403178,0.5795605050334407,0.5120583401269179,0.1367733192072023,0.1445620648607318,-0.007788745653529522,1
16,NN,"{'hidden_layer_sizes': (128,), 'activation': 'tanh', 'alpha': 0.001, 'learning_rate_init': 0.0005, 'max_iter': 1000, 'early_stopping': False}",pca,True,20,[],616,"[[80, 24], [118, 74]]",0.5109365454987574,0.5025843919574903,0.5265654608619259,0.4292973866685353,0.01987612352774108,0.030589066256841848,-0.010712942729100769,1
369,SVM,"{'C': 10, 'kernel': 'rbf', 'gamma': 'auto'}",pca,True,20,[],616,"[[86, 18], [140, 52]]",0.43484185304461803,0.45440004215983265,0.5153265298736164,0.3448529154577769,0.017586379651560107,0.030230834713581473,-0.012644455062021366,1
141,NN,"{'hidden_layer_sizes': (256, 256), 'activation': 'tanh', 'alpha': 0.0001, 'learning_rate_init': 0.0005, 'max_iter': 1000, 'early_stopping': False}",freq,False,N/A,[],616,"[[77, 27], [100, 92]]",0.559494155116275,0.5963614855051332,0.5319078526238151,0.4209768344686055,0.028387557329951723,0.04192455460702639,-0.013536997277074667,1
950,NN,"{'hidden_layer_sizes': (128, 128), 'activation': 'tanh', 'alpha': 0.001, 'learning_rate_init': 0.0001, 'max_iter': 1000, 'early_stopping': False}",pca,True,15,[],616,"[[75, 29], [95, 97]]",0.5571173543523774,0.5788543823326432,0.5736283069064069,0.5069063416246526,0.12560761769235948,0.1400457818981283,-0.014438164205768822,1
725,NN,"{'hidden_layer_sizes': (256,), 'activation': 'tanh', 'alpha': 0.001, 'learning_rate_init': 0.001, 'max_iter': 1000, 'early_stopping': False}",freq,False,N/A,[],616,"[[77, 27], [103, 89]]",0.5459806416027614,0.5933289139264625,0.5242155449315073,0.41067548400119974,0.0222634379717368,0.03840242513701315,-0.01613898716527635,1
745,ET,"{'n_estimators': 300, 'max_depth': 5, 'min_samples_split': 10, 'max_features': 0.5}",pca,False,15,[],616,"[[25, 79], [76, 116]]",0.4471855001808918,0.5501741822720568,0.5220658583645328,0.36480759603103863,0.029059726369097334,0.047888907389424765,-0.01882918102032743,1
237,NN,"{'hidden_layer_sizes': (128, 128), 'activation': 'tanh', 'alpha': 0.0001, 'learning_rate_init': 0.001, 'max_iter': 1000, 'early_stopping': False}",freq,False,N/A,[],616,"[[75, 29], [103, 89]]",0.5406042975167399,0.5254353102039817,0.5193135841471936,0.4078373796425205,0.01153609810263756,0.030470779405927538,-0.01893468130328998,1
373,NN,"{'hidden_layer_sizes': (128, 128), 'activation': 'tanh', 'alpha': 0.01, 'learning_rate_init': 0.001, 'max_iter': 1000, 'early_stopping': False}",freq,False,N/A,[],616,"[[75, 29], [103, 89]]",0.5406042975167399,0.5254353102039817,0.5193135841471936,0.4078373796425205,0.01153609810263756,0.030470779405927538,-0.01893468130328998,1
789,NN,"{'hidden_layer_sizes': (128,), 'activation': 'relu', 'alpha': 0.0001, 'learning_rate_init': 0.0001, 'max_iter': 1000, 'early_stopping': False}",pca,True,5,[],616,"[[31, 73], [72, 120]]",0.4912608460995558,0.5786988474488474,0.542122851909513,0.44413377817251565,0.066776809229473,0.08573883149526622,-0.018962022265793216,1
117,NN,"{'hidden_layer_sizes': (64,), 'activation': 'relu', 'alpha': 0.01, 'learning_rate_init': 0.001, 'max_iter': 1000, 'early_stopping': False}",freq,False,N/A,[],616,"[[75, 29], [98, 94]]",0.5540451577317936,0.5628228968175746,0.5341945365281461,0.43508003947920154,0.0435492992093125,0.06262237773004001,-0.01907307852072751,1
438,NN,"{'hidden_layer_sizes': (256,), 'activation': 'relu', 'alpha': 0.01, 'learning_rate_init': 0.001, 'max_iter': 1000, 'early_stopping': False}",freq,False,N/A,[],616,"[[75, 29], [98, 94]]",0.5540451577317936,0.5628228968175746,0.5341945365281461,0.43508003947920154,0.0435492992093125,0.06262237773004001,-0.01907307852072751,1
600,NN,"{'hidden_layer_sizes': (64,), 'activation': 'relu', 'alpha': 0.01, 'learning_rate_init': 0.0001, 'max_iter': 1000, 'early_stopping': False}",pca,True,15,[],616,"[[29, 75], [74, 118]]",0.4820012573468795,0.5736838789470369,0.5366812840059181,0.4347396833335506,0.0508688827642498,0.07018476371691215,-0.019315880952662352,1
280,SVM,"{'C': 100, 'kernel': 'rbf', 'gamma': 'scale'}",pca,True,15,[],616,"[[74, 30], [93, 99]]",0.5553929505542409,0.5817510645467635,0.5675617050720613,0.4959432611917253,0.12785118102133594,0.14934727771495496,-0.021496096693619016,1
217,NN,"{'hidden_layer_sizes': (128,), 'activation': 'tanh', 'alpha': 0.0001, 'learning_rate_init': 0.0001, 'max_iter': 1000, 'early_stopping': False}",pca,True,5,[],616,"[[31, 73], [76, 116]]",0.4721396841212509,0.5734321201658772,0.5316497569293758,0.42742859836185304,0.06323654693012282,0.08800742368473104,-0.02477087675460822,1
662,RF,"{'n_estimators': 500, 'max_depth': 10, 'min_samples_split': 2, 'max_features': 0.5}",pca,False,5,[],616,"[[45, 59], [87, 105]]",0.49791084698918797,0.5264834182753849,0.5346406268458188,0.464863975879439,0.04923049661951336,0.07545932695773888,-0.02622883033822552,1
749,NN,"{'hidden_layer_sizes': (64,), 'activation': 'tanh', 'alpha': 0.0001, 'learning_rate_init': 0.0005, 'max_iter': 1000, 'early_stopping': False}",pca,True,15,[],616,"[[75, 29], [96, 96]]",0.5489801849248854,0.58041593996089,0.5718883801664801,0.503208618603546,0.13203035441661093,0.16058681522629134,-0.028556460809680412,1
216,ET,"{'n_estimators': 100, 'max_depth': 30, 'min_samples_split': 10, 'max_features': 'log2'}",freq,True,N/A,[],616,"[[71, 33], [89, 103]]",0.5877221856484529,0.5670386933773002,0.5733038671108265,0.5028101398788577,0.1100677981770406,0.13922221798017814,-0.029154419803137543,1
303,SVM,"{'C': 10, 'kernel': 'linear', 'gamma': 'scale'}",pca,True,15,['drugConcentration'],616,"[[45, 59], [110, 82]]",0.4038455835690859,0.5385374072313841,0.5314833838515143,0.38847131388992445,0.04172308105663728,0.07091116097402565,-0.029188079917388372,1
7,ET,"{'n_estimators': 100, 'max_depth': 30, 'min_samples_split': 2, 'max_features': 'sqrt'}",pca,False,10,[],616,"[[71, 33], [116, 76]]",0.4830376788902135,0.5028158332510966,0.5047410953065469,0.4362743373889803,0.011866799277345241,0.04131236905225957,-0.029445569774914332,1
54,NN,"{'hidden_layer_sizes': (256, 256), 'activation': 'tanh', 'alpha': 0.0001, 'learning_rate_init': 0.0001, 'max_iter': 1000, 'early_stopping': False}",freq,False,N/A,[],616,"[[77, 27], [104, 88]]",0.5425792810585438,0.5890932047750229,0.5218681270911318,0.40891712186547907,0.016577504921528357,0.046303149439195584,-0.029725644517667228,1
198,NN,"{'hidden_layer_sizes': (64,), 'activation': 'tanh', 'alpha': 0.001, 'learning_rate_init': 0.0005, 'max_iter': 1000, 'early_stopping': False}",freq,False,N/A,[],616,"[[77, 27], [104, 88]]",0.5425792810585438,0.5890932047750229,0.5218681270911318,0.40891712186547907,0.016577504921528357,0.046303149439195584,-0.029725644517667228,1
298,NN,"{'hidden_layer_sizes': (64,), 'activation': 'relu', 'alpha': 0.0001, 'learning_rate_init': 0.0005, 'max_iter': 1000, 'early_stopping': False}",freq,False,N/A,[],616,"[[77, 27], [104, 88]]",0.5425792810585438,0.5890932047750229,0.5218681270911318,0.40891712186547907,0.016577504921528357,0.046303149439195584,-0.029725644517667228,1
542,NN,"{'hidden_layer_sizes': (128,), 'activation': 'relu', 'alpha': 0.001, 'learning_rate_init': 0.0005, 'max_iter': 1000, 'early_stopping': False}",freq,False,N/A,[],616,"[[77, 27], [104, 88]]",0.5425792810585438,0.5890932047750229,0.5218681270911318,0.40891712186547907,0.016577504921528357,0.046303149439195584,-0.029725644517667228,1
678,NN,"{'hidden_layer_sizes': (128,), 'activation': 'tanh', 'alpha': 0.01, 'learning_rate_init': 0.0005, 'max_iter': 1000, 'early_stopping': False}",freq,False,N/A,[],616,"[[77, 27], [104, 88]]",0.5425792810585438,0.5890932047750229,0.5218681270911318,0.40891712186547907,0.016577504921528357,0.046303149439195584,-0.029725644517667228,1
788,NN,"{'hidden_layer_sizes': (128,), 'activation': 'tanh', 'alpha': 0.0001, 'learning_rate_init': 0.0005, 'max_iter': 1000, 'early_stopping': False}",freq,False,N/A,[],616,"[[77, 27], [104, 88]]",0.5425792810585438,0.5890932047750229,0.5218681270911318,0.40891712186547907,0.016577504921528357,0.046303149439195584,-0.029725644517667228,1
874,ET,"{'n_estimators': 100, 'max_depth': 20, 'min_samples_split': 10, 'max_features': 'log2'}",freq,False,N/A,[],616,"[[72, 32], [90, 102]]",0.5877221856484529,0.5648422637920101,0.5727786570267929,0.49997654804617864,0.10889530568182966,0.14058308647444936,-0.031687780792619705,1
677,ET,"{'n_estimators': 500, 'max_depth': None, 'min_samples_split': 5, 'max_features': 'log2'}",pca,False,10,['drugConcentration'],616,"[[73, 31], [116, 76]]",0.49094354393893563,0.5120477481338476,0.5173034590426194,0.44690192475744617,0.030093531726639717,0.06356950827832125,-0.03347597655168154,1
782,RF,"{'n_estimators': 500, 'max_depth': 20, 'min_samples_split': 5, 'max_features': 0.5}",freq,False,N/A,[],616,"[[70, 34], [86, 106]]",0.5974443831586688,0.5731432329029174,0.5826791414370812,0.5171534658025766,0.12428387285990557,0.1596842241871256,-0.03540035132722004,1
129,ET,"{'n_estimators': 300, 'max_depth': 10, 'min_samples_split': 10, 'max_features': 'log2'}",freq,True,N/A,[],616,"[[78, 26], [97, 95]]",0.5744592518786067,0.5882101942772674,0.5763507670232332,0.4954082168785428,0.13986144606262207,0.17533303169161987,-0.0354715856289978,1
712,ET,"{'n_estimators': 200, 'max_depth': 10, 'min_samples_split': 10, 'max_features': 'sqrt'}",pca,False,15,[],616,"[[72, 32], [128, 64]]",0.4291422759164694,0.5188019969270433,0.5051494248435701,0.37249883940011363,-0.004237323643521325,0.03205505565461367,-0.036292379298134995,1
827,ET,"{'n_estimators': 100, 'max_depth': None, 'min_samples_split': 5, 'max_features': 0.5}",pca,False,15,[],616,"[[73, 31], [111, 81]]",0.5178786423026054,0.49560647602185703,0.5135881837587167,0.44596219460135716,0.0008814481916568454,0.03728523561030185,-0.03640378741864501,1
771,ET,"{'n_estimators': 300, 'max_depth': 5, 'min_samples_split': 10, 'max_features': 'sqrt'}",pca,False,5,[],616,"[[26, 78], [73, 119]]",0.47688142388603216,0.4988064236654462,0.5024068254563975,0.4099701817571164,-0.0065810305338642365,0.034276174412054765,-0.040857204945919004,1
136,SVM,"{'C': 100, 'kernel': 'rbf', 'gamma': 'scale'}",pca,True,20,[],616,"[[83, 21], [132, 60]]",0.4639165169119086,0.4533310775246259,0.5287030939336933,0.380879364758862,0.01052057527408142,0.052866973575956655,-0.042346398301875234,1
856,NN,"{'hidden_layer_sizes': (128, 128), 'activation': 'tanh', 'alpha': 0.0001, 'learning_rate_init': 0.0001, 'max_iter': 1000, 'early_stopping': False}",freq,False,N/A,[],616,"[[77, 27], [105, 87]]",0.5391779205143261,0.5855186662866914,0.5195207092507562,0.40716917956218374,0.011051431969856104,0.05402146056938814,-0.042970028599532036,1
226,ET,"{'n_estimators': 300, 'max_depth': 20, 'min_samples_split': 10, 'max_features': 'sqrt'}",freq,True,N/A,[],616,"[[75, 29], [90, 102]]",0.597926267281106,0.5808479532163742,0.5912971755453115,0.5202320835335021,0.14650527813658695,0.19001963656500995,-0.043514358428422995,1
333,ET,"{'n_estimators': 500, 'max_depth': 20, 'min_samples_split': 10, 'max_features': 'log2'}",freq,True,N/A,[],616,"[[75, 29], [90, 102]]",0.597926267281106,0.5808479532163742,0.5912971755453115,0.5202320835335021,0.14650527813658695,0.19001963656500995,-0.043514358428422995,1
27,RF,"{'n_estimators': 100, 'max_depth': 30, 'min_samples_split': 5, 'max_features': 0.5}",freq,True,N/A,[],616,"[[69, 35], [85, 107]]",0.5992607156201626,0.5708799624043527,0.5827922636090269,0.5185721435984999,0.1219824810576623,0.16560948252716964,-0.04362700146950735,1
396,RF,"{'n_estimators': 100, 'max_depth': None, 'min_samples_split': 5, 'max_features': 0.5}",freq,True,N/A,[],616,"[[69, 35], [85, 107]]",0.5992607156201626,0.5708799624043527,0.5827922636090269,0.5185721435984999,0.1219824810576623,0.16560948252716964,-0.04362700146950735,1
911,RF,"{'n_estimators': 200, 'max_depth': 20, 'min_samples_split': 5, 'max_features': 0.5}",freq,True,N/A,[],616,"[[69, 35], [85, 107]]",0.5992607156201626,0.5708799624043527,0.5827922636090269,0.5185721435984999,0.1219824810576623,0.16560948252716964,-0.04362700146950735,1
99,SVM,"{'C': 1, 'kernel': 'linear', 'gamma': 'auto'}",pca,True,10,[],616,"[[40, 64], [90, 102]]",0.4768621485211347,0.5217406204906205,0.5427260886698887,0.45240411794148944,0.045326670848628035,0.08991118654853213,-0.04458451569990409,1
418,SVM,"{'C': 1, 'kernel': 'linear', 'gamma': 'scale'}",pca,True,10,[],616,"[[40, 64], [90, 102]]",0.4768621485211347,0.5217406204906205,0.5427260886698887,0.45240411794148944,0.045326670848628035,0.08991118654853213,-0.04458451569990409,1
144,ET,"{'n_estimators': 300, 'max_depth': 5, 'min_samples_split': 5, 'max_features': 'log2'}",pca,True,10,[],616,"[[12, 92], [58, 134]]",0.4817091614326637,0.5208007937817375,0.502148375701952,0.37031975376204224,-0.009467338099747091,0.03922563502329492,-0.048692973123042015,1
514,NN,"{'hidden_layer_sizes': (64, 64), 'activation': 'tanh', 'alpha': 0.001, 'learning_rate_init': 0.0005, 'max_iter': 1000, 'early_stopping': False}",pca,True,15,[],616,"[[77, 27], [119, 73]]",0.49110219501924574,0.4919199860237596,0.500894241770381,0.3990831185809176,-0.014428387982605706,0.0343319330397126,-0.04876032102231831,1
814,SVM,"{'C': 0.1, 'kernel': 'rbf', 'gamma': 'scale'}",freq,False,N/A,[],616,"[[37, 67], [65, 127]]",0.532625779169558,0.5362107577886852,0.5415486916246376,0.4537502971699717,0.06401788503157661,0.11530685353755754,-0.05128896850598093,1
197,ET,"{'n_estimators': 100, 'max_depth': 20, 'min_samples_split': 2, 'max_features': 'sqrt'}",freq,False,N/A,[],616,"[[67, 37], [84, 108]]",0.5976756875374387,0.5623072512855795,0.5723819145249689,0.5060568553932784,0.09925012281608707,0.15079479481985833,-0.05154467200377126,1
414,SVM,"{'C': 10, 'kernel': 'poly', 'gamma': 'scale'}",freq,False,N/A,[],616,"[[67, 37], [84, 108]]",0.5981323654134715,0.5054962013295347,0.5494432687404243,0.46286949765210633,0.03288821448535554,0.08689363148956047,-0.054005417004204935,1
655,SVM,"{'C': 1, 'kernel': 'linear', 'gamma': 'scale'}",pca,False,10,[],616,"[[40, 64], [97, 95]]",0.452662669252531,0.5112166853060433,0.5297993381775487,0.43236880056770594,0.023618519958124917,0.07781404272155164,-0.05419552276342672,1
456,NN,"{'hidden_layer_sizes': (64, 64), 'activation': 'relu', 'alpha': 0.0001, 'learning_rate_init': 0.0005, 'max_iter': 1000, 'early_stopping': False}",pca,False,15,[],616,"[[77, 27], [120, 72]]",0.4840681695520405,0.5100890730664799,0.49937099975418114,0.4005431974759208,-0.00945806402092586,0.04609662409030707,-0.05555468811123293,1
488,NN,"{'hidden_layer_sizes': (64, 64), 'activation': 'relu', 'alpha': 0.0001, 'learning_rate_init': 0.001, 'max_iter': 1000, 'early_stopping': False}",pca,True,20,[],616,"[[82, 22], [134, 58]]",0.45111619189960206,0.4537995909319439,0.5209072236896043,0.36909913265517985,0.004965013591842722,0.060578119513908193,-0.05561310592206547,1
68,NN,"{'hidden_layer_sizes': (64, 64), 'activation': 'tanh', 'alpha': 0.001, 'learning_rate_init': 0.0001, 'max_iter': 1000, 'early_stopping': False}",freq,False,N/A,[],616,"[[77, 27], [106, 86]]",0.5357765599701084,0.5824365216648514,0.5171732914103807,0.4054293265257429,0.005678570870656226,0.06154919158974726,-0.05587062071909103,1
113,SVM,"{'C': 10, 'kernel': 'rbf', 'gamma': 'scale'}",pca,False,20,[],616,"[[78, 26], [134, 58]]",0.42732594345497565,0.5176399527770914,0.49805962050162544,0.3472509520458982,-0.014977322116686195,0.04147649993808087,-0.05645382205476707,1
983,NN,"{'hidden_layer_sizes': (64, 64), 'activation': 'relu', 'alpha': 0.001, 'learning_rate_init': 0.0005, 'max_iter': 1000, 'early_stopping': False}",pca,True,20,[],616,"[[82, 22], [135, 57]]",0.4477148313553843,0.4515608574432104,0.5185598058492286,0.3665831607008078,0.0003678111429441522,0.05684589070396143,-0.056478079561017275,1
511,RF,"{'n_estimators': 300, 'max_depth': 20, 'min_samples_split': 2, 'max_features': 0.5}",freq,True,N/A,[],616,"[[68, 36], [84, 108]]",0.5999739041213695,0.5751256202202846,0.5826887010572456,0.5198283377412087,0.1237766087651933,0.18032945494996885,-0.05655284618477556,1
740,RF,"{'n_estimators': 200, 'max_depth': 30, 'min_samples_split': 2, 'max_features': 0.5}",freq,True,N/A,[],616,"[[68, 36], [84, 108]]",0.5999739041213695,0.5751256202202846,0.5826887010572456,0.5198283377412087,0.1237766087651933,0.18032945494996885,-0.05655284618477556,1
923,RF,"{'n_estimators': 300, 'max_depth': 30, 'min_samples_split': 2, 'max_features': 0.5}",freq,True,N/A,[],616,"[[68, 36], [84, 108]]",0.5999739041213695,0.5751256202202846,0.5826887010572456,0.5198283377412087,0.1237766087651933,0.18032945494996885,-0.05655284618477556,1
490,ET,"{'n_estimators': 200, 'max_depth': 30, 'min_samples_split': 2, 'max_features': 'sqrt'}",pca,True,10,[],616,"[[72, 32], [118, 74]]",0.4810626953484096,0.4931138482561903,0.5006109221105078,0.42782291238173586,0.002571943256285477,0.061502046862089876,-0.0589301036058044,1
742,ET,"{'n_estimators': 200, 'max_depth': None, 'min_samples_split': 2, 'max_features': 'log2'}",pca,True,10,[],616,"[[72, 32], [118, 74]]",0.4810626953484096,0.4931138482561903,0.5006109221105078,0.42782291238173586,0.002571943256285477,0.061502046862089876,-0.0589301036058044,1
653,RF,"{'n_estimators': 500, 'max_depth': 10, 'min_samples_split': 10, 'max_features': 0.5}",pca,True,5,[],616,"[[48, 56], [92, 100]]",0.4918213144019596,0.514035179380007,0.5156123939885332,0.4603020034938881,0.030849594291343558,0.0898194190283926,-0.05896982473704905,1
701,RF,"{'n_estimators': 200, 'max_depth': 20, 'min_samples_split': 2, 'max_features': 0.5}",freq,False,N/A,[],616,"[[68, 36], [85, 107]]",0.5954693996168651,0.5740976449276034,0.580124598493143,0.516580381993253,0.12095912688660375,0.1804762788470206,-0.05951715196041686,1
105,ET,"{'n_estimators': 300, 'max_depth': 30, 'min_samples_split': 10, 'max_features': 0.5}",pca,True,5,[],616,"[[44, 60], [99, 93]]",0.4547295814576921,0.4960518434450907,0.5025464023737981,0.42999458561914894,-0.011089380370758536,0.04867316556327099,-0.05976254593402953,1
541,RF,"{'n_estimators': 300, 'max_depth': 10, 'min_samples_split': 5, 'max_features': 0.5}",freq,False,N/A,[],616,"[[65, 39], [90, 102]]",0.5587201750796221,0.5685766966008902,0.5574655491184074,0.4913802628615644,0.09749943888301345,0.1572649194130571,-0.059765480530043644,1
152,RF,"{'n_estimators': 200, 'max_depth': 30, 'min_samples_split': 10, 'max_features': 'sqrt'}",pca,True,5,[],616,"[[48, 56], [91, 101]]",0.4952226749461772,0.516616663455232,0.5179598118289088,0.4629871840591995,0.03590134577105567,0.09675759073208307,-0.06085624496102739,1
686,ET,"{'n_estimators': 200, 'max_depth': 20, 'min_samples_split': 10, 'max_features': 0.5}",pca,False,20,[],616,"[[81, 23], [112, 80]]",0.5398051112336827,0.5052172592218359,0.5577929815640392,0.4608340847430032,0.07019045474975671,0.13196739929141832,-0.061776944541661605,1
522,ET,"{'n_estimators': 200, 'max_depth': 20, 'min_samples_split': 2, 'max_features': 0.5}",pca,False,15,[],616,"[[75, 29], [112, 80]]",0.5223164243901571,0.5024280348860657,0.530184705799177,0.4574425464386364,0.029016061519486287,0.09113874195638422,-0.062122680436897934,1
899,RF,"{'n_estimators': 500, 'max_depth': 30, 'min_samples_split': 10, 'max_features': 'sqrt'}",pca,False,5,[],616,"[[48, 56], [92, 100]]",0.49071817044167276,0.5153187094910376,0.5153957092648063,0.4595281026721045,0.03421611800644494,0.09746991558629951,-0.06325379757985458,1
305,RF,"{'n_estimators': 300, 'max_depth': 5, 'min_samples_split': 10, 'max_features': 'log2'}",freq,False,N/A,[],616,"[[54, 50], [93, 99]]",0.5059086407012675,0.5067042344003129,0.5017175661645421,0.42133480903167264,-0.006015644257181966,0.05928219286916349,-0.06529783712634546,1
594,RF,"{'n_estimators': 300, 'max_depth': 5, 'min_samples_split': 10, 'max_features': 'sqrt'}",freq,False,N/A,[],616,"[[54, 50], [93, 99]]",0.5059086407012675,0.5067042344003129,0.5017175661645421,0.42133480903167264,-0.006015644257181966,0.05928219286916349,-0.06529783712634546,1
868,ET,"{'n_estimators': 100, 'max_depth': 10, 'min_samples_split': 2, 'max_features': 'log2'}",pca,False,5,['drugConcentration'],616,"[[45, 59], [91, 101]]",0.4893644467377187,0.5267564201402618,0.5449223931376652,0.4665463022035981,0.05409783084694719,0.11939691944728457,-0.06529908860033738,1
39,RF,"{'n_estimators': 100, 'max_depth': 5, 'min_samples_split': 2, 'max_features': 'sqrt'}",freq,False,N/A,[],616,"[[66, 38], [96, 96]]",0.5343813200956058,0.5650193253030132,0.5445319141259489,0.47212377425263014,0.09126103896207034,0.15659721606508697,-0.06533617710301663,1
572,RF,"{'n_estimators': 100, 'max_depth': 5, 'min_samples_split': 2, 'max_features': 'log2'}",freq,False,N/A,[],616,"[[66, 38], [96, 96]]",0.5343813200956058,0.5650193253030132,0.5445319141259489,0.47212377425263014,0.09126103896207034,0.15659721606508697,-0.06533617710301663,1
45,NN,"{'hidden_layer_sizes': (64, 64), 'activation': 'relu', 'alpha': 0.01, 'learning_rate_init': 0.0005, 'max_iter': 1000, 'early_stopping': False}",pca,True,15,[],616,"[[77, 27], [114, 78]]",0.514014673000848,0.5068119913925734,0.5145602119504357,0.42122461899288915,-0.005131854168793766,0.06036796142638605,-0.06549981559517981,1
284,RF,"{'n_estimators': 100, 'max_depth': None, 'min_samples_split': 2, 'max_features': 'sqrt'}",freq,False,N/A,[],616,"[[61, 43], [79, 113]]",0.594597560035348,0.577373445251813,0.5804127906930999,0.5257168186423505,0.11969980870162363,0.18527087461017472,-0.0655710659085511,1
624,RF,"{'n_estimators': 100, 'max_depth': 30, 'min_samples_split': 2, 'max_features': 'log2'}",freq,False,N/A,[],616,"[[61, 43], [79, 113]]",0.594597560035348,0.577373445251813,0.5804127906930999,0.5257168186423505,0.11969980870162363,0.18527087461017472,-0.0655710659085511,1
634,NN,"{'hidden_layer_sizes': (128, 128), 'activation': 'relu', 'alpha': 0.0001, 'learning_rate_init': 0.0001, 'max_iter': 1000, 'early_stopping': False}",pca,True,5,[],616,"[[51, 53], [89, 103]]",0.5018548831912888,0.5152518659130166,0.5221038341101859,0.45390252029147793,0.027010103526073876,0.09361683552329547,-0.0666067319972216,1
204,RF,"{'n_estimators': 100, 'max_depth': 5, 'min_samples_split': 10, 'max_features': 0.5}",freq,True,N/A,[],616,"[[69, 35], [97, 95]]",0.5433903291046148,0.5628796203796204,0.5480844890020532,0.472644664347655,0.09130278427134746,0.15836369313332624,-0.06706090886197878,1
763,ET,"{'n_estimators': 100, 'max_depth': 20, 'min_samples_split': 5, 'max_features': 'sqrt'}",pca,False,15,[],616,"[[77, 27], [115, 77]]",0.5189150638459394,0.49201713808931213,0.5267868677907341,0.4482068034679177,0.022087913419787737,0.08937029298182549,-0.06728237956203775,1
756,SVM,"{'C': 100, 'kernel': 'linear', 'gamma': 'scale'}",pca,True,15,['drugConcentration'],616,"[[39, 65], [87, 105]]",0.45246398472204924,0.5647995417601025,0.5415281617642843,0.40942275549921425,0.05940930297978405,0.12780169903149516,-0.0683923960517111,1
96,RF,"{'n_estimators': 300, 'max_depth': None, 'min_samples_split': 2, 'max_features': 0.5}",pca,False,20,[],616,"[[74, 30], [105, 87]]",0.54382773161575,0.4899429794082262,0.5276085806498676,0.45302997718130084,0.02709783966173988,0.09585013130002237,-0.06875229163828249,1
255,RF,"{'n_estimators': 100, 'max_depth': 30, 'min_samples_split': 5, 'max_features': 'log2'}",freq,True,N/A,[],616,"[[64, 40], [82, 110]]",0.5957007039956349,0.5668262438011489,0.5790538451647261,0.5205715248070586,0.11211206799958191,0.18151784196398285,-0.06940577396440094,1
421,RF,"{'n_estimators': 100, 'max_depth': 10, 'min_samples_split': 5, 'max_features': 'log2'}",freq,True,N/A,[],616,"[[68, 36], [94, 98]]",0.5542156705751176,0.5627801827801828,0.553325816302204,0.481350738027639,0.09192148249047676,0.1615837311311708,-0.06966224864069405,1
433,ET,"{'n_estimators': 300, 'max_depth': None, 'min_samples_split': 2, 'max_features': 0.5}",pca,True,5,[],616,"[[45, 59], [97, 95]]",0.4656468515915521,0.5109714495210359,0.521486568424569,0.44446510601658823,0.021447059732602008,0.09117202184963709,-0.06972496211703508,1
492,RF,"{'n_estimators': 500, 'max_depth': None, 'min_samples_split': 5, 'max_features': 'log2'}",pca,True,20,[],616,"[[77, 27], [118, 74]]",0.49988583053099184,0.4860626563428923,0.5335678615573672,0.4213452808290319,0.02298749108090603,0.09287988179483489,-0.06989239071392886,1
919,RF,"{'n_estimators': 200, 'max_depth': 20, 'min_samples_split': 5, 'max_features': 'log2'}",pca,False,20,[],616,"[[77, 27], [119, 73]]",0.49648446998677415,0.48342349973072224,0.5312204437169916,0.41877704528207293,0.01796598568476678,0.08802138196651971,-0.07005539628175293,1
73,NN,"{'hidden_layer_sizes': (64, 64), 'activation': 'relu', 'alpha': 0.0001, 'learning_rate_init': 0.001, 'max_iter': 1000, 'early_stopping': False}",pca,True,5,[],616,"[[34, 70], [83, 109]]",0.4741013231796642,0.48951847135435145,0.4978822223885743,0.42310699130613344,-0.024174680255090286,0.04669937488958544,-0.07087405514467573,1
149,RF,"{'n_estimators': 100, 'max_depth': 30, 'min_samples_split': 5, 'max_features': 'log2'}",freq,False,N/A,[],616,"[[64, 40], [83, 109]]",0.5911961994911303,0.5657744690651637,0.5764897426006236,0.5173260247251356,0.10918164482879407,0.18134111219609664,-0.07215946736730257,1
302,ET,"{'n_estimators': 500, 'max_depth': None, 'min_samples_split': 5, 'max_features': 0.5}",pca,True,5,[],616,"[[44, 60], [101, 91]]",0.452662669252531,0.5010680727140354,0.5146466025919215,0.43444175323604495,-0.00035334592769568446,0.07209853566972177,-0.07245188159741746,1
296,NN,"{'hidden_layer_sizes': (64,), 'activation': 'relu', 'alpha': 0.0001, 'learning_rate_init': 0.001, 'max_iter': 1000, 'early_stopping': False}",pca,False,5,[],616,"[[27, 77], [67, 125]]",0.4946622066437734,0.5645708208208209,0.5291685830866997,0.43115766818829204,0.0397878496521377,0.11247008579758568,-0.07268223614544797,1
162,RF,"{'n_estimators': 100, 'max_depth': 10, 'min_samples_split': 2, 'max_features': 0.5}",freq,True,N/A,[],616,"[[64, 40], [91, 101]]",0.5515274985321068,0.5646946169772257,0.552450466162148,0.4859758312754867,0.09040157784821694,0.1631922080014431,-0.07279063015322616,1
509,ET,"{'n_estimators': 500, 'max_depth': 20, 'min_samples_split': 5, 'max_features': 'log2'}",pca,True,5,[],616,"[[44, 60], [102, 90]]",0.44815816474802656,0.5000066916398667,0.512082500027819,0.4309310703262,-0.0022648872530215414,0.07109250757963322,-0.07335739483265476,1
696,RF,"{'n_estimators': 300, 'max_depth': 20, 'min_samples_split': 2, 'max_features': 'log2'}",pca,True,15,[],616,"[[80, 24], [114, 78]]",0.533623649983097,0.4879129827341495,0.5391682253736935,0.4541365967929083,0.04121973747100527,0.11492935185148201,-0.07370961438047674,1
372,RF,"{'n_estimators': 100, 'max_depth': None, 'min_samples_split': 2, 'max_features': 'sqrt'}",freq,True,N/A,[],616,"[[60, 44], [78, 114]]",0.5964138924968417,0.575893178705667,0.5805259128650457,0.5268835576441293,0.11765053009832227,0.19145197014191312,-0.07380144004359085,1
663,ET,"{'n_estimators': 200, 'max_depth': 5, 'min_samples_split': 2, 'max_features': 'log2'}",pca,False,10,[],616,"[[12, 92], [60, 132]]",0.4749064403442284,0.515011901583109,0.49745354002120085,0.36684600122100125,-0.02006613308350121,0.05413555190601293,-0.07420168498951414,1
339,SVM,"{'C': 10, 'kernel': 'linear', 'gamma': 'scale'}",freq,False,N/A,[],616,"[[74, 30], [108, 84]]",0.5343368384843039,0.48819881262039777,0.5364171805313754,0.4499268599689948,0.023276467167061,0.09858092515837909,-0.07530445799131809,1
416,NN,"{'hidden_layer_sizes': (64, 64), 'activation': 'relu', 'alpha': 0.0001, 'learning_rate_init': 0.001, 'max_iter': 1000, 'early_stopping': False}",pca,False,5,[],616,"[[45, 59], [93, 99]]",0.47062730933698677,0.49321703221710683,0.49694613831247364,0.42602652925398826,-0.01607653012115599,0.0594288722168173,-0.07550540233797329,1
452,NN,"{'hidden_layer_sizes': (64,), 'activation': 'relu', 'alpha': 0.001, 'learning_rate_init': 0.001, 'max_iter': 1000, 'early_stopping': False}",pca,False,15,[],616,"[[76, 28], [94, 98]]",0.55380199159001,0.588632355299022,0.5776107429449048,0.5094271091006141,0.14776071198746296,0.22329689066579153,-0.07553617867832857,1
252,RF,"{'n_estimators': 500, 'max_depth': 5, 'min_samples_split': 10, 'max_features': 'sqrt'}",pca,False,5,[],616,"[[30, 74], [83, 109]]",0.46114234708704754,0.4798670859166927,0.4876449313724929,0.4074778007551117,-0.0371054811275943,0.03889723728616536,-0.07600271841375966,1
948,ET,"{'n_estimators': 200, 'max_depth': 5, 'min_samples_split': 5, 'max_features': 'log2'}",pca,True,5,[],616,"[[25, 79], [76, 116]]",0.4639891702103684,0.4880549859497228,0.49291359154311376,0.40027145521097135,-0.02563518004213065,0.0512164843457882,-0.07685166438791885,1
910,RF,"{'n_estimators': 300, 'max_depth': 10, 'min_samples_split': 5, 'max_features': 'sqrt'}",freq,True,N/A,[],616,"[[69, 35], [95, 97]]",0.5531125266148308,0.5672944302462375,0.5569345532442743,0.48499670077310836,0.10289366208921132,0.17974769090659812,-0.0768540288173868,1
213,NN,"{'hidden_layer_sizes': (64, 64), 'activation': 'relu', 'alpha': 0.001, 'learning_rate_init': 0.0005, 'max_iter': 1000, 'early_stopping': False}",freq,False,N/A,[],616,"[[55, 49], [92, 100]]",0.5171239376308501,0.4861952321502883,0.5024032989063367,0.42085180589344934,-0.022872588086452133,0.05501836852699439,-0.07789095661344653,1
718,NN,"{'hidden_layer_sizes': (128, 128), 'activation': 'relu', 'alpha': 0.0001, 'learning_rate_init': 0.0005, 'max_iter': 1000, 'early_stopping': False}",freq,False,N/A,[],616,"[[55, 49], [92, 100]]",0.5171239376308501,0.4861952321502883,0.5024032989063367,0.42085180589344934,-0.022872588086452133,0.05501836852699439,-0.07789095661344653,1
334,RF,"{'n_estimators': 200, 'max_depth': 5, 'min_samples_split': 10, 'max_features': 'log2'}",freq,True,N/A,[],616,"[[54, 50], [94, 98]]",0.5032204686582568,0.5030019870952144,0.49874137568835164,0.4177261489445197,-0.012189027570338648,0.06779197488715247,-0.07998100245749111,1
352,NN,"{'hidden_layer_sizes': (128,), 'activation': 'relu', 'alpha': 0.0001, 'learning_rate_init': 0.001, 'max_iter': 1000, 'early_stopping': False}",pca,False,15,[],616,"[[77, 27], [101, 91]]",0.5358566268704518,0.5787929666275661,0.5552898461659854,0.4821980259359493,0.10695371150987461,0.18745797576008053,-0.08050426425020592,1
476,NN,"{'hidden_layer_sizes': (128, 128), 'activation': 'tanh', 'alpha': 0.001, 'learning_rate_init': 0.0005, 'max_iter': 1000, 'early_stopping': False}",pca,False,20,[],616,"[[72, 32], [93, 99]]",0.5533927607660326,0.5662662337662338,0.5656294858138272,0.5015124131300085,0.10656335254632077,0.18790422550078367,-0.0813408729544629,1
871,NN,"{'hidden_layer_sizes': (128, 128), 'activation': 'tanh', 'alpha': 0.0001, 'learning_rate_init': 0.0005, 'max_iter': 1000, 'early_stopping': False}",pca,False,20,[],616,"[[72, 32], [93, 99]]",0.5533927607660326,0.5662662337662338,0.5656294858138272,0.5015124131300085,0.10656335254632077,0.18790422550078367,-0.0813408729544629,1
80,ET,"{'n_estimators': 500, 'max_depth': 20, 'min_samples_split': 10, 'max_features': 'sqrt'}",pca,True,10,[],616,"[[75, 29], [124, 68]]",0.47338813467845725,0.47761330529692114,0.507431803827827,0.41288541661633804,-0.009254300046661057,0.07364971462581962,-0.08290401467248068,1
785,RF,"{'n_estimators': 100, 'max_depth': 30, 'min_samples_split': 2, 'max_features': 0.5}",pca,True,15,[],616,"[[79, 25], [114, 78]]",0.5320386219003731,0.48360264302554573,0.5369339297052635,0.4531216716484574,0.033772888623102494,0.11669108055756325,-0.08291819193446076,1
430,RF,"{'n_estimators': 500, 'max_depth': 10, 'min_samples_split': 2, 'max_features': 0.5}",freq,True,N/A,[],616,"[[63, 41], [89, 103]]",0.5567451915378182,0.5715955204925793,0.5549110061744693,0.49048646857272993,0.09440268445049109,0.17741544562394435,-0.08301276117345326,1
668,SVM,"{'C': 0.1, 'kernel': 'rbf', 'gamma': 'scale'}",freq,True,N/A,[],616,"[[91, 13], [114, 78]]",0.554234945940015,0.5548937517590768,0.593638310225579,0.4797184364970029,0.17139499179622067,0.2544801282934162,-0.08308513649719554,1
184,RF,"{'n_estimators': 200, 'max_depth': 10, 'min_samples_split': 2, 'max_features': 'log2'}",pca,True,20,[],616,"[[74, 30], [107, 85]]",0.5377381990285216,0.4757069827191778,0.5222849723333015,0.4451537141828578,0.015508699330957887,0.09916672477998127,-0.08365802544902338,1
972,RF,"{'n_estimators': 100, 'max_depth': 5, 'min_samples_split': 10, 'max_features': 'sqrt'}",pca,False,5,[],616,"[[29, 75], [84, 108]]",0.4539496705395323,0.4754142300194932,0.4826298484162334,0.4005165634629921,-0.043424730583925784,0.04095171505948297,-0.08437644564340875,1
232,RF,"{'n_estimators': 500, 'max_depth': 30, 'min_samples_split': 2, 'max_features': 'log2'}",pca,False,15,[],616,"[[79, 25], [114, 78]]",0.5309354779400862,0.4846766050508691,0.5367172449815366,0.4527420600698145,0.036011317738304204,0.12155609078443838,-0.08554477304613417,1
558,RF,"{'n_estimators': 300, 'max_depth': 10, 'min_samples_split': 2, 'max_features': 0.5}",freq,False,N/A,[],616,"[[63, 41], [90, 102]]",0.5522406870333137,0.5705866682337272,0.5523469036103668,0.4870537783886786,0.09236243079733424,0.17793403180554834,-0.08557160100821411,1
79,RF,"{'n_estimators': 300, 'max_depth': None, 'min_samples_split': 5, 'max_features': 'log2'}",freq,True,N/A,[],616,"[[65, 39], [84, 108]]",0.5930125319526242,0.5603243138450743,0.5755524446045021,0.5144418183232381,0.10460588587420838,0.19104477850743176,-0.08643889263322338,1
389,RF,"{'n_estimators': 500, 'max_depth': 30, 'min_samples_split': 5, 'max_features': 'log2'}",freq,True,N/A,[],616,"[[65, 39], [84, 108]]",0.5930125319526242,0.5603243138450743,0.5755524446045021,0.5144418183232381,0.10460588587420838,0.19104477850743176,-0.08643889263322338,1
724,RF,"{'n_estimators': 200, 'max_depth': None, 'min_samples_split': 5, 'max_features': 'log2'}",freq,True,N/A,[],616,"[[65, 39], [84, 108]]",0.5930125319526242,0.5603243138450743,0.5755524446045021,0.5144418183232381,0.10460588587420838,0.19104477850743176,-0.08643889263322338,1
770,RF,"{'n_estimators': 500, 'max_depth': None, 'min_samples_split': 5, 'max_features': 'log2'}",freq,True,N/A,[],616,"[[65, 39], [84, 108]]",0.5930125319526242,0.5603243138450743,0.5755524446045021,0.5144418183232381,0.10460588587420838,0.19104477850743176,-0.08643889263322338,1
282,NN,"{'hidden_layer_sizes': (64, 64), 'activation': 'relu', 'alpha': 0.0001, 'learning_rate_init': 0.001, 'max_iter': 1000, 'early_stopping': False}",pca,False,10,[],616,"[[70, 34], [111, 81]]",0.47309752148461826,0.5556688968655125,0.541317262830657,0.42385153204963366,0.06189037888389104,0.14900266167545456,-0.08711228279156352,1
933,NN,"{'hidden_layer_sizes': (128, 128), 'activation': 'relu', 'alpha': 0.001, 'learning_rate_init': 0.0001, 'max_iter': 1000, 'early_stopping': False}",pca,False,20,[],616,"[[74, 30], [100, 92]]",0.5297670942832233,0.5654584369956264,0.5515418681015202,0.48010688287977016,0.09857141299365739,0.18605682647410038,-0.08748541348044299,1
384,RF,"{'n_estimators': 500, 'max_depth': None, 'min_samples_split': 10, 'max_features': 'log2'}",pca,False,15,[],616,"[[83, 21], [130, 62]]",0.47908771180660586,0.4783832476814933,0.5415904271503553,0.4159883887630367,0.031404066581365075,0.11898628931543326,-0.08758222273406818,1
548,RF,"{'n_estimators': 300, 'max_depth': 30, 'min_samples_split': 5, 'max_features': 'sqrt'}",pca,True,15,[],616,"[[80, 24], [116, 76]]",0.5275341173958686,0.4713839291502963,0.5338446170571274,0.44586684120034964,0.030114905760904365,0.11789628348597703,-0.08778137772507266,1
449,RF,"{'n_estimators': 100, 'max_depth': 5, 'min_samples_split': 5, 'max_features': 0.5}",pca,False,15,[],616,"[[80, 24], [138, 54]]",0.42953816225705627,0.49844709043492,0.5227392917361159,0.3740881514259424,0.013608494178351194,0.10168477800587182,-0.08807628382752063,1
85,ET,"{'n_estimators': 300, 'max_depth': None, 'min_samples_split': 10, 'max_features': 0.5}",pca,False,20,[],616,"[[80, 24], [111, 81]]",0.5405182997348896,0.4989970304292272,0.5455604247236393,0.46144083170414474,0.06439842130819529,0.15314536920694377,-0.08874694789874848,1
153,SVM,"{'C': 100, 'kernel': 'rbf', 'gamma': 'scale'}",pca,True,5,[],616,"[[31, 73], [70, 122]]",0.49877675568919805,0.5209495642042526,0.5200851244554641,0.43159301695842006,0.020669855753463657,0.10945666088967028,-0.08878680513620663,1
6,SVM,"{'C': 10, 'kernel': 'poly', 'gamma': 'auto'}",pca,True,20,[],616,"[[53, 51], [97, 95]]",0.45595134304811724,0.5673883066937283,0.5477283341409274,0.4162089455488543,0.08842320344482464,0.17721668548808753,-0.08879348204326289,1
67,RF,"{'n_estimators': 200, 'max_depth': 30, 'min_samples_split': 5, 'max_features': 'log2'}",freq,False,N/A,[],616,"[[65, 39], [85, 107]]",0.5885080274481196,0.559272539109089,0.5729883420403995,0.5111963182413151,0.10167546270342054,0.19076159685890876,-0.08908613415548822,1
468,RF,"{'n_estimators': 200, 'max_depth': None, 'min_samples_split': 5, 'max_features': 'sqrt'}",freq,False,N/A,[],616,"[[65, 39], [85, 107]]",0.5885080274481196,0.559272539109089,0.5729883420403995,0.5111963182413151,0.10167546270342054,0.19076159685890876,-0.08908613415548822,1
266,NN,"{'hidden_layer_sizes': (256, 256), 'activation': 'relu', 'alpha': 0.01, 'learning_rate_init': 0.001, 'max_iter': 1000, 'early_stopping': False}",pca,True,10,[],616,"[[78, 26], [134, 58]]",0.43024541987675624,0.4987944824901347,0.49351358556343367,0.34145605089001313,-0.03256577363011718,0.057041419851641885,-0.08960719348175906,1
823,NN,"{'hidden_layer_sizes': (64, 64), 'activation': 'relu', 'alpha': 0.0001, 'learning_rate_init': 0.0005, 'max_iter': 1000, 'early_stopping': False}",pca,False,20,[],616,"[[76, 28], [122, 70]]",0.4814526508074895,0.4165942721245124,0.4897313746733796,0.3815871129070982,-0.04185272095474113,0.04942611782453525,-0.09127883877927638,1
649,SVM,"{'C': 1, 'kernel': 'rbf', 'gamma': 'scale'}",pca,False,20,[],616,"[[71, 33], [99, 93]]",0.5069406140834712,0.5952176756990422,0.5836164759632034,0.4668844782052329,0.14978447437823292,0.24252766397478887,-0.09274318959655595,1
641,RF,"{'n_estimators': 100, 'max_depth': 5, 'min_samples_split': 5, 'max_features': 0.5}",pca,False,20,[],616,"[[78, 26], [137, 55]]",0.4261368017128386,0.4652314403862392,0.504039767064484,0.35344178053374403,-0.018622504582277172,0.07453661015997716,-0.09315911474225433,1
453,ET,"{'n_estimators': 200, 'max_depth': 5, 'min_samples_split': 10, 'max_features': 'log2'}",freq,True,N/A,[],616,"[[59, 45], [99, 93]]",0.5021173246979699,0.5086664464559957,0.5002492722942875,0.4159808098519338,-0.0034134318118173024,0.08986705070839268,-0.09328048252020998,1
726,RF,"{'n_estimators': 100, 'max_depth': 5, 'min_samples_split': 5, 'max_features': 0.5}",pca,True,5,[],616,"[[28, 76], [85, 107]]",0.44675699399201707,0.4707601876954331,0.4776147654599739,0.3934544555833481,-0.04968037809152659,0.04371856048542242,-0.093398938576949,1
570,SVM,"{'C': 1, 'kernel': 'rbf', 'gamma': 'scale'}",pca,True,5,[],616,"[[21, 83], [65, 127]]",0.486828994893511,0.5511282072209353,0.5158690467479476,0.41094320161894177,0.007099253806362338,0.10060040838515069,-0.09350115457878835,1
371,RF,"{'n_estimators': 500, 'max_depth': 5, 'min_samples_split': 10, 'max_features': 'log2'}",pca,False,20,[],616,"[[78, 26], [138, 54]]",0.4216322972083341,0.46491174729161,0.5014756645003814,0.3485827897592604,-0.020046478861926786,0.07374264538645248,-0.09378912424837926,1
647,RF,"{'n_estimators': 200, 'max_depth': 5, 'min_samples_split': 2, 'max_features': 0.5}",pca,False,5,[],616,"[[28, 76], [84, 108]]",0.45126149849652153,0.4721136344436167,0.48017886802407655,0.39721864236711313,-0.048041971389384264,0.04586509405327674,-0.093907065442661,1
238,NN,"{'hidden_layer_sizes': (256, 256), 'activation': 'tanh', 'alpha': 0.01, 'learning_rate_init': 0.0005, 'max_iter': 1000, 'early_stopping': False}",freq,True,N/A,[],616,"[[55, 49], [87, 105]]",0.5414627926148664,0.488116458704694,0.5148117238147617,0.43738481762014336,-0.016184480632241944,0.07805101018853433,-0.09423549082077627,1
256,NN,"{'hidden_layer_sizes': (256, 256), 'activation': 'tanh', 'alpha': 0.001, 'learning_rate_init': 0.001, 'max_iter': 1000, 'early_stopping': False}",freq,True,N/A,[],616,"[[55, 49], [86, 106]]",0.5459672971193709,0.489091513074347,0.5173758263788643,0.4406802856685905,-0.013759248013756942,0.08099595850047278,-0.09475520651422972,1
644,NN,"{'hidden_layer_sizes': (256, 256), 'activation': 'tanh', 'alpha': 0.0001, 'learning_rate_init': 0.001, 'max_iter': 1000, 'early_stopping': False}",freq,True,N/A,[],616,"[[55, 49], [86, 106]]",0.5459672971193709,0.489091513074347,0.5173758263788643,0.4406802856685905,-0.013759248013756942,0.08099595850047278,-0.09475520651422972,1
710,NN,"{'hidden_layer_sizes': (64,), 'activation': 'relu', 'alpha': 0.0001, 'learning_rate_init': 0.001, 'max_iter': 1000, 'early_stopping': False}",freq,True,N/A,[],616,"[[55, 49], [86, 106]]",0.5459672971193709,0.489091513074347,0.5173758263788643,0.4406802856685905,-0.013759248013756942,0.08099595850047278,-0.09475520651422972,1
907,NN,"{'hidden_layer_sizes': (128,), 'activation': 'relu', 'alpha': 0.0001, 'learning_rate_init': 0.0005, 'max_iter': 1000, 'early_stopping': False}",freq,True,N/A,[],616,"[[55, 49], [86, 106]]",0.5459672971193709,0.489091513074347,0.5173758263788643,0.4406802856685905,-0.013759248013756942,0.08099595850047278,-0.09475520651422972,1
943,ET,"{'n_estimators': 200, 'max_depth': None, 'min_samples_split': 10, 'max_features': 'log2'}",pca,True,10,[],616,"[[74, 30], [124, 68]]",0.46959681867515973,0.47532327656334544,0.5047641387119431,0.4103468427317716,-0.011848953322221209,0.0840509824915729,-0.09589993581379411,1
656,NN,"{'hidden_layer_sizes': (128, 128), 'activation': 'relu', 'alpha': 0.0001, 'learning_rate_init': 0.0005, 'max_iter': 1000, 'early_stopping': False}",pca,False,15,[],616,"[[74, 30], [117, 75]]",0.46519165643589605,0.5594121056077578,0.5343049020900442,0.4115840185789564,0.052847883098280556,0.14978506501363528,-0.09693718191535472,1
873,RF,"{'n_estimators': 100, 'max_depth': 10, 'min_samples_split': 5, 'max_features': 'sqrt'}",pca,False,15,[],616,"[[81, 23], [128, 64]]",0.4809040442680996,0.4741981196995946,0.5378781276565038,0.41657629936488316,0.02264122269116727,0.12036207613816292,-0.09772085344699566,1
419,RF,"{'n_estimators': 200, 'max_depth': 30, 'min_samples_split': 2, 'max_features': 0.5}",pca,True,10,[],616,"[[73, 31], [124, 68]]",0.45957659436922116,0.47463302308720134,0.5050695534021963,0.3888918911119914,-0.010168850290149023,0.08900588762540458,-0.0991747379155536,1
137,RF,"{'n_estimators': 300, 'max_depth': 20, 'min_samples_split': 5, 'max_features': 'log2'}",freq,False,N/A,[],616,"[[64, 40], [85, 107]]",0.5858198554051088,0.5566712081955983,0.5705373616482426,0.509334231252076,0.09664041201345175,0.19714879542702676,-0.10050838341357501,1
811,NN,"{'hidden_layer_sizes': (128,), 'activation': 'relu', 'alpha': 0.01, 'learning_rate_init': 0.001, 'max_iter': 1000, 'early_stopping': False}",pca,False,5,[],616,"[[24, 80], [68, 124]]",0.48137999750902977,0.5529712291268356,0.5155296802321104,0.4125940741710898,0.015601226610862606,0.11634751563584247,-0.10074628902497987,1
368,RF,"{'n_estimators': 500, 'max_depth': 10, 'min_samples_split': 2, 'max_features': 'log2'}",pca,False,10,[],616,"[[76, 28], [132, 60]]",0.44036350372755906,0.4735390589045516,0.5043753597502562,0.38172913650668666,-0.007670389188991988,0.0940416340887288,-0.10171202327772079,1
499,RF,"{'n_estimators': 500, 'max_depth': 10, 'min_samples_split': 2, 'max_features': 'sqrt'}",pca,False,10,[],616,"[[76, 28], [132, 60]]",0.44036350372755906,0.4735390589045516,0.5043753597502562,0.38172913650668666,-0.007670389188991988,0.0940416340887288,-0.10171202327772079,1
314,RF,"{'n_estimators': 200, 'max_depth': 20, 'min_samples_split': 10, 'max_features': 'log2'}",pca,True,15,[],616,"[[82, 22], [131, 61]]",0.47299817921937737,0.45608697264809234,0.532441397167992,0.40574854714198977,0.015011247196791921,0.11688066215975916,-0.10186941496296724,1
320,RF,"{'n_estimators': 300, 'max_depth': None, 'min_samples_split': 10, 'max_features': 'sqrt'}",pca,False,15,[],616,"[[82, 22], [131, 61]]",0.47299817921937737,0.45608697264809234,0.532441397167992,0.40574854714198977,0.015011247196791921,0.11688066215975916,-0.10186941496296724,1
556,RF,"{'n_estimators': 200, 'max_depth': 20, 'min_samples_split': 10, 'max_features': 'sqrt'}",pca,False,15,[],616,"[[82, 22], [131, 61]]",0.47299817921937737,0.45608697264809234,0.532441397167992,0.40574854714198977,0.015011247196791921,0.11688066215975916,-0.10186941496296724,1
128,ET,"{'n_estimators': 500, 'max_depth': 10, 'min_samples_split': 2, 'max_features': 0.5}",pca,True,20,[],616,"[[74, 30], [118, 74]]",0.4900049819404659,0.46974712635089994,0.5101473822545349,0.41298647548059636,0.0009589550439698113,0.10349583474675966,-0.10253687970278985,1
869,NN,"{'hidden_layer_sizes': (128, 128), 'activation': 'tanh', 'alpha': 0.0001, 'learning_rate_init': 0.001, 'max_iter': 1000, 'early_stopping': False}",freq,True,N/A,[],616,"[[53, 51], [84, 108]]",0.5477836295808646,0.48891456111283693,0.5180141586348436,0.4436862438907114,-0.015030604552193442,0.08872158337576942,-0.10375218792796287,1
881,NN,"{'hidden_layer_sizes': (128, 128), 'activation': 'tanh', 'alpha': 0.01, 'learning_rate_init': 0.001, 'max_iter': 1000, 'early_stopping': False}",freq,True,N/A,[],616,"[[53, 51], [84, 108]]",0.5477836295808646,0.48891456111283693,0.5180141586348436,0.4436862438907114,-0.015030604552193442,0.08872158337576942,-0.10375218792796287,1
877,RF,"{'n_estimators': 500, 'max_depth': None, 'min_samples_split': 2, 'max_features': 'log2'}",freq,True,N/A,[],616,"[[61, 43], [81, 111]]",0.5910375484108202,0.5665283495126818,0.5740483218286312,0.5177901327316513,0.10398936395397702,0.20867309411814275,-0.10468373016416573,1
968,NN,"{'hidden_layer_sizes': (256, 256), 'activation': 'tanh', 'alpha': 0.0001, 'learning_rate_init': 0.0001, 'max_iter': 1000, 'early_stopping': False}",freq,True,N/A,[],616,"[[56, 48], [93, 99]]",0.5192635031344709,0.5152786485545106,0.513043666164351,0.44043083204141836,0.0064646568556976,0.1112348151194446,-0.104770158263747,1
428,SVM,"{'C': 100, 'kernel': 'rbf', 'gamma': 'auto'}",pca,False,15,[],616,"[[23, 81], [81, 111]]",0.42486907579073474,0.5636845352120458,0.5120971274830706,0.35633158758550065,3.938229043272864e-05,0.10579494068946697,-0.10575555839903425,1
208,SVM,"{'C': 1, 'kernel': 'rbf', 'gamma': 'auto'}",freq,True,N/A,[],616,"[[70, 34], [90, 102]]",0.5840954516069724,0.5785098868233495,0.6086512384738013,0.5417808805065129,0.16373801330731372,0.2731183166971873,-0.10938030338987356,1
218,NN,"{'hidden_layer_sizes': (256, 256), 'activation': 'tanh', 'alpha': 0.001, 'learning_rate_init': 0.0005, 'max_iter': 1000, 'early_stopping': False}",pca,False,15,[],616,"[[21, 83], [64, 128]]",0.49353978731858916,0.5506008704190303,0.5188665187595042,0.41747219177884326,0.004207002129732129,0.11382895948477569,-0.10962195735504356,1
289,RF,"{'n_estimators': 200, 'max_depth': 20, 'min_samples_split': 5, 'max_features': 0.5}",pca,False,15,[],616,"[[78, 26], [116, 76]]",0.5214445848086401,0.4601599973281389,0.513091802870179,0.4377940086708277,0.007934808960363285,0.1178799656290937,-0.1099451566687304,1
952,SVM,"{'C': 0.1, 'kernel': 'rbf', 'gamma': 'scale'}",pca,False,5,[],616,"[[19, 85], [73, 119]]",0.44651975873174027,0.5347193914622065,0.4906709501745404,0.3737100725824436,-0.017850159841134028,0.09407621016609838,-0.1119263700072324,1
484,NN,"{'hidden_layer_sizes': (64,), 'activation': 'relu', 'alpha': 0.001, 'learning_rate_init': 0.0005, 'max_iter': 1000, 'early_stopping': False}",pca,True,10,[],616,"[[73, 31], [103, 89]]",0.5190144061111802,0.548523296107474,0.5314610527811301,0.4551055836235336,0.05644130270326786,0.16924816685135963,-0.11280686414809177,1
214,SVM,"{'C': 1, 'kernel': 'rbf', 'gamma': 'scale'}",pca,False,5,[],616,"[[17, 87], [64, 128]]",0.47876447876447875,0.537335509318268,0.5046906839056797,0.3923733229861294,-0.015752492362605713,0.09911349194771742,-0.11486598431032313,1
61,RF,"{'n_estimators': 200, 'max_depth': 20, 'min_samples_split': 10, 'max_features': 0.5}",pca,False,15,[],616,"[[80, 24], [118, 74]]",0.5221577733098471,0.45604955426431976,0.5322428678545773,0.4408605151462294,0.02382174524759691,0.13925450685487187,-0.11543276160727496,1
591,RF,"{'n_estimators': 100, 'max_depth': 5, 'min_samples_split': 10, 'max_features': 'log2'}",freq,True,N/A,[],616,"[[61, 43], [96, 96]]",0.520940459880552,0.5511126964310485,0.5322770121651647,0.4622289331393688,0.0660552828478896,0.18178087568297485,-0.11572559283508525,1
390,NN,"{'hidden_layer_sizes': (64,), 'activation': 'tanh', 'alpha': 0.01, 'learning_rate_init': 0.0005, 'max_iter': 1000, 'early_stopping': False}",freq,True,N/A,[],616,"[[53, 51], [93, 99]]",0.5090594215018178,0.477037037037037,0.49452514764583255,0.41306356963664476,-0.03909031376369295,0.07666007325398752,-0.11575038701768048,1
671,NN,"{'hidden_layer_sizes': (256,), 'activation': 'tanh', 'alpha': 0.01, 'learning_rate_init': 0.001, 'max_iter': 1000, 'early_stopping': False}",freq,True,N/A,[],616,"[[53, 51], [93, 99]]",0.5090594215018178,0.477037037037037,0.49452514764583255,0.41306356963664476,-0.03909031376369295,0.07666007325398752,-0.11575038701768048,1
832,NN,"{'hidden_layer_sizes': (64,), 'activation': 'tanh', 'alpha': 0.001, 'learning_rate_init': 0.0005, 'max_iter': 1000, 'early_stopping': False}",freq,True,N/A,[],616,"[[53, 51], [93, 99]]",0.5090594215018178,0.477037037037037,0.49452514764583255,0.41306356963664476,-0.03909031376369295,0.07666007325398752,-0.11575038701768048,1
195,RF,"{'n_estimators': 200, 'max_depth': 30, 'min_samples_split': 2, 'max_features': 'log2'}",freq,True,N/A,[],616,"[[60, 44], [81, 111]]",0.5883493763678095,0.5641157132517309,0.5715973414364743,0.5158142477593665,0.09901568457022862,0.21503143777217937,-0.11601575320195075,1
642,RF,"{'n_estimators': 300, 'max_depth': None, 'min_samples_split': 2, 'max_features': 'sqrt'}",freq,True,N/A,[],616,"[[60, 44], [81, 111]]",0.5883493763678095,0.5641157132517309,0.5715973414364743,0.5158142477593665,0.09901568457022862,0.21503143777217937,-0.11601575320195075,1
893,RF,"{'n_estimators': 200, 'max_depth': 20, 'min_samples_split': 2, 'max_features': 'sqrt'}",freq,True,N/A,[],616,"[[60, 44], [81, 111]]",0.5883493763678095,0.5641157132517309,0.5715973414364743,0.5158142477593665,0.09901568457022862,0.21503143777217937,-0.11601575320195075,1
928,RF,"{'n_estimators': 300, 'max_depth': 10, 'min_samples_split': 10, 'max_features': 0.5}",pca,True,20,[],616,"[[76, 28], [126, 66]]",0.4692068632160798,0.44183295992506516,0.5106466237231219,0.3912444259556822,-0.018343847037145495,0.09924147790358603,-0.11758532494073153,1
794,NN,"{'hidden_layer_sizes': (64, 64), 'activation': 'tanh', 'alpha': 0.0001, 'learning_rate_init': 0.001, 'max_iter': 1000, 'early_stopping': False}",pca,False,10,[],616,"[[21, 83], [70, 122]]",0.46651276029156213,0.5437929415058381,0.5034819033748887,0.39597577232983755,-0.006753506283543061,0.11090328158421117,-0.11765678786775423,1
523,NN,"{'hidden_layer_sizes': (64, 64), 'activation': 'tanh', 'alpha': 0.001, 'learning_rate_init': 0.001, 'max_iter': 1000, 'early_stopping': False}",pca,True,10,[],616,"[[71, 33], [132, 60]]",0.41823093666411637,0.46232305851871075,0.4810515584990868,0.3355183180376334,-0.060450744342822306,0.05814265709297424,-0.11859340143579655,1
766,NN,"{'hidden_layer_sizes': (128,), 'activation': 'relu', 'alpha': 0.0001, 'learning_rate_init': 0.0005, 'max_iter': 1000, 'early_stopping': False}",pca,False,5,[],616,"[[25, 79], [69, 123]]",0.48176995296810965,0.5520802709625968,0.5158499275076188,0.4163430494224258,0.013261120481198282,0.13256034817503948,-0.1192992276938412,1
473,RF,"{'n_estimators': 200, 'max_depth': 5, 'min_samples_split': 10, 'max_features': 0.5}",freq,False,N/A,[],616,"[[60, 44], [95, 97]]",0.5238599363023326,0.5433620261933515,0.5326068190608374,0.46449628561851136,0.05778259653910689,0.1775123583582674,-0.11972976181916051,1
802,NN,"{'hidden_layer_sizes': (64, 64), 'activation': 'relu', 'alpha': 0.0001, 'learning_rate_init': 0.0005, 'max_iter': 1000, 'early_stopping': False}",freq,True,N/A,[],616,"[[53, 51], [81, 111]]",0.5631134755558719,0.4890350877192982,0.5252943784150633,0.4529751544854905,-0.010175001461054508,0.10990337088464601,-0.12007837234570051,1
58,RF,"{'n_estimators': 300, 'max_depth': 10, 'min_samples_split': 2, 'max_features': 'sqrt'}",freq,False,N/A,[],616,"[[61, 43], [90, 102]]",0.5475775314484992,0.568015873015873,0.551166801940069,0.4882972596428221,0.09036432485645551,0.21156013015717426,-0.12119580530071875,1
227,RF,"{'n_estimators': 300, 'max_depth': 10, 'min_samples_split': 2, 'max_features': 'log2'}",freq,False,N/A,[],616,"[[61, 43], [90, 102]]",0.5475775314484992,0.568015873015873,0.551166801940069,0.4882972596428221,0.09036432485645551,0.21156013015717426,-0.12119580530071875,1
360,RF,"{'n_estimators': 100, 'max_depth': 5, 'min_samples_split': 5, 'max_features': 'log2'}",pca,True,20,[],616,"[[77, 27], [138, 54]]",0.4207604576268171,0.447102785415479,0.4986125961961367,0.3465597736517372,-0.03032503383860034,0.09101060369617997,-0.12133563753478031,1
240,SVM,"{'C': 100, 'kernel': 'rbf', 'gamma': 'scale'}",freq,False,N/A,[],616,"[[50, 54], [93, 99]]",0.4958691410304314,0.5110511825154503,0.4999861354597615,0.4276612957086517,-0.005761350000891841,0.11598593920098783,-0.12174728920187967,1
633,SVM,"{'C': 10, 'kernel': 'poly', 'gamma': 'scale'}",pca,False,5,[],616,"[[18, 86], [71, 121]]",0.44992111927595796,0.5306048873477024,0.4891929463491187,0.3705276051251283,-0.02272934544298148,0.10036620844298914,-0.12309555388597063,1
175,RF,"{'n_estimators': 200, 'max_depth': 10, 'min_samples_split': 2, 'max_features': 'sqrt'}",freq,True,N/A,[],616,"[[61, 43], [93, 99]]",0.5351671618952726,0.55757985051887,0.5436911789714883,0.4781519205432249,0.07939635082657381,0.20306750819434885,-0.12367115736777504,1
447,ET,"{'n_estimators': 200, 'max_depth': 30, 'min_samples_split': 2, 'max_features': 'log2'}",pca,True,20,[],616,"[[80, 24], [105, 87]]",0.5674786043449638,0.5141902215431627,0.5716772480028486,0.49068870604654635,0.09946153795319712,0.22323630456294907,-0.12377476660975195,1
964,ET,"{'n_estimators': 200, 'max_depth': 10, 'min_samples_split': 2, 'max_features': 'log2'}",pca,True,20,[],616,"[[79, 25], [132, 60]]",0.4468681980202718,0.5038188562645084,0.5335273610266705,0.3847136021398276,0.03991768865089943,0.1644618028956176,-0.12454411424471817,1
51,NN,"{'hidden_layer_sizes': (128,), 'activation': 'tanh', 'alpha': 0.0001, 'learning_rate_init': 0.0001, 'max_iter': 1000, 'early_stopping': False}",pca,False,10,[],616,"[[21, 83], [69, 123]]",0.47212040875635347,0.5445092764449084,0.5062626906627182,0.4013295215328008,-0.007489835533425748,0.11712832725014878,-0.12461816278357453,1
987,SVM,"{'C': 10, 'kernel': 'rbf', 'gamma': 'auto'}",freq,True,N/A,[],616,"[[68, 36], [85, 107]]",0.5990353421228998,0.5846521942110177,0.6161364210625465,0.5542040775951586,0.17493111406792597,0.29955347356699447,-0.1246223594990685,1
915,NN,"{'hidden_layer_sizes': (64,), 'activation': 'tanh', 'alpha': 0.01, 'learning_rate_init': 0.0001, 'max_iter': 1000, 'early_stopping': False}",pca,False,15,[],616,"[[21, 83], [70, 122]]",0.467615904251849,0.5433079853065105,0.5036985880986157,0.3976769744090918,-0.009230000064038216,0.11670690566929005,-0.12593690573332827,1
980,SVM,"{'C': 10, 'kernel': 'rbf', 'gamma': 'auto'}",pca,True,5,[],616,"[[25, 79], [72, 120]]",0.4762349578017781,0.5032703129700619,0.5015298637813137,0.4085308979014322,-0.018109352238015946,0.10806195031688708,-0.12617130255490303,1
876,ET,"{'n_estimators': 300, 'max_depth': 30, 'min_samples_split': 10, 'max_features': 'log2'}",pca,False,20,[],616,"[[78, 26], [114, 78]]",0.5252611070583421,0.4849943580257514,0.5486216064612917,0.4517226235328638,0.05133591081960779,0.17832855826637134,-0.12699264744676356,1
858,SVM,"{'C': 100, 'kernel': 'poly', 'gamma': 'scale'}",pca,True,15,[],616,"[[20, 84], [82, 110]]",0.41048372269570427,0.5524140807523023,0.49824153990475445,0.3323723880833567,-0.02102861798488061,0.10756052718323302,-0.12858914516811362,1
562,ET,"{'n_estimators': 100, 'max_depth': 10, 'min_samples_split': 5, 'max_features': 'sqrt'}",freq,True,N/A,[],616,"[[56, 48], [90, 102]]",0.5331002496901115,0.5373078361526954,0.5279630073609637,0.46226649118925206,0.03547080598120289,0.16411997388532704,-0.12864916790412415,1
482,SVM,"{'C': 100, 'kernel': 'poly', 'gamma': 'scale'}",pca,True,10,[],616,"[[20, 84], [83, 109]]",0.4059792181911998,0.5521206535222554,0.49567743734065184,0.32715379152367147,-0.022351978517262228,0.10717426744273766,-0.1295262459599999,1
931,NN,"{'hidden_layer_sizes': (128, 128), 'activation': 'tanh', 'alpha': 0.01, 'learning_rate_init': 0.0005, 'max_iter': 1000, 'early_stopping': False}",pca,True,5,[],616,"[[25, 79], [66, 126]]",0.49236399005984266,0.5506951330664506,0.5193870066384565,0.4209122423297047,0.014640759493296388,0.14438357002784524,-0.12974281053454886,1
582,NN,"{'hidden_layer_sizes': (128,), 'activation': 'tanh', 'alpha': 0.01, 'learning_rate_init': 0.001, 'max_iter': 1000, 'early_stopping': False}",pca,True,10,[],616,"[[76, 28], [131, 61]]",0.432933591919767,0.5004555138698593,0.48883893270802964,0.3373684200547555,-0.044172372008381346,0.08619755753780062,-0.13036992954618196,1
159,RF,"{'n_estimators': 100, 'max_depth': 20, 'min_samples_split': 5, 'max_features': 'log2'}",pca,True,10,[],616,"[[77, 27], [135, 57]]",0.4360903036018244,0.4538619506498128,0.5024650851873994,0.37533288598435854,-0.017459373443420818,0.11338895376687325,-0.13084832721029407,1
753,ET,"{'n_estimators': 300, 'max_depth': 5, 'min_samples_split': 2, 'max_features': 'sqrt'}",pca,True,5,[],616,"[[24, 80], [75, 117]]",0.4632759817091614,0.47612123848026106,0.48536631076330056,0.39074035590477396,-0.044587623514279216,0.08786489001586195,-0.13245251353014117,1
203,RF,"{'n_estimators': 300, 'max_depth': 10, 'min_samples_split': 10, 'max_features': 'sqrt'}",pca,False,10,[],616,"[[76, 28], [132, 60]]",0.44178988072997294,0.45601146566220097,0.5031178144786264,0.3765720828507555,-0.011213851079965309,0.12142533803104845,-0.13263918911101374,1
471,RF,"{'n_estimators': 300, 'max_depth': None, 'min_samples_split': 10, 'max_features': 'sqrt'}",pca,True,10,[],616,"[[77, 27], [131, 61]]",0.44969574577869514,0.46272214256085215,0.5118547565489018,0.3860747253251387,0.0011609499433639092,0.13406814817281937,-0.13290719822945546,1
673,RF,"{'n_estimators': 300, 'max_depth': 30, 'min_samples_split': 10, 'max_features': 'sqrt'}",pca,False,10,[],616,"[[77, 27], [131, 61]]",0.44969574577869514,0.46272214256085215,0.5118547565489018,0.3860747253251387,0.0011609499433639092,0.13406814817281937,-0.13290719822945546,1
267,NN,"{'hidden_layer_sizes': (128, 128), 'activation': 'relu', 'alpha': 0.001, 'learning_rate_init': 0.0001, 'max_iter': 1000, 'early_stopping': False}",pca,False,5,[],616,"[[25, 79], [68, 124]]",0.4833549810508336,0.5482238318861126,0.5142588015102514,0.41355307366849176,0.011212458843024095,0.14427678506931377,-0.13306432622628966,1
839,NN,"{'hidden_layer_sizes': (64,), 'activation': 'relu', 'alpha': 0.001, 'learning_rate_init': 0.001, 'max_iter': 1000, 'early_stopping': False}",pca,False,10,[],616,"[[58, 46], [81, 111]]",0.5407510868340362,0.552008011837592,0.5599771341866067,0.4909950191672503,0.10120529535940119,0.23435585529535935,-0.13315055993595815,1
299,RF,"{'n_estimators': 100, 'max_depth': None, 'min_samples_split': 2, 'max_features': 0.5}",pca,True,10,[],616,"[[73, 31], [117, 75]]",0.49363764686345335,0.46468279026929094,0.502070053975605,0.420816267299653,-0.003505727217697078,0.13074179790944013,-0.1342475251271372,1
200,SVM,"{'C': 0.1, 'kernel': 'poly', 'gamma': 'auto'}",,False,N/A,['drugConcentration'],616,"[[2, 102], [27, 165]]",0.5901212272180014,0.35548029556650246,0.4674793060356441,0.39245568853204055,-0.0733991832732082,0.06116857180122204,-0.13456775507443025,1
455,RF,"{'n_estimators': 300, 'max_depth': 10, 'min_samples_split': 10, 'max_features': 0.5}",pca,False,10,[],616,"[[74, 30], [133, 59]]",0.4282763672164594,0.44349550599550597,0.48777466345472426,0.35741468819043476,-0.028443053905969833,0.10625619210286766,-0.13469924600883748,1
878,ET,"{'n_estimators': 200, 'max_depth': 10, 'min_samples_split': 10, 'max_features': 0.5}",freq,False,N/A,[],616,"[[62, 42], [90, 102]]",0.5527952244542106,0.5680307703422984,0.5612781852839848,0.4999775644088038,0.1052327189253431,0.24008110826018064,-0.13484838933483756,1
549,NN,"{'hidden_layer_sizes': (256, 256), 'activation': 'relu', 'alpha': 0.001, 'learning_rate_init': 0.0001, 'max_iter': 1000, 'early_stopping': False}",freq,True,N/A,['drugConcentration'],616,"[[53, 51], [81, 111]]",0.5653197634764454,0.48184254828991674,0.5257277478625173,0.45594555082357435,-0.01548579748921001,0.11973061989895396,-0.13521641738816398,1
318,ET,"{'n_estimators': 100, 'max_depth': 20, 'min_samples_split': 5, 'max_features': 'log2'}",freq,False,N/A,[],616,"[[55, 49], [81, 111]]",0.5716658066888481,0.5483983336924513,0.5523108091597458,0.4956893837156995,0.061239341594236274,0.19659218358778424,-0.13535284199354797,1
329,RF,"{'n_estimators': 200, 'max_depth': 30, 'min_samples_split': 5, 'max_features': 'log2'}",pca,False,10,[],616,"[[77, 27], [129, 63]]",0.45539532290684365,0.4686052342302342,0.5163329075059261,0.3899776669867872,0.014683437186255014,0.15204837144301464,-0.13736493425675964,1
479,ET,"{'n_estimators': 200, 'max_depth': None, 'min_samples_split': 2, 'max_features': 'log2'}",pca,False,20,[],616,"[[79, 25], [106, 86]]",0.5602859277974486,0.5107969055384584,0.5666621650465892,0.4861111938709874,0.09191568052039345,0.2294632885438919,-0.13754760802349844,1
251,ET,"{'n_estimators': 300, 'max_depth': 20, 'min_samples_split': 5, 'max_features': 'sqrt'}",freq,True,N/A,[],616,"[[58, 46], [80, 112]]",0.5863743928260058,0.5662039159551996,0.573393430242367,0.5203047436079749,0.10302322895433236,0.24070345596332532,-0.13768022700899296,1
622,ET,"{'n_estimators': 100, 'max_depth': 10, 'min_samples_split': 10, 'max_features': 'sqrt'}",pca,False,20,[],616,"[[84, 20], [135, 57]]",0.4525677751484203,0.509963139368877,0.5527819885628502,0.39281900269488895,0.07301696379419413,0.21315903437065448,-0.14014207057646033,1
345,ET,"{'n_estimators': 100, 'max_depth': None, 'min_samples_split': 10, 'max_features': 'sqrt'}",freq,False,N/A,['drugConcentration'],616,"[[65, 39], [101, 91]]",0.5262975286016761,0.5277004177739472,0.5489957031727261,0.47831205958128425,0.06278015372817054,0.20360095397633918,-0.14082080024816862,1
380,NN,"{'hidden_layer_sizes': (128, 128), 'activation': 'relu', 'alpha': 0.0001, 'learning_rate_init': 0.0005, 'max_iter': 1000, 'early_stopping': False}",freq,True,N/A,[],616,"[[51, 53], [82, 110]]",0.5539458154665529,0.4960099971996866,0.5215501741806629,0.4532354374498337,-0.012360002447812768,0.12867318191863486,-0.14103318436644763,1
11,NN,"{'hidden_layer_sizes': (256, 256), 'activation': 'relu', 'alpha': 0.001, 'learning_rate_init': 0.0005, 'max_iter': 1000, 'early_stopping': False}",freq,True,N/A,[],616,"[[51, 53], [81, 111]]",0.5584503199710573,0.4970617719356718,0.5241142767447656,0.45648093753175684,-0.009429579277024924,0.13165581127546336,-0.14108539055248828,1
394,RF,"{'n_estimators': 200, 'max_depth': 5, 'min_samples_split': 5, 'max_features': 'log2'}",freq,True,N/A,[],616,"[[45, 59], [90, 102]]",0.4904927969444099,0.5012396279062946,0.48795854142788686,0.41051586325156464,-0.03167427704224146,0.10954652835948328,-0.14122080540172474,1
684,NN,"{'hidden_layer_sizes': (128,), 'activation': 'tanh', 'alpha': 0.01, 'learning_rate_init': 0.0001, 'max_iter': 1000, 'early_stopping': False}",pca,True,15,[],616,"[[20, 84], [64, 128]]",0.4901384267743715,0.5432248985567569,0.5126936792533313,0.41064079726996394,-0.00917748895934023,0.13218390365321178,-0.141361392612552,1
578,SVM,"{'C': 1, 'kernel': 'linear', 'gamma': 'scale'}",freq,True,N/A,[],616,"[[74, 30], [106, 86]]",0.5354340515630839,0.48965491466024735,0.5113371432999989,0.41267548039462487,-0.02886201255756904,0.11258099816197964,-0.14144301071954868,1
750,NN,"{'hidden_layer_sizes': (128, 128), 'activation': 'tanh', 'alpha': 0.0001, 'learning_rate_init': 0.0001, 'max_iter': 1000, 'early_stopping': False}",pca,False,15,[],616,"[[20, 84], [65, 127]]",0.48563392226986696,0.5421931525250109,0.5101295766892288,0.40717075337149594,-0.011151814046670908,0.1313994500513608,-0.1425512640980317,1
554,NN,"{'hidden_layer_sizes': (128,), 'activation': 'relu', 'alpha': 0.01, 'learning_rate_init': 0.0001, 'max_iter': 1000, 'early_stopping': False}",freq,True,N/A,[],616,"[[59, 45], [100, 92]]",0.507084437960014,0.48700697586727,0.500820819279118,0.4215333106885703,-0.02222677190606796,0.12179610786509164,-0.1440228797711596,1
480,NN,"{'hidden_layer_sizes': (64, 64), 'activation': 'tanh', 'alpha': 0.01, 'learning_rate_init': 0.0005, 'max_iter': 1000, 'early_stopping': False}",pca,False,10,[],616,"[[20, 84], [67, 125]]",0.476624913260858,0.5400330903649487,0.5050013715610236,0.40010544563794753,-0.01491506085930235,0.13005721256986733,-0.14497227342916968,1
716,SVM,"{'C': 0.1, 'kernel': 'linear', 'gamma': 'auto'}",freq,True,N/A,[],616,"[[73, 31], [106, 86]]",0.5327458795200731,0.47711033431905686,0.508886162907842,0.41124732412775894,-0.0341799383350477,0.11097261772922563,-0.14515255606427332,1
172,ET,"{'n_estimators': 300, 'max_depth': 20, 'min_samples_split': 10, 'max_features': 0.5}",freq,True,N/A,[],616,"[[58, 46], [85, 107]]",0.56495501426377,0.5549808503648372,0.5607896021455812,0.5041075753868195,0.08498393664815233,0.23168420433428644,-0.1467002676861341,1
639,ET,"{'n_estimators': 200, 'max_depth': 10, 'min_samples_split': 2, 'max_features': 'sqrt'}",freq,True,N/A,[],616,"[[56, 48], [91, 101]]",0.528205789726527,0.5487413916073286,0.5289040791871501,0.4640015074000976,0.047096608577555855,0.19508247367450562,-0.14798586509694978,1
552,ET,"{'n_estimators': 100, 'max_depth': 5, 'min_samples_split': 2, 'max_features': 0.5}",freq,False,N/A,[],616,"[[56, 48], [96, 96]]",0.508992699084865,0.5211549387512876,0.5123829887879875,0.4418510447755146,0.01483009103401504,0.16350795512013253,-0.1486778640861175,1
445,SVM,"{'C': 10, 'kernel': 'poly', 'gamma': 'scale'}",freq,True,N/A,[],616,"[[47, 57], [68, 124]]",0.6018436145164255,0.5434109805538376,0.5598288448640562,0.5104517512245694,0.058554943181468554,0.20798017057422621,-0.14942522739275765,1
182,NN,"{'hidden_layer_sizes': (128,), 'activation': 'relu', 'alpha': 0.001, 'learning_rate_init': 0.0005, 'max_iter': 1000, 'early_stopping': False}",pca,False,15,[],616,"[[65, 39], [82, 110]]",0.5579832630523874,0.5668011854541536,0.5743744911792413,0.5079083888132233,0.12895487040987927,0.27918532880233515,-0.15023045839245588,1
188,NN,"{'hidden_layer_sizes': (128, 128), 'activation': 'tanh', 'alpha': 0.01, 'learning_rate_init': 0.001, 'max_iter': 1000, 'early_stopping': False}",pca,True,10,[],616,"[[69, 35], [130, 62]]",0.4168045596617025,0.46521445384431653,0.47465826043912207,0.33169575133860846,-0.07450257991706466,0.07591547936332811,-0.15041805928039276,1
250,NN,"{'hidden_layer_sizes': (128, 128), 'activation': 'tanh', 'alpha': 0.01, 'learning_rate_init': 0.0001, 'max_iter': 1000, 'early_stopping': False}",pca,True,10,[],616,"[[71, 33], [118, 74]]",0.4711759158763767,0.4795384499331868,0.479451921011573,0.3860345657376989,-0.05178205391374054,0.09872594729697448,-0.15050800121071503,1
104,ET,"{'n_estimators': 100, 'max_depth': 5, 'min_samples_split': 2, 'max_features': 'sqrt'}",freq,True,N/A,['drugConcentration'],616,"[[54, 50], [99, 93]]",0.4875733205226293,0.5073241344793069,0.492128317359607,0.4133133928717969,-0.013906073024073096,0.13727996236649306,-0.15118603539056616,1
836,NN,"{'hidden_layer_sizes': (256,), 'activation': 'relu', 'alpha': 0.001, 'learning_rate_init': 0.0005, 'max_iter': 1000, 'early_stopping': False}",freq,True,N/A,[],616,"[[50, 54], [86, 106]]",0.5325264369043171,0.47675700662219356,0.50512092441808,0.4306193096163146,-0.03863827350761347,0.11289192838462074,-0.1515302018922342,1
995,SVM,"{'C': 100, 'kernel': 'rbf', 'gamma': 'scale'}",freq,True,N/A,[],616,"[[64, 40], [81, 111]]",0.6063006719688747,0.5795933272745458,0.6165889097503293,0.5588625548445819,0.16722014808902289,0.32038291002681124,-0.15316276193778836,1
114,ET,"{'n_estimators': 100, 'max_depth': 5, 'min_samples_split': 2, 'max_features': 'sqrt'}",freq,False,N/A,[],616,"[[49, 55], [97, 95]]",0.47847238285026306,0.4493521315435436,0.4705262719830519,0.3804188679423133,-0.07317001700148891,0.08425003828899066,-0.1574200552904796,1
581,ET,"{'n_estimators': 100, 'max_depth': 5, 'min_samples_split': 2, 'max_features': 'log2'}",freq,False,N/A,[],616,"[[49, 55], [97, 95]]",0.47847238285026306,0.4493521315435436,0.4705262719830519,0.3804188679423133,-0.07317001700148891,0.08425003828899066,-0.1574200552904796,1
71,ET,"{'n_estimators': 500, 'max_depth': 30, 'min_samples_split': 10, 'max_features': 0.5}",freq,False,N/A,[],616,"[[57, 47], [85, 107]]",0.5622668422207593,0.5527095118166842,0.5583386217534243,0.5020514391083888,0.08007229214764837,0.2378039185327084,-0.15773162638506005,1
435,ET,"{'n_estimators': 500, 'max_depth': None, 'min_samples_split': 10, 'max_features': 0.5}",freq,True,N/A,[],616,"[[57, 47], [85, 107]]",0.5622668422207593,0.5527095118166842,0.5583386217534243,0.5020514391083888,0.08007229214764837,0.2378039185327084,-0.15773162638506005,1
776,ET,"{'n_estimators': 300, 'max_depth': None, 'min_samples_split': 10, 'max_features': 0.5}",freq,True,N/A,[],616,"[[57, 47], [85, 107]]",0.5622668422207593,0.5527095118166842,0.5583386217534243,0.5020514391083888,0.08007229214764837,0.2378039185327084,-0.15773162638506005,1
616,SVM,"{'C': 10, 'kernel': 'rbf', 'gamma': 'auto'}",pca,True,10,[],616,"[[58, 46], [82, 110]]",0.5344302498680379,0.5461032735838603,0.5534744877847612,0.48118716764777286,0.09362003020823417,0.25185841412633636,-0.1582383839181022,1
946,ET,"{'n_estimators': 500, 'max_depth': 20, 'min_samples_split': 5, 'max_features': 0.5}",freq,False,N/A,['drugConcentration'],616,"[[59, 45], [101, 91]]",0.5168540825222853,0.49081509930901407,0.5248577212675528,0.46058664260751553,-0.008408511604799274,0.1534819400685191,-0.16189045167331836,1
650,ET,"{'n_estimators': 300, 'max_depth': 10, 'min_samples_split': 2, 'max_features': 'sqrt'}",freq,True,N/A,[],616,"[[54, 50], [89, 103]]",0.5318384546495146,0.5462015225700568,0.5291303235310415,0.4668041882221888,0.04127199444925193,0.20717477106952378,-0.16590277662027186,1
870,ET,"{'n_estimators': 100, 'max_depth': 10, 'min_samples_split': 2, 'max_features': 'log2'}",freq,True,N/A,[],616,"[[54, 50], [91, 101]]",0.5228294456405055,0.5441609242794585,0.5240021184028364,0.4599014541396694,0.037257415708764396,0.2070585596635229,-0.1698011439547585,1
15,ET,"{'n_estimators': 200, 'max_depth': 30, 'min_samples_split': 5, 'max_features': 'sqrt'}",freq,False,N/A,[],616,"[[52, 52], [81, 111]]",0.5636012905598159,0.541676569477147,0.5449578679832753,0.4894815084244614,0.04655181270452554,0.2164019971908524,-0.16985018448632686,1
900,ET,"{'n_estimators': 100, 'max_depth': 30, 'min_samples_split': 5, 'max_features': 'log2'}",freq,False,N/A,[],616,"[[52, 52], [81, 111]]",0.5636012905598159,0.541676569477147,0.5449578679832753,0.4894815084244614,0.04655181270452554,0.2164019971908524,-0.16985018448632686,1
378,ET,"{'n_estimators': 200, 'max_depth': 30, 'min_samples_split': 5, 'max_features': 0.5}",freq,False,N/A,[],616,"[[55, 49], [80, 112]]",0.5783098766969735,0.5594821517398954,0.5660404890658964,0.5140968683167367,0.08833570006462162,0.2595128042284557,-0.17117710416383408,1
850,ET,"{'n_estimators': 300, 'max_depth': None, 'min_samples_split': 5, 'max_features': 0.5}",freq,False,N/A,[],616,"[[55, 49], [80, 112]]",0.5783098766969735,0.5594821517398954,0.5660404890658964,0.5140968683167367,0.08833570006462162,0.2595128042284557,-0.17117710416383408,1
33,ET,"{'n_estimators': 200, 'max_depth': None, 'min_samples_split': 5, 'max_features': 'sqrt'}",freq,True,N/A,['drugConcentration'],616,"[[58, 46], [101, 91]]",0.5130627665189876,0.4899542630155633,0.5221900561516689,0.45795131689721513,-0.011272520500588468,0.16174746322355996,-0.17301998372414842,1
124,ET,"{'n_estimators': 500, 'max_depth': 30, 'min_samples_split': 5, 'max_features': 0.5}",freq,False,N/A,[],616,"[[55, 49], [81, 111]]",0.573805372192469,0.5584303770039102,0.5634763865017938,0.5108513682348138,0.08540527689383377,0.2591204699377204,-0.17371519304388666,1
431,ET,"{'n_estimators': 300, 'max_depth': None, 'min_samples_split': 5, 'max_features': 'log2'}",freq,True,N/A,[],616,"[[55, 49], [81, 111]]",0.573805372192469,0.5584303770039102,0.5634763865017938,0.5108513682348138,0.08540527689383377,0.2591204699377204,-0.17371519304388666,1
901,ET,"{'n_estimators': 300, 'max_depth': None, 'min_samples_split': 5, 'max_features': 'log2'}",freq,False,N/A,[],616,"[[55, 49], [81, 111]]",0.573805372192469,0.5584303770039102,0.5634763865017938,0.5108513682348138,0.08540527689383377,0.2591204699377204,-0.17371519304388666,1
312,ET,"{'n_estimators': 100, 'max_depth': 5, 'min_samples_split': 5, 'max_features': 0.5}",freq,True,N/A,[],616,"[[50, 54], [97, 95]]",0.4866095522777551,0.4706030897207368,0.4804422521386067,0.4018211141214613,-0.05925337569034783,0.11466967042535196,-0.1739230461156998,1
951,NN,"{'hidden_layer_sizes': (256, 256), 'activation': 'relu', 'alpha': 0.001, 'learning_rate_init': 0.001, 'max_iter': 1000, 'early_stopping': False}",freq,True,N/A,[],616,"[[48, 56], [86, 106]]",0.5278632813195024,0.48517898341463433,0.5039408227477821,0.43402145473574044,-0.03774901716592938,0.1389743857695175,-0.1767234029354469,1
127,ET,"{'n_estimators': 200, 'max_depth': 20, 'min_samples_split': 2, 'max_features': 0.5}",freq,True,N/A,[],616,"[[54, 50], [80, 112]]",0.5756217046539627,0.5572933820446657,0.5635895086737396,0.5119998597767753,0.08347130791271189,0.2658067193736557,-0.18233541146094379,1
469,ET,"{'n_estimators': 500, 'max_depth': 20, 'min_samples_split': 2, 'max_features': 0.5}",freq,False,N/A,[],616,"[[54, 50], [80, 112]]",0.5756217046539627,0.5572933820446657,0.5635895086737396,0.5119998597767753,0.08347130791271189,0.2658067193736557,-0.18233541146094379,1
588,ET,"{'n_estimators': 300, 'max_depth': 20, 'min_samples_split': 2, 'max_features': 0.5}",freq,True,N/A,[],616,"[[54, 50], [80, 112]]",0.5756217046539627,0.5572933820446657,0.5635895086737396,0.5119998597767753,0.08347130791271189,0.2658067193736557,-0.18233541146094379,1
537,SVM,"{'C': 100, 'kernel': 'linear', 'gamma': 'scale'}",freq,False,N/A,[],616,"[[66, 38], [106, 86]]",0.5139286752189979,0.43659159380031637,0.491729300162744,0.4010862802588499,-0.07090293760157358,0.11366494128770421,-0.18456787888927778,1
420,ET,"{'n_estimators': 300, 'max_depth': None, 'min_samples_split': 2, 'max_features': 'log2'}",freq,True,N/A,[],616,"[[53, 51], [82, 110]]",0.563211335100736,0.5501251888122901,0.5522884640393616,0.4986664586664587,0.06511698546454507,0.250567682677694,-0.18545069721314894,1
658,ET,"{'n_estimators': 300, 'max_depth': 30, 'min_samples_split': 2, 'max_features': 'log2'}",freq,False,N/A,[],616,"[[53, 51], [82, 110]]",0.563211335100736,0.5501251888122901,0.5522884640393616,0.4986664586664587,0.06511698546454507,0.250567682677694,-0.18545069721314894,1
395,ET,"{'n_estimators': 500, 'max_depth': 30, 'min_samples_split': 2, 'max_features': 0.5}",freq,False,N/A,[],616,"[[54, 50], [82, 110]]",0.5666126956449538,0.5552136320159993,0.5584613035455344,0.5055064039468965,0.0777234028633345,0.26501050574928964,-0.18728710288595513,1
566,ET,"{'n_estimators': 300, 'max_depth': None, 'min_samples_split': 2, 'max_features': 0.5}",freq,False,N/A,[],616,"[[54, 50], [82, 110]]",0.5666126956449538,0.5552136320159993,0.5584613035455344,0.5055064039468965,0.0777234028633345,0.26501050574928964,-0.18728710288595513,1
697,NN,"{'hidden_layer_sizes': (128, 128), 'activation': 'relu', 'alpha': 0.01, 'learning_rate_init': 0.001, 'max_iter': 1000, 'early_stopping': False}",freq,True,N/A,[],616,"[[47, 57], [80, 112]]",0.5514889478023118,0.47608104620299746,0.5131525986262248,0.44398768202933353,-0.03673856197593831,0.15079604457273435,-0.18753460654867266,1
241,RF,"{'n_estimators': 300, 'max_depth': 5, 'min_samples_split': 5, 'max_features': 0.5}",freq,True,N/A,[],616,"[[51, 53], [92, 100]]",0.5084440925454751,0.5374492528747847,0.518847794324182,0.45575314766956315,0.03276090249489816,0.22362005878915472,-0.19085915629425657,1
483,RF,"{'n_estimators': 200, 'max_depth': 5, 'min_samples_split': 5, 'max_features': 0.5}",freq,True,N/A,[],616,"[[51, 53], [92, 100]]",0.5084440925454751,0.5374492528747847,0.518847794324182,0.45575314766956315,0.03276090249489816,0.22362005878915472,-0.19085915629425657,1
648,RF,"{'n_estimators': 300, 'max_depth': 5, 'min_samples_split': 2, 'max_features': 0.5}",freq,True,N/A,[],616,"[[51, 53], [92, 100]]",0.5084440925454751,0.5374492528747847,0.518847794324182,0.45575314766956315,0.03276090249489816,0.22362005878915472,-0.19085915629425657,1
125,RF,"{'n_estimators': 300, 'max_depth': 5, 'min_samples_split': 5, 'max_features': 'log2'}",freq,True,N/A,[],616,"[[51, 53], [94, 98]]",0.499435083536466,0.5351031421953407,0.5137195891959769,0.4484987013900778,0.029226102101244916,0.22375196436551137,-0.19452586226426646,1
48,RF,"{'n_estimators': 200, 'max_depth': 5, 'min_samples_split': 10, 'max_features': 'sqrt'}",pca,True,10,[],616,"[[67, 37], [136, 56]]",0.39024014139221513,0.43736591638586947,0.45398087789347114,0.30481180978138384,-0.10882534792298981,0.08708308802018856,-0.19590843594317836,1
49,ET,"{'n_estimators': 100, 'max_depth': None, 'min_samples_split': 2, 'max_features': 'log2'}",freq,False,N/A,[],616,"[[53, 51], [83, 109]]",0.5605231630577253,0.5463803763465475,0.5493122735631711,0.4951593273740926,0.05890005500698207,0.2586877768894698,-0.19978772188248775,1
826,RF,"{'n_estimators': 500, 'max_depth': 5, 'min_samples_split': 10, 'max_features': 0.5}",pca,False,10,[],616,"[[67, 37], [138, 54]]",0.38233427634349293,0.435498689328598,0.44906935748899296,0.2976995365055067,-0.11420504313600899,0.08921315255039797,-0.20341819568640696,1
381,ET,"{'n_estimators': 100, 'max_depth': None, 'min_samples_split': 5, 'max_features': 0.5}",freq,True,N/A,[],616,"[[52, 52], [80, 112]]",0.5702453605679412,0.5529666701092582,0.5586875478894259,0.5077600357464597,0.07378924669252833,0.278416534717076,-0.20462728802454766,1
546,ET,"{'n_estimators': 500, 'max_depth': 30, 'min_samples_split': 2, 'max_features': 'log2'}",freq,True,N/A,[],616,"[[51, 53], [82, 110]]",0.5578349910147145,0.5457984768768825,0.5473865032550479,0.49442663463614317,0.05543492424436151,0.26323241250832463,-0.20779748826396313,1
926,ET,"{'n_estimators': 500, 'max_depth': None, 'min_samples_split': 2, 'max_features': 'sqrt'}",freq,True,N/A,[],616,"[[51, 53], [82, 110]]",0.5578349910147145,0.5457984768768825,0.5473865032550479,0.49442663463614317,0.05543492424436151,0.26323241250832463,-0.20779748826396313,1
528,RF,"{'n_estimators': 300, 'max_depth': 5, 'min_samples_split': 2, 'max_features': 0.5}",pca,False,10,[],616,"[[67, 37], [139, 53]]",0.3789329157992753,0.4339684235517569,0.44672193964861734,0.29579887776522523,-0.11816719379239955,0.0932594559123013,-0.21142664970470085,1
55,ET,"{'n_estimators': 100, 'max_depth': 30, 'min_samples_split': 2, 'max_features': 0.5}",freq,True,N/A,[],616,"[[51, 53], [81, 111]]",0.563052684020426,0.5497688247720682,0.5536724649331664,0.502370299035599,0.06604100509891075,0.28417131897328696,-0.2181303138743762,1
158,SVM,"{'C': 100, 'kernel': 'linear', 'gamma': 'scale'}",freq,True,N/A,[],616,"[[50, 54], [95, 97]]",0.5090460770184273,0.5136558658487418,0.5429659137440138,0.4773340543577958,0.028250916644538677,0.258202930042303,-0.2299520133977643,1
925,SVM,"{'C': 100, 'kernel': 'linear', 'gamma': 'auto'}",freq,True,N/A,[],616,"[[50, 54], [95, 97]]",0.5090460770184273,0.5136558658487418,0.5429659137440138,0.4773340543577958,0.028250916644538677,0.258202930042303,-0.2299520133977643,1
3,SVM,"{'C': 10, 'kernel': 'linear', 'gamma': 'auto'}",,True,N/A,['drugConcentration'],616,"[[9, 95], [65, 127]]",0.43257477358859847,0.21628738679429924,0.5,0.2798877297487121,,,,0
8,ET,"{'n_estimators': 500, 'max_depth': 20, 'min_samples_split': 2, 'max_features': 0.5}",freq,False,N/A,"['relationExtrusionWeight', 'drugConcentration']",518,"[[27, 68], [62, 92]]",0.5142991320119187,0.38774509803921564,0.38056076757262,0.37329886500896653,,,,0
21,SVM,"{'C': 1, 'kernel': 'rbf', 'gamma': 'auto'}",freq,False,N/A,[],616,"[[11, 93], [71, 121]]",0.4189693314117277,0.2575761245116084,0.4982611719700922,0.29347147042275384,,,,0
23,RF,"{'n_estimators': 300, 'max_depth': 5, 'min_samples_split': 5, 'max_features': 'log2'}",freq,True,N/A,"['relationExtrusionWeight', 'drugConcentration']",518,"[[21, 74], [43, 111]]",0.5871475978355108,0.4039636486444997,0.4245535944288794,0.3855137606673071,,,,0
30,SVM,"{'C': 0.1, 'kernel': 'poly', 'gamma': 'scale'}",pca,True,10,[],616,"[[11, 93], [83, 109]]",0.37886619338232236,0.22626392580975704,0.4694633852497702,0.2730581885472421,,,,0
52,ET,"{'n_estimators': 500, 'max_depth': 10, 'min_samples_split': 2, 'max_features': 0.5}",pca,True,15,"['relationExtrusionWeight', 'drugConcentration']",518,"[[18, 77], [43, 111]]",0.5506928458249872,0.41876827485380114,0.41321731350775054,0.40077724475593807,,,,0
76,SVM,"{'C': 0.1, 'kernel': 'rbf', 'gamma': 'auto'}",pca,True,5,[],616,"[[14, 90], [85, 107]]",0.3815543654253331,0.3232812784273939,0.4795652089735216,0.28929086561068695,,,,0
115,SVM,"{'C': 100, 'kernel': 'linear', 'gamma': 'auto'}",,True,N/A,['drugConcentration'],616,"[[9, 95], [65, 127]]",0.43257477358859847,0.21628738679429924,0.5,0.2798877297487121,,,,0
131,SVM,"{'C': 100, 'kernel': 'linear', 'gamma': 'scale'}",,True,N/A,"['relationExtrusionWeight', 'drugConcentration']",518,"[[0, 95], [23, 131]]",0.5377975923545298,0.3307267531665122,0.4381720430107527,0.3486053444054083,,,,0
143,NN,"{'hidden_layer_sizes': (256,), 'activation': 'relu', 'alpha': 0.0001, 'learning_rate_init': 0.0005, 'max_iter': 1000, 'early_stopping': False}",,False,N/A,['relationExtrusionWeight'],518,"[[42, 53], [41, 113]]",0.6654695705900525,0.49940145196169294,0.6666666666666666,0.5550107526881721,,,,0
164,RF,"{'n_estimators': 300, 'max_depth': 20, 'min_samples_split': 10, 'max_features': 0.5}",,False,N/A,['relationExtrusionWeight'],518,"[[0, 95], [0, 154]]",0.6614535063330244,0.49739341983317886,0.6666666666666666,0.5532258064516129,,,,0
167,SVM,"{'C': 0.1, 'kernel': 'rbf', 'gamma': 'auto'}",pca,False,5,[],616,"[[9, 95], [65, 127]]",0.43257477358859847,0.21628738679429924,0.5,0.2798877297487121,,,,0
171,NN,"{'hidden_layer_sizes': (64,), 'activation': 'relu', 'alpha': 0.0001, 'learning_rate_init': 0.0001, 'max_iter': 1000, 'early_stopping': False}",freq,False,N/A,[],616,"[[74, 30], [121, 71]]",0.4532023794696605,0.36812971679544715,0.5044921855022656,0.3389768223219676,,,,0
174,SVM,"{'C': 0.1, 'kernel': 'linear', 'gamma': 'scale'}",pca,False,20,[],616,"[[10, 94], [69, 123]]",0.4223706919559454,0.24894410539571832,0.49678316814467055,0.28644381047224127,,,,0
177,NN,"{'hidden_layer_sizes': (128,), 'activation': 'relu', 'alpha': 0.001, 'learning_rate_init': 0.001, 'max_iter': 1000, 'early_stopping': False}",pca,True,20,['relationExtrusionWeight'],518,"[[49, 46], [73, 81]]",0.5631321813307821,0.34105382744495644,0.408169231896649,0.3591689305624583,,,,0
181,NN,"{'hidden_layer_sizes': (128, 128), 'activation': 'tanh', 'alpha': 0.001, 'learning_rate_init': 0.0001, 'max_iter': 1000, 'early_stopping': False}",pca,False,5,[],616,"[[33, 71], [89, 103]]",0.42259013457170136,0.42948393469226803,0.5353534606330794,0.37509278451824324,,,,0
199,ET,"{'n_estimators': 300, 'max_depth': 30, 'min_samples_split': 10, 'max_features': 0.5}",freq,False,N/A,['relationExtrusionWeight'],518,"[[39, 56], [52, 102]]",0.6143457203503842,0.47142767277568626,0.45847967420073243,0.44027834179854947,,,,0
223,SVM,"{'C': 0.1, 'kernel': 'poly', 'gamma': 'scale'}",pca,False,15,[],616,"[[20, 84], [84, 108]]",0.40037156972640836,0.3866567018740932,0.4928966500528224,0.3181917912815186,,,,0
253,SVM,"{'C': 0.1, 'kernel': 'poly', 'gamma': 'auto'}",pca,True,20,[],616,"[[43, 61], [135, 57]]",0.3058466629895201,0.40365026280479804,0.5145248761998279,0.26117364312841407,,,,0
268,SVM,"{'C': 1, 'kernel': 'linear', 'gamma': 'scale'}",,True,N/A,['relationExtrusionWeight'],518,"[[0, 95], [0, 154]]",0.6614535063330244,0.49739341983317886,0.6666666666666666,0.5532258064516129,,,,0
269,SVM,"{'C': 10, 'kernel': 'rbf', 'gamma': 'scale'}",,False,N/A,"['relationExtrusionWeight', 'drugConcentration']",518,"[[0, 95], [0, 154]]",0.6614535063330244,0.49739341983317886,0.6666666666666666,0.5532258064516129,,,,0
287,SVM,"{'C': 10, 'kernel': 'linear', 'gamma': 'auto'}",pca,True,20,[],616,"[[97, 7], [157, 35]]",0.41372050127810495,0.47244058858579224,0.5395998020411166,0.34475051472315493,,,,0
341,SVM,"{'C': 0.1, 'kernel': 'linear', 'gamma': 'scale'}",pca,False,15,[],616,"[[10, 94], [69, 123]]",0.4223706919559454,0.24894410539571832,0.49678316814467055,0.28644381047224127,,,,0
349,ET,"{'n_estimators': 200, 'max_depth': 10, 'min_samples_split': 5, 'max_features': 0.5}",freq,False,N/A,['relationExtrusionWeight'],518,"[[37, 58], [44, 110]]",0.6335764895811534,0.4975599746217445,0.4783341568743051,0.46583812320126694,,,,0
388,SVM,"{'C': 10, 'kernel': 'poly', 'gamma': 'auto'}",freq,True,N/A,"['relationExtrusionWeight', 'drugConcentration']",518,"[[52, 43], [32, 122]]",0.7236202876020209,0.587048142595369,0.571197320874225,0.5753754933679381,,,,0
399,SVM,"{'C': 0.1, 'kernel': 'poly', 'gamma': 'scale'}",freq,True,N/A,[],616,"[[34, 70], [107, 85]]",0.3875890373586226,0.3426546567171567,0.4530482641674301,0.31718768228323607,,,,0
406,SVM,"{'C': 0.1, 'kernel': 'linear', 'gamma': 'scale'}",freq,False,N/A,[],616,"[[10, 94], [69, 123]]",0.4223706919559454,0.24894410539571832,0.49678316814467055,0.28644381047224127,,,,0
410,SVM,"{'C': 1, 'kernel': 'rbf', 'gamma': 'scale'}",,True,N/A,['relationExtrusionWeight'],518,"[[0, 95], [0, 154]]",0.6614535063330244,0.49739341983317886,0.6666666666666666,0.5532258064516129,,,,0
424,RF,"{'n_estimators': 100, 'max_depth': 20, 'min_samples_split': 2, 'max_features': 'sqrt'}",freq,False,N/A,['relationExtrusionWeight'],518,"[[32, 63], [47, 107]]",0.6030698476287283,0.4448659407563517,0.44786536558420414,0.4200392150882785,,,,0
429,SVM,"{'C': 0.1, 'kernel': 'rbf', 'gamma': 'auto'}",freq,False,N/A,[],616,"[[9, 95], [65, 127]]",0.43257477358859847,0.21628738679429924,0.5,0.2798877297487121,,,,0
444,RF,"{'n_estimators': 100, 'max_depth': 20, 'min_samples_split': 10, 'max_features': 'sqrt'}",freq,False,N/A,['relationExtrusionWeight'],518,"[[31, 64], [50, 104]]",0.5894383987563155,0.41130030959752323,0.4340666569613163,0.3950871280344533,,,,0
460,SVM,"{'C': 100, 'kernel': 'rbf', 'gamma': 'scale'}",pca,True,20,['relationExtrusionWeight'],518,"[[19, 76], [32, 122]]",0.6000104636909923,0.4512750264118169,0.44943720403411574,0.4294182032617213,,,,0
486,RF,"{'n_estimators': 500, 'max_depth': 5, 'min_samples_split': 5, 'max_features': 'sqrt'}",freq,True,N/A,"['relationExtrusionWeight', 'drugConcentration']",518,"[[19, 76], [43, 111]]",0.5791154693214545,0.34638058473232186,0.4166170864923715,0.36988287554489646,,,,0
501,ET,"{'n_estimators': 500, 'max_depth': 30, 'min_samples_split': 10, 'max_features': 'log2'}",freq,True,N/A,['relationExtrusionWeight'],518,"[[40, 55], [55, 99]]",0.6079354639401277,0.45904743523760505,0.4518204067201553,0.4297320668369519,,,,0
515,SVM,"{'C': 100, 'kernel': 'rbf', 'gamma': 'auto'}",freq,False,N/A,['relationExtrusionWeight'],518,"[[60, 35], [61, 93]]",0.6482032347753296,0.5921707742096092,0.4932146475164941,0.42685133273368564,,,,0
532,ET,"{'n_estimators': 100, 'max_depth': None, 'min_samples_split': 5, 'max_features': 'log2'}",freq,True,N/A,"['relationExtrusionWeight', 'drugConcentration']",518,"[[32, 63], [68, 86]]",0.5110940038067905,0.3947603121516165,0.37675579413363547,0.3766774474988941,,,,0
551,SVM,"{'C': 1, 'kernel': 'poly', 'gamma': 'auto'}",pca,False,5,"['relationExtrusionWeight', 'drugConcentration']",518,"[[35, 60], [29, 125]]",0.6855498918751931,0.6114730937921727,0.6876693766937669,0.6197403124365998,,,,0
573,RF,"{'n_estimators': 300, 'max_depth': 10, 'min_samples_split': 2, 'max_features': 'sqrt'}",,False,N/A,"['relationExtrusionWeight', 'drugConcentration']",518,"[[20, 75], [41, 113]]",0.5539913998425464,0.4503267973856209,0.4356275834760271,0.41394766699185653,,,,0
576,SVM,"{'C': 1, 'kernel': 'linear', 'gamma': 'auto'}",,True,N/A,['relationExtrusionWeight'],518,"[[0, 95], [0, 154]]",0.6614535063330244,0.49739341983317886,0.6666666666666666,0.5532258064516129,,,,0
579,RF,"{'n_estimators': 200, 'max_depth': 10, 'min_samples_split': 5, 'max_features': 'sqrt'}",freq,True,N/A,['relationExtrusionWeight'],518,"[[25, 70], [46, 108]]",0.583839078397959,0.4155379292626719,0.4290676946520484,0.3928705267797454,,,,0
589,SVM,"{'C': 100, 'kernel': 'linear', 'gamma': 'scale'}",pca,True,20,[],616,"[[71, 33], [121, 71]]",0.42516858530683416,0.4102227747414828,0.5495499321272588,0.4132345107906234,,,,0
592,RF,"{'n_estimators': 100, 'max_depth': 5, 'min_samples_split': 5, 'max_features': 'sqrt'}",freq,False,N/A,"['relationExtrusionWeight', 'drugConcentration']",518,"[[19, 76], [43, 111]]",0.5791154693214545,0.34638058473232186,0.4166170864923715,0.36988287554489646,,,,0
593,SVM,"{'C': 0.1, 'kernel': 'rbf', 'gamma': 'scale'}",freq,False,N/A,"['relationExtrusionWeight', 'drugConcentration']",518,"[[0, 95], [0, 154]]",0.6614535063330244,0.49739341983317886,0.6666666666666666,0.5532258064516129,,,,0
604,NN,"{'hidden_layer_sizes': (128,), 'activation': 'relu', 'alpha': 0.01, 'learning_rate_init': 0.0001, 'max_iter': 1000, 'early_stopping': False}",freq,False,N/A,[],616,"[[79, 25], [122, 70]]",0.4639550676417035,0.4398693589800045,0.5137708969868594,0.3421182939643881,,,,0
605,RF,"{'n_estimators': 500, 'max_depth': 20, 'min_samples_split': 5, 'max_features': 'log2'}",pca,False,10,['relationExtrusionWeight'],518,"[[13, 82], [27, 127]]",0.5981656153148575,0.43703703703703706,0.4454792140074513,0.4111100119208264,,,,0
607,RF,"{'n_estimators': 300, 'max_depth': 10, 'min_samples_split': 10, 'max_features': 'log2'}",freq,False,N/A,"['relationExtrusionWeight', 'drugConcentration']",518,"[[29, 66], [49, 105]]",0.5935578542457672,0.40104261935247854,0.4301029839960271,0.3840787389557876,,,,0
610,NN,"{'hidden_layer_sizes': (64,), 'activation': 'relu', 'alpha': 0.01, 'learning_rate_init': 0.0001, 'max_iter': 1000, 'early_stopping': False}",freq,False,N/A,"['relationExtrusionWeight', 'drugConcentration']",518,"[[0, 95], [0, 154]]",0.6614535063330244,0.49739341983317886,0.6666666666666666,0.5532258064516129,,,,0
691,RF,"{'n_estimators': 200, 'max_depth': 5, 'min_samples_split': 2, 'max_features': 'sqrt'}",pca,False,20,"['relationExtrusionWeight', 'drugConcentration']",518,"[[26, 69], [51, 103]]",0.5620982690065471,0.3957409437946719,0.4071312778088884,0.39452732410188646,,,,0
700,SVM,"{'C': 0.1, 'kernel': 'poly', 'gamma': 'auto'}",freq,False,N/A,['relationExtrusionWeight'],518,"[[40, 55], [47, 107]]",0.639017608897127,0.5315066893673409,0.6388580589468492,0.5583943254721243,,,,0
704,ET,"{'n_estimators': 300, 'max_depth': None, 'min_samples_split': 10, 'max_features': 0.5}",,False,N/A,['relationExtrusionWeight'],518,"[[0, 95], [0, 154]]",0.6614535063330244,0.49739341983317886,0.6666666666666666,0.5532258064516129,,,,0
705,SVM,"{'C': 0.1, 'kernel': 'poly', 'gamma': 'auto'}",pca,False,15,[],616,"[[9, 95], [65, 127]]",0.43257477358859847,0.21628738679429924,0.5,0.2798877297487121,,,,0
707,RF,"{'n_estimators': 300, 'max_depth': 20, 'min_samples_split': 2, 'max_features': 0.5}",,False,N/A,['relationExtrusionWeight'],518,"[[0, 95], [0, 154]]",0.6614535063330244,0.49739341983317886,0.6666666666666666,0.5532258064516129,,,,0
708,SVM,"{'C': 1, 'kernel': 'poly', 'gamma': 'scale'}",freq,True,N/A,[],616,"[[49, 55], [113, 79]]",0.4117825857457194,0.3566151345485722,0.4763064589424711,0.34099324770400163,,,,0
731,SVM,"{'C': 10, 'kernel': 'poly', 'gamma': 'auto'}",pca,False,10,['relationExtrusionWeight'],518,"[[0, 95], [62, 92]]",0.32812017299969104,0.16406008649984552,0.3333333333333333,0.21989247311827956,,,,0
746,SVM,"{'C': 0.1, 'kernel': 'poly', 'gamma': 'auto'}",pca,False,5,[],616,"[[9, 95], [65, 127]]",0.43257477358859847,0.21628738679429924,0.5,0.2798877297487121,,,,0
760,NN,"{'hidden_layer_sizes': (256,), 'activation': 'relu', 'alpha': 0.0001, 'learning_rate_init': 0.0005, 'max_iter': 1000, 'early_stopping': False}",pca,True,20,"['relationExtrusionWeight', 'drugConcentration']",518,"[[43, 52], [69, 85]]",0.5559109888686259,0.38014146438244295,0.4015761359989864,0.37367301993261065,,,,0
761,ET,"{'n_estimators': 300, 'max_depth': 5, 'min_samples_split': 10, 'max_features': 'log2'}",freq,True,N/A,"['relationExtrusionWeight', 'drugConcentration']",518,"[[26, 69], [50, 104]]",0.5815482774771543,0.4114635942760943,0.4182777139278832,0.3891361208882355,,,,0
768,SVM,"{'C': 100, 'kernel': 'rbf', 'gamma': 'auto'}",pca,False,15,"['relationExtrusionWeight', 'drugConcentration']",518,"[[35, 60], [70, 84]]",0.4825418298504191,0.4569047619047619,0.3892275019355604,0.4093776263716709,,,,0
777,SVM,"{'C': 10, 'kernel': 'linear', 'gamma': 'scale'}",pca,True,20,[],616,"[[97, 7], [157, 35]]",0.41372050127810495,0.47244058858579224,0.5395998020411166,0.34475051472315493,,,,0
779,NN,"{'hidden_layer_sizes': (128,), 'activation': 'relu', 'alpha': 0.01, 'learning_rate_init': 0.001, 'max_iter': 1000, 'early_stopping': False}",,False,N/A,['drugConcentration'],616,"[[28, 76], [108, 84]]",0.35094212052737395,0.2762439859214053,0.5163449834811337,0.29823674503631337,,,,0
817,SVM,"{'C': 100, 'kernel': 'poly', 'gamma': 'auto'}",freq,False,N/A,[],616,"[[9, 95], [65, 127]]",0.43257477358859847,0.21628738679429924,0.5,0.2798877297487121,,,,0
838,SVM,"{'C': 1, 'kernel': 'rbf', 'gamma': 'auto'}",pca,False,10,[],616,"[[23, 81], [88, 104]]",0.40267571719184625,0.2913312604500646,0.5318003701219663,0.3354465265419875,,,,0
847,NN,"{'hidden_layer_sizes': (64,), 'activation': 'tanh', 'alpha': 0.0001, 'learning_rate_init': 0.0005, 'max_iter': 1000, 'early_stopping': False}",freq,True,N/A,"['relationExtrusionWeight', 'drugConcentration']",518,"[[27, 68], [60, 94]]",0.5323502446510608,0.4173920536918195,0.39329644440846173,0.39470382792493214,,,,0
852,SVM,"{'C': 0.1, 'kernel': 'poly', 'gamma': 'auto'}",pca,False,5,"['relationExtrusionWeight', 'drugConcentration']",518,"[[35, 60], [96, 58]]",0.33213623725671915,0.24960516536603494,0.33401084010840104,0.25720676688418626,,,,0
853,NN,"{'hidden_layer_sizes': (64,), 'activation': 'tanh', 'alpha': 0.01, 'learning_rate_init': 0.0005, 'max_iter': 1000, 'early_stopping': False}",,True,N/A,['drugConcentration'],616,"[[28, 76], [108, 84]]",0.35094212052737395,0.2762439859214053,0.5163449834811337,0.29823674503631337,,,,0
854,NN,"{'hidden_layer_sizes': (256,), 'activation': 'relu', 'alpha': 0.001, 'learning_rate_init': 0.001, 'max_iter': 1000, 'early_stopping': False}",,False,N/A,['drugConcentration'],616,"[[26, 78], [89, 103]]",0.40876524977907464,0.30207167911627725,0.5486002434359242,0.3455774486836234,,,,0
865,ET,"{'n_estimators': 100, 'max_depth': 5, 'min_samples_split': 5, 'max_features': 0.5}",pca,True,15,['relationExtrusionWeight'],518,"[[5, 90], [12, 142]]",0.630908248378128,0.6780162488298519,0.6352566490624475,0.5628161312371839,,,,0
867,SVM,"{'C': 0.1, 'kernel': 'rbf', 'gamma': 'auto'}",,True,N/A,['relationExtrusionWeight'],518,"[[0, 95], [0, 154]]",0.6614535063330244,0.49739341983317886,0.6666666666666666,0.5532258064516129,,,,0
879,RF,"{'n_estimators': 100, 'max_depth': 20, 'min_samples_split': 2, 'max_features': 'log2'}",,True,N/A,['relationExtrusionWeight'],518,"[[0, 95], [0, 154]]",0.6614535063330244,0.49739341983317886,0.6666666666666666,0.5532258064516129,,,,0
896,SVM,"{'C': 1, 'kernel': 'poly', 'gamma': 'scale'}",,False,N/A,['drugConcentration'],616,"[[9, 95], [65, 127]]",0.43257477358859847,0.21628738679429924,0.5,0.2798877297487121,,,,0
903,SVM,"{'C': 10, 'kernel': 'rbf', 'gamma': 'auto'}",,True,N/A,['relationExtrusionWeight'],518,"[[0, 95], [0, 154]]",0.6614535063330244,0.49739341983317886,0.6666666666666666,0.5532258064516129,,,,0
909,ET,"{'n_estimators': 300, 'max_depth': None, 'min_samples_split': 10, 'max_features': 'sqrt'}",,True,N/A,['relationExtrusionWeight'],518,"[[0, 95], [0, 154]]",0.6614535063330244,0.49739341983317886,0.6666666666666666,0.5532258064516129,,,,0
912,SVM,"{'C': 0.1, 'kernel': 'poly', 'gamma': 'scale'}",pca,True,15,[],616,"[[11, 93], [79, 113]]",0.3924716355591931,0.2334841012037603,0.4788530566112726,0.27997957633819515,,,,0
913,SVM,"{'C': 0.1, 'kernel': 'linear', 'gamma': 'auto'}",,False,N/A,['relationExtrusionWeight'],518,"[[42, 53], [41, 113]]",0.6654695705900525,0.49940145196169294,0.6666666666666666,0.5550107526881721,,,,0
988,SVM,"{'C': 1, 'kernel': 'poly', 'gamma': 'auto'}",freq,False,N/A,[],616,"[[9, 95], [65, 127]]",0.43257477358859847,0.21628738679429924,0.5,0.2798877297487121,,,,0
991,NN,"{'hidden_layer_sizes': (128, 128), 'activation': 'tanh', 'alpha': 0.0001, 'learning_rate_init': 0.001, 'max_iter': 1000, 'early_stopping': False}",,True,N/A,"['relationExtrusionWeight', 'drugConcentration']",518,"[[0, 95], [21, 133]]",0.5485502805265728,0.3307267531665122,0.4435483870967742,0.3525785572606744,,,,0
