iteration,model,hp,dim_method,do_scale,n_pca,other_cols,dataset_size,confusion_matrix,accuracy,precision,recall,f1,kappa,kappa_std,score,kappa_nonzero
629,RF,"{'n_estimators': 500, 'max_depth': 30, 'min_samples_split': 10, 'max_features': 'log2'}",freq,True,N/A,"['relationExtrusionWeight', 'drugConcentration']",518,"[[64, 23], [30, 401]]",0.8976848394324122,0.8216128880867057,0.8328969919964779,0.8227235574617158,0.6464455813708959,0.057383907521034866,0.5890616738498611,1
394,ET,"{'n_estimators': 300, 'max_depth': None, 'min_samples_split': 5, 'max_features': 'log2'}",freq,True,N/A,"['relationExtrusionWeight', 'drugConcentration']",518,"[[62, 25], [30, 401]]",0.8938386855862586,0.8162502385912809,0.8217858808853666,0.814445685543858,0.6298680998194947,0.053277083026025615,0.576591016793469,1
598,SVM,"{'C': 100, 'kernel': 'poly', 'gamma': 'auto'}",pca,True,20,['relationExtrusionWeight'],518,"[[52, 35], [17, 414]]",0.899570575056012,0.8387382530079159,0.7789654648280054,0.8037677379118057,0.6084792462740354,0.05580365611260687,0.5526755901614285,1
330,ET,"{'n_estimators': 100, 'max_depth': None, 'min_samples_split': 10, 'max_features': 0.5}",freq,True,N/A,"['relationExtrusionWeight', 'drugConcentration']",518,"[[60, 27], [29, 402]]",0.8918782673637043,0.8118832238898749,0.81117060029037,0.8079679761582594,0.6167250258703632,0.07391793931596477,0.5428070865543984,1
434,NN,"{'hidden_layer_sizes': (128, 128), 'activation': 'tanh', 'alpha': 0.01, 'learning_rate_init': 0.001, 'max_iter': 1000, 'early_stopping': False}",pca,True,20,"['relationExtrusionWeight', 'drugConcentration']",518,"[[51, 36], [23, 408]]",0.8860716952949964,0.8070745431039548,0.7667599624720245,0.7832705774539315,0.56735475505295,0.051618588179510254,0.5157361668734397,1
69,NN,"{'hidden_layer_sizes': (128, 128), 'activation': 'relu', 'alpha': 0.001, 'learning_rate_init': 0.001, 'max_iter': 1000, 'early_stopping': False}",pca,False,20,[],616,"[[52, 35], [30, 499]]",0.8945056386047732,0.7951141430923011,0.7703280305833026,0.7755061687150293,0.5525026700890509,0.055945414872155215,0.49655725521689564,1
262,NN,"{'hidden_layer_sizes': (256, 256), 'activation': 'relu', 'alpha': 0.01, 'learning_rate_init': 0.001, 'max_iter': 1000, 'early_stopping': False}",pca,True,20,[],616,"[[53, 34], [30, 499]]",0.8961447678992919,0.7971785389017335,0.7758835861388581,0.7795560443080025,0.5605099592360668,0.06689091159224456,0.49361904764382225,1
61,SVM,"{'C': 1, 'kernel': 'linear', 'gamma': 'auto'}",pca,True,15,"['relationExtrusionWeight', 'drugConcentration']",518,"[[48, 39], [25, 406]]",0.8764563106796117,0.7873608664571469,0.7471542158697213,0.7637263828390631,0.5283146812008812,0.03958365991520013,0.4887310212856811,1
796,NN,"{'hidden_layer_sizes': (64, 64), 'activation': 'relu', 'alpha': 0.01, 'learning_rate_init': 0.001, 'max_iter': 1000, 'early_stopping': False}",pca,False,20,[],616,"[[50, 37], [28, 501]]",0.8945056386047732,0.8022145343974444,0.7604501171537799,0.7691669428559734,0.5406849837821814,0.05350413794378344,0.487180845838398,1
486,SVM,"{'C': 100, 'kernel': 'rbf', 'gamma': 'scale'}",pca,False,20,[],616,"[[53, 34], [30, 499]]",0.8961316548649357,0.7968271579884166,0.7755567887532372,0.7776241519511059,0.55718894706006,0.07660559475105386,0.48058335230900606,1
359,NN,"{'hidden_layer_sizes': (256, 256), 'activation': 'tanh', 'alpha': 0.01, 'learning_rate_init': 0.001, 'max_iter': 1000, 'early_stopping': False}",pca,True,20,[],616,"[[51, 36], [33, 496]]",0.8880277996328351,0.7783052526830865,0.7612886915772599,0.7645191090110937,0.5302724572230078,0.05289309588626605,0.4773793613367417,1
575,SVM,"{'C': 100, 'kernel': 'rbf', 'gamma': 'scale'}",pca,True,20,[],616,"[[51, 36], [29, 500]]",0.8945056386047732,0.7941890146103742,0.7653890738685412,0.77136724816145,0.5446492309155548,0.0729393775037254,0.47170985341182947,1
630,SVM,"{'C': 100, 'kernel': 'rbf', 'gamma': 'auto'}",pca,True,20,[],616,"[[51, 36], [29, 500]]",0.8945056386047732,0.7941890146103742,0.7653890738685412,0.77136724816145,0.5446492309155548,0.0729393775037254,0.47170985341182947,1
72,SVM,"{'C': 100, 'kernel': 'poly', 'gamma': 'scale'}",pca,True,20,[],616,"[[51, 36], [30, 499]]",0.8928927353789667,0.790850506456863,0.7644456776421261,0.7692750302839544,0.5404514101293463,0.07587153832750791,0.46457987180183835,1
224,SVM,"{'C': 100, 'kernel': 'poly', 'gamma': 'auto'}",pca,True,20,[],616,"[[51, 36], [30, 499]]",0.8928927353789667,0.790850506456863,0.7644456776421261,0.7692750302839544,0.5404514101293463,0.07587153832750791,0.46457987180183835,1
961,RF,"{'n_estimators': 300, 'max_depth': 10, 'min_samples_split': 10, 'max_features': 'sqrt'}",,False,N/A,['relationExtrusionWeight'],518,"[[46, 41], [16, 415]]",0.8899178491411501,0.8259613574830966,0.745487732649863,0.7761205912274229,0.5544067667415514,0.09091268383700979,0.46349408290454164,1
471,ET,"{'n_estimators': 100, 'max_depth': 30, 'min_samples_split': 2, 'max_features': 'sqrt'}",pca,True,5,"['relationExtrusionWeight', 'drugConcentration']",518,"[[48, 39], [23, 408]]",0.8802837938760268,0.7997528698196691,0.7491663652897673,0.7649358452432349,0.532489258074987,0.07192011865198986,0.46056913942299715,1
314,NN,"{'hidden_layer_sizes': (256, 256), 'activation': 'tanh', 'alpha': 0.0001, 'learning_rate_init': 0.0005, 'max_iter': 1000, 'early_stopping': False}",pca,True,20,[],616,"[[51, 36], [29, 500]]",0.8945187516391293,0.7936162315403126,0.7657158712541621,0.7698015644305221,0.5417675883495674,0.08394036553219962,0.45782722281736776,1
813,SVM,"{'C': 10, 'kernel': 'rbf', 'gamma': 'auto'}",,False,N/A,['relationExtrusionWeight'],518,"[[46, 41], [16, 415]]",0.8899551904406273,0.8246066299292106,0.7454877326498629,0.775668234595291,0.5535675795904528,0.106770158037064,0.44679742155338875,1
308,SVM,"{'C': 10, 'kernel': 'poly', 'gamma': 'scale'}",pca,True,15,['drugConcentration'],616,"[[47, 40], [28, 501]]",0.8896538158929976,0.7919790834467101,0.743783450487113,0.7551720640762023,0.5127896078187838,0.0687942869403405,0.4439953208784433,1
32,NN,"{'hidden_layer_sizes': (128, 128), 'activation': 'relu', 'alpha': 0.01, 'learning_rate_init': 0.0005, 'max_iter': 1000, 'early_stopping': False}",pca,True,15,[],616,"[[49, 38], [28, 501]]",0.8929058484133229,0.7966959279421102,0.7552123742578793,0.7650958155748078,0.5323121758202153,0.09149656903505787,0.4408156067851574,1
682,RF,"{'n_estimators': 300, 'max_depth': 20, 'min_samples_split': 10, 'max_features': 0.5}",freq,True,N/A,['relationExtrusionWeight'],518,"[[44, 43], [19, 412]]",0.8803398058252426,0.8029545326371522,0.7312417776519857,0.7580637163800229,0.5184511454754761,0.08144311812977978,0.4370080273456963,1
77,RF,"{'n_estimators': 200, 'max_depth': 30, 'min_samples_split': 2, 'max_features': 'sqrt'}",,False,N/A,['relationExtrusionWeight'],518,"[[42, 45], [16, 415]]",0.8822442120985811,0.81382847191701,0.7226119156563989,0.7549951861675736,0.513293939315641,0.08375807527095558,0.42953586404468547,1
466,RF,"{'n_estimators': 200, 'max_depth': 10, 'min_samples_split': 2, 'max_features': 'sqrt'}",,True,N/A,['relationExtrusionWeight'],518,"[[42, 45], [16, 415]]",0.8822442120985811,0.81382847191701,0.7226119156563989,0.7549951861675736,0.513293939315641,0.08375807527095558,0.42953586404468547,1
633,RF,"{'n_estimators': 300, 'max_depth': None, 'min_samples_split': 2, 'max_features': 'log2'}",,False,N/A,['relationExtrusionWeight'],518,"[[42, 45], [16, 415]]",0.8822442120985811,0.81382847191701,0.7226119156563989,0.7549951861675736,0.513293939315641,0.08375807527095558,0.42953586404468547,1
384,SVM,"{'C': 100, 'kernel': 'linear', 'gamma': 'auto'}",pca,True,5,['relationExtrusionWeight'],518,"[[46, 41], [19, 412]]",0.8841486183719194,0.8074841529311485,0.7429797527137024,0.7680102303014559,0.5379789278417472,0.11081303333802751,0.42716589450371967,1
75,NN,"{'hidden_layer_sizes': (64, 64), 'activation': 'tanh', 'alpha': 0.01, 'learning_rate_init': 0.001, 'max_iter': 1000, 'early_stopping': False}",pca,False,20,['drugConcentration'],616,"[[47, 40], [29, 500]]",0.8880409126671912,0.7937746179047587,0.7434936490319398,0.7580856837407444,0.5179450976106942,0.0914778359627898,0.4264672616479044,1
763,ET,"{'n_estimators': 200, 'max_depth': 5, 'min_samples_split': 5, 'max_features': 'log2'}",,True,N/A,['relationExtrusionWeight'],518,"[[48, 39], [15, 416]]",0.8957244212098582,0.8332545991705738,0.7584018638195722,0.7871480281799471,0.5765760292317136,0.15104792363440156,0.425528105597312,1
822,NN,"{'hidden_layer_sizes': (64,), 'activation': 'relu', 'alpha': 0.0001, 'learning_rate_init': 0.0001, 'max_iter': 1000, 'early_stopping': False}",pca,True,20,[],616,"[[46, 41], [26, 503]]",0.8912667191188041,0.7956495942493046,0.739461092613146,0.7527303206276219,0.5087682779435978,0.08395026888987372,0.4248180090537241,1
863,RF,"{'n_estimators': 300, 'max_depth': 5, 'min_samples_split': 2, 'max_features': 0.5}",pca,False,20,['relationExtrusionWeight'],518,"[[41, 46], [17, 414]]",0.8783233756534727,0.804436131244642,0.7158935694031688,0.7459996192302942,0.4959136999976705,0.07242301547777774,0.42349068451989275,1
612,SVM,"{'C': 10, 'kernel': 'rbf', 'gamma': 'scale'}",,False,N/A,['relationExtrusionWeight'],518,"[[47, 40], [15, 416]]",0.8938013442867814,0.8311300570460316,0.7528463082640167,0.7825764788981736,0.5675750136777021,0.14429404496385545,0.4232809687138467,1
897,NN,"{'hidden_layer_sizes': (64,), 'activation': 'tanh', 'alpha': 0.01, 'learning_rate_init': 0.0005, 'max_iter': 1000, 'early_stopping': False}",pca,True,15,[],616,"[[44, 43], [26, 503]]",0.8880146865984788,0.7896568636042319,0.7280231841164138,0.743574590382935,0.4905610347064087,0.06753872794277176,0.42302230676363695,1
764,SVM,"{'C': 100, 'kernel': 'poly', 'gamma': 'scale'}",pca,True,15,[],616,"[[46, 41], [28, 501]]",0.8880146865984789,0.7805769141062977,0.7375743001603158,0.7491136401683093,0.5008266019261187,0.08127059289581587,0.4195560090303029,1
234,SVM,"{'C': 10, 'kernel': 'rbf', 'gamma': 'scale'}",pca,True,15,[],616,"[[45, 42], [30, 499]]",0.8831366378179911,0.7681629536189427,0.7298051547663091,0.7394217341310524,0.4813920080004527,0.06687993845771696,0.41451206954273573,1
64,ET,"{'n_estimators': 500, 'max_depth': 20, 'min_samples_split': 2, 'max_features': 'sqrt'}",pca,True,10,"['relationExtrusionWeight', 'drugConcentration']",518,"[[45, 42], [23, 408]]",0.8744958924570575,0.788736516658924,0.7318461038518589,0.7484777299145546,0.5006924424129982,0.08742178672084738,0.41327065569215077,1
559,SVM,"{'C': 100, 'kernel': 'rbf', 'gamma': 'scale'}",,True,N/A,['relationExtrusionWeight'],518,"[[44, 43], [15, 416]]",0.8880134428678119,0.8236833610422879,0.7351992494404872,0.7671893297598181,0.5374851027253695,0.1280079282985228,0.4094771744268467,1
821,SVM,"{'C': 100, 'kernel': 'poly', 'gamma': 'scale'}",pca,True,10,[],616,"[[40, 47], [26, 503]]",0.8815106215578284,0.7707064085424629,0.7048295544632948,0.7242777335372695,0.45203390612333083,0.04588778675450296,0.4061461193688279,1
306,NN,"{'hidden_layer_sizes': (256, 256), 'activation': 'relu', 'alpha': 0.0001, 'learning_rate_init': 0.0005, 'max_iter': 1000, 'early_stopping': False}",pca,False,10,[],616,"[[45, 42], [26, 503]]",0.8896407028586415,0.7859630046439554,0.7332519422863486,0.7476384683121,0.49831542043402377,0.0944042789642024,0.4039111414698214,1
543,SVM,"{'C': 10, 'kernel': 'linear', 'gamma': 'scale'}",pca,False,20,[],616,"[[46, 41], [25, 504]]",0.8928927353789667,0.8077195219581524,0.7407133167732501,0.7575243931577481,0.518503159352177,0.11766563487360263,0.40083752447857435,1
798,NN,"{'hidden_layer_sizes': (64, 64), 'activation': 'tanh', 'alpha': 0.01, 'learning_rate_init': 0.0001, 'max_iter': 1000, 'early_stopping': False}",pca,True,15,[],616,"[[44, 43], [25, 504]]",0.8896538158929979,0.7941425580899265,0.7292933777284498,0.7459017793230271,0.49537695494963907,0.09588497393888504,0.399491981010754,1
850,NN,"{'hidden_layer_sizes': (64,), 'activation': 'relu', 'alpha': 0.01, 'learning_rate_init': 0.001, 'max_iter': 1000, 'early_stopping': False}",pca,False,20,[],616,"[[46, 41], [25, 504]]",0.8929058484133229,0.8024742695284341,0.740722301499216,0.7554770529772482,0.5145341801162306,0.11942832330515182,0.3951058568110788,1
605,ET,"{'n_estimators': 200, 'max_depth': None, 'min_samples_split': 10, 'max_features': 0.5}",pca,True,15,[],616,"[[45, 42], [30, 499]]",0.8831759769210595,0.7693765564583105,0.729814139492275,0.7424730376932354,0.4866908365772922,0.09294122615709072,0.39374961042020146,1
596,RF,"{'n_estimators': 300, 'max_depth': 20, 'min_samples_split': 10, 'max_features': 'sqrt'}",pca,True,10,[],616,"[[45, 42], [26, 503]]",0.8896538158929976,0.7943836921828231,0.7332609270123143,0.7459576536250344,0.49628726808541634,0.10525862683668494,0.3910286412487314,1
253,RF,"{'n_estimators': 100, 'max_depth': 20, 'min_samples_split': 5, 'max_features': 'sqrt'}",pca,False,20,[],616,"[[44, 43], [28, 501]]",0.8848019931812221,0.7774772139200451,0.7258095942779627,0.7411936950792313,0.4850302891106516,0.09420465929095974,0.3908256298196919,1
52,NN,"{'hidden_layer_sizes': (64,), 'activation': 'relu', 'alpha': 0.001, 'learning_rate_init': 0.0001, 'max_iter': 1000, 'early_stopping': False}",,True,N/A,['relationExtrusionWeight'],518,"[[41, 46], [15, 416]]",0.8822255414488425,0.815124704903285,0.7188593801594415,0.7520588988483515,0.5081281769513553,0.12089449083351055,0.3872336861178447,1
519,NN,"{'hidden_layer_sizes': (128, 128), 'activation': 'relu', 'alpha': 0.01, 'learning_rate_init': 0.0005, 'max_iter': 1000, 'early_stopping': False}",,True,N/A,['relationExtrusionWeight'],518,"[[41, 46], [15, 416]]",0.8822255414488425,0.815124704903285,0.7188593801594415,0.7520588988483515,0.5081281769513553,0.12089449083351055,0.3872336861178447,1
580,NN,"{'hidden_layer_sizes': (256,), 'activation': 'relu', 'alpha': 0.001, 'learning_rate_init': 0.0001, 'max_iter': 1000, 'early_stopping': False}",pca,False,20,[],616,"[[43, 44], [23, 506]]",0.8912798321531603,0.8050741235955764,0.7256246146257246,0.7472129969029957,0.4982039825577015,0.110980067279111,0.38722391527859046,1
987,SVM,"{'C': 1, 'kernel': 'rbf', 'gamma': 'scale'}",freq,False,N/A,"['relationExtrusionWeight', 'drugConcentration']",518,"[[38, 49], [15, 416]]",0.8764189693801345,0.8072976535068086,0.7012123213359122,0.7360847096819686,0.4770105450987211,0.09002688210421095,0.38698366299451015,1
869,NN,"{'hidden_layer_sizes': (64, 64), 'activation': 'relu', 'alpha': 0.0001, 'learning_rate_init': 0.0001, 'max_iter': 1000, 'early_stopping': False}",pca,False,20,[],616,"[[43, 44], [25, 504]]",0.8880277996328351,0.7941022080495765,0.7237288374469285,0.7421748575816449,0.48801452810445367,0.10145512345699502,0.38655940464745864,1
68,ET,"{'n_estimators': 200, 'max_depth': None, 'min_samples_split': 10, 'max_features': 'log2'}",,True,N/A,"['relationExtrusionWeight', 'drugConcentration']",518,"[[48, 39], [18, 413]]",0.8899551904406273,0.8152030130755094,0.755253654522488,0.7791476799957469,0.5601967026096262,0.17491577753358098,0.38528092507604517,1
417,NN,"{'hidden_layer_sizes': (128,), 'activation': 'relu', 'alpha': 0.001, 'learning_rate_init': 0.0005, 'max_iter': 1000, 'early_stopping': False}",pca,False,20,[],616,"[[45, 42], [24, 505]]",0.8929058484133229,0.8065639019586388,0.7361101421700755,0.7543389863220866,0.512293252760732,0.12718942147477955,0.3851038312859525,1
816,NN,"{'hidden_layer_sizes': (128, 128), 'activation': 'relu', 'alpha': 0.0001, 'learning_rate_init': 0.001, 'max_iter': 1000, 'early_stopping': False}",pca,False,5,[],616,"[[41, 46], [24, 505]]",0.8863886703383163,0.7887400450670686,0.7125986998573015,0.731959678279887,0.4685596582708677,0.08722883578352242,0.3813308224873453,1
761,NN,"{'hidden_layer_sizes': (256, 256), 'activation': 'relu', 'alpha': 0.001, 'learning_rate_init': 0.0005, 'max_iter': 1000, 'early_stopping': False}",freq,True,N/A,"['relationExtrusionWeight', 'drugConcentration']",518,"[[39, 48], [19, 412]]",0.8706684092606423,0.7859341261194385,0.7024702423070271,0.7311549925598279,0.4661085142655789,0.0850988413672578,0.3810096728983211,1
240,SVM,"{'C': 10, 'kernel': 'rbf', 'gamma': 'scale'}",freq,True,N/A,['relationExtrusionWeight'],518,"[[38, 49], [16, 415]]",0.8745145631067961,0.8001558027147032,0.7000495306382378,0.7324781388267944,0.46991434598260673,0.09160730594206817,0.37830704004053856,1
42,RF,"{'n_estimators': 200, 'max_depth': 30, 'min_samples_split': 10, 'max_features': 'log2'}",pca,False,10,[],616,"[[45, 42], [28, 501]]",0.8864017833726724,0.7773924799061513,0.7313651498335183,0.741592556776651,0.48691572675156836,0.10881077566329733,0.378104951088271,1
531,NN,"{'hidden_layer_sizes': (256, 256), 'activation': 'relu', 'alpha': 0.0001, 'learning_rate_init': 0.001, 'max_iter': 1000, 'early_stopping': False}",pca,False,5,[],616,"[[42, 45], [24, 505]]",0.8880277996328351,0.7948083945864346,0.7181542554128569,0.7371199242466157,0.47885656831074275,0.10287063444945278,0.37598593386129,1
956,RF,"{'n_estimators': 500, 'max_depth': 20, 'min_samples_split': 2, 'max_features': 0.5}",pca,True,15,[],616,"[[42, 45], [32, 497]]",0.8750458956202465,0.7492592195347778,0.7102713034899495,0.7218766604820908,0.44610094656588756,0.0712079629121338,0.3748929836537538,1
920,RF,"{'n_estimators': 100, 'max_depth': 20, 'min_samples_split': 2, 'max_features': 'sqrt'}",pca,False,10,[],616,"[[44, 43], [32, 497]]",0.8782979281405717,0.7582237666061211,0.7217002272607156,0.7316775522540323,0.46568493738912975,0.09085970431014281,0.37482523307898696,1
567,SVM,"{'C': 10, 'kernel': 'poly', 'gamma': 'scale'}",freq,True,N/A,"['relationExtrusionWeight', 'drugConcentration']",518,"[[36, 51], [16, 415]]",0.8706123973114265,0.7930368757330447,0.6879580273702639,0.7215300960057983,0.4484771706743973,0.07366928297686576,0.37480788769753154,1
833,RF,"{'n_estimators': 200, 'max_depth': None, 'min_samples_split': 2, 'max_features': 0.5}",pca,True,15,[],616,"[[43, 44], [32, 497]]",0.876671911880409,0.7551225322548867,0.7158178743195391,0.7263159811476478,0.45518860459095123,0.08044029532644485,0.37474830926450636,1
115,NN,"{'hidden_layer_sizes': (128, 128), 'activation': 'relu', 'alpha': 0.01, 'learning_rate_init': 0.0005, 'max_iter': 1000, 'early_stopping': False}",pca,False,10,[],616,"[[38, 49], [24, 505]]",0.8815237345921847,0.7822319417008857,0.694951641033772,0.7158405047884117,0.43715391396034714,0.06243729050347939,0.37471662345686774,1
418,RF,"{'n_estimators': 200, 'max_depth': 5, 'min_samples_split': 10, 'max_features': 'log2'}",freq,True,N/A,['relationExtrusionWeight'],518,"[[38, 49], [17, 414]]",0.8725914861837193,0.7922660428540588,0.6989001053508813,0.7298949229839099,0.4644386862283275,0.0916849399360301,0.3727537462922974,1
793,RF,"{'n_estimators': 500, 'max_depth': 30, 'min_samples_split': 2, 'max_features': 'log2'}",pca,False,10,[],616,"[[43, 44], [34, 495]]",0.8734198793600839,0.7463651718228378,0.7142578792523299,0.7229551487971513,0.44810783711133284,0.07650209017750795,0.37160574693382487,1
738,ET,"{'n_estimators': 500, 'max_depth': 20, 'min_samples_split': 2, 'max_features': 'log2'}",pca,False,20,['drugConcentration'],616,"[[44, 43], [32, 497]]",0.878297928140572,0.7645607346877764,0.7220360093723024,0.732914322582569,0.4684747735845306,0.09778638627206636,0.37068838731246423,1
93,SVM,"{'C': 100, 'kernel': 'poly', 'gamma': 'auto'}",pca,True,10,['drugConcentration'],616,"[[39, 48], [27, 502]]",0.8782717020718595,0.7698016003396562,0.6993109948381868,0.7193853707840069,0.44218190622388825,0.07196680024805684,0.3702151059758314,1
744,NN,"{'hidden_layer_sizes': (256, 256), 'activation': 'relu', 'alpha': 0.01, 'learning_rate_init': 0.0001, 'max_iter': 1000, 'early_stopping': False}",pca,True,15,[],616,"[[43, 44], [28, 501]]",0.8831497508523473,0.7754471892262542,0.7205808361080281,0.7308324884137015,0.4661585184069697,0.09778071638596803,0.3683778020210017,1
805,ET,"{'n_estimators': 500, 'max_depth': 20, 'min_samples_split': 10, 'max_features': 0.5}",pca,True,15,[],616,"[[44, 43], [30, 499]]",0.881549960660897,0.7644242299899657,0.7239317865510986,0.7358954975862835,0.4741333070779265,0.10644928432831059,0.3676840227496159,1
167,RF,"{'n_estimators': 300, 'max_depth': 20, 'min_samples_split': 10, 'max_features': 'sqrt'}",pca,False,15,[],616,"[[45, 42], [27, 502]]",0.8880540257015473,0.7902277391739,0.7323175307858992,0.7433591321977511,0.4911010590063136,0.12549321402915328,0.36560784497716037,1
387,ET,"{'n_estimators': 500, 'max_depth': 20, 'min_samples_split': 5, 'max_features': 'sqrt'}",pca,False,10,[],616,"[[46, 41], [31, 498]]",0.8831759769210594,0.767415963136787,0.7340995014357944,0.7432724277986409,0.48870170259685447,0.1238857779922456,0.3648159246046089,1
549,NN,"{'hidden_layer_sizes': (256,), 'activation': 'tanh', 'alpha': 0.01, 'learning_rate_init': 0.001, 'max_iter': 1000, 'early_stopping': False}",,True,N/A,['relationExtrusionWeight'],518,"[[35, 52], [13, 418]]",0.8744772218073189,0.8247301749024638,0.6858908439077316,0.721903508143468,0.4519024208473036,0.08759005114849452,0.3643123696988091,1
606,SVM,"{'C': 100, 'kernel': 'rbf', 'gamma': 'scale'}",pca,False,5,[],616,"[[42, 45], [26, 503]]",0.8847757671125098,0.7741862708965941,0.7165942603456477,0.7329246683046282,0.46956970872640236,0.10997917818228355,0.3595905305441188,1
695,ET,"{'n_estimators': 100, 'max_depth': None, 'min_samples_split': 2, 'max_features': 0.5}",pca,True,20,[],616,"[[46, 41], [36, 493]]",0.8750327825858903,0.7459547908232118,0.7296913482374082,0.7330370617636972,0.46776919680325973,0.10823457416355244,0.3595346226397073,1
277,ET,"{'n_estimators': 200, 'max_depth': 20, 'min_samples_split': 10, 'max_features': 'sqrt'}",pca,True,15,[],616,"[[42, 45], [28, 501]]",0.881549960660897,0.7784917912617735,0.7143806705071966,0.7285400887306657,0.46147253199755556,0.10206975350016571,0.35940277849738983,1
372,ET,"{'n_estimators': 200, 'max_depth': 20, 'min_samples_split': 10, 'max_features': 'sqrt'}",pca,False,15,[],616,"[[42, 45], [28, 501]]",0.881549960660897,0.7784917912617735,0.7143806705071966,0.7285400887306657,0.46147253199755556,0.10206975350016571,0.35940277849738983,1
666,ET,"{'n_estimators': 100, 'max_depth': 30, 'min_samples_split': 10, 'max_features': 'sqrt'}",pca,False,15,[],616,"[[42, 45], [28, 501]]",0.881549960660897,0.7784917912617735,0.7143806705071966,0.7285400887306657,0.46147253199755556,0.10206975350016571,0.35940277849738983,1
679,ET,"{'n_estimators': 100, 'max_depth': 30, 'min_samples_split': 10, 'max_features': 'log2'}",pca,False,15,[],616,"[[42, 45], [28, 501]]",0.881549960660897,0.7784917912617735,0.7143806705071966,0.7285400887306657,0.46147253199755556,0.10206975350016571,0.35940277849738983,1
997,SVM,"{'C': 10, 'kernel': 'rbf', 'gamma': 'auto'}",pca,False,5,['drugConcentration'],616,"[[38, 49], [31, 498]]",0.8701547338054028,0.7440791085326,0.68965505699135,0.7062027673428636,0.415429819375949,0.05685246090804605,0.35857735846790295,1
684,NN,"{'hidden_layer_sizes': (128, 128), 'activation': 'tanh', 'alpha': 0.001, 'learning_rate_init': 0.0001, 'max_iter': 1000, 'early_stopping': False}",pca,False,20,[],616,"[[45, 42], [34, 495]]",0.8766587988460529,0.752282995786828,0.7269760231136481,0.7341792247538089,0.470012011203799,0.11443260513237544,0.3555794060714236,1
160,SVM,"{'C': 100, 'kernel': 'linear', 'gamma': 'auto'}",pca,True,20,[],616,"[[51, 36], [47, 482]]",0.8653684762654079,0.7378944436863389,0.7484079417930694,0.7382595622072168,0.47810752667304107,0.12395116081763664,0.35415636585540444,1
493,SVM,"{'C': 100, 'kernel': 'linear', 'gamma': 'scale'}",pca,True,20,[],616,"[[51, 36], [47, 482]]",0.8653684762654079,0.7378944436863389,0.7484079417930694,0.7382595622072168,0.47810752667304107,0.12395116081763664,0.35415636585540444,1
906,NN,"{'hidden_layer_sizes': (128, 128), 'activation': 'relu', 'alpha': 0.0001, 'learning_rate_init': 0.0001, 'max_iter': 1000, 'early_stopping': False}",pca,False,15,[],616,"[[39, 48], [26, 503]]",0.879897718332022,0.7786834669604173,0.6989202473442208,0.714205345956794,0.4346143283082336,0.08138344626667167,0.35323088204156194,1
645,NN,"{'hidden_layer_sizes': (128,), 'activation': 'tanh', 'alpha': 0.01, 'learning_rate_init': 0.0001, 'max_iter': 1000, 'early_stopping': False}",pca,False,20,[],616,"[[42, 45], [25, 504]]",0.8864017833726725,0.7889537178543573,0.7185000792769939,0.7376181849628513,0.478840508213812,0.12566998805487134,0.3531705201589407,1
974,NN,"{'hidden_layer_sizes': (128,), 'activation': 'tanh', 'alpha': 0.001, 'learning_rate_init': 0.0001, 'max_iter': 1000, 'early_stopping': False}",pca,False,20,[],616,"[[42, 45], [25, 504]]",0.8864017833726725,0.7889537178543573,0.7185000792769939,0.7376181849628513,0.478840508213812,0.12566998805487134,0.3531705201589407,1
407,NN,"{'hidden_layer_sizes': (128,), 'activation': 'tanh', 'alpha': 0.001, 'learning_rate_init': 0.0005, 'max_iter': 1000, 'early_stopping': False}",pca,False,15,[],616,"[[40, 47], [32, 497]]",0.871767637031209,0.7469219993012413,0.6994510508605958,0.7112933418078468,0.42595556442660687,0.07407078617001406,0.3518847782565928,1
918,NN,"{'hidden_layer_sizes': (128,), 'activation': 'tanh', 'alpha': 0.0001, 'learning_rate_init': 0.001, 'max_iter': 1000, 'early_stopping': False}",pca,False,15,[],616,"[[42, 45], [34, 495]]",0.871767637031209,0.7398741933060669,0.7093289642901185,0.7173461778606829,0.4371435537158982,0.08609219781773422,0.35105135589816394,1
190,RF,"{'n_estimators': 200, 'max_depth': 20, 'min_samples_split': 2, 'max_features': 0.5}",pca,False,20,[],616,"[[46, 41], [33, 496]]",0.8799108313663784,0.7555901946174239,0.7321947395310324,0.7360845114711446,0.47503305174987603,0.12427190439919333,0.3507611473506827,1
720,ET,"{'n_estimators': 200, 'max_depth': 10, 'min_samples_split': 5, 'max_features': 'log2'}",freq,True,N/A,"['relationExtrusionWeight', 'drugConcentration']",518,"[[31, 56], [18, 413]]",0.8571321882001494,0.7601711898309285,0.6575546016321525,0.6868964618402821,0.38142676131795444,0.031452333528841095,0.34997442778911336,1
498,SVM,"{'C': 0.1, 'kernel': 'poly', 'gamma': 'auto'}",pca,True,5,['relationExtrusionWeight'],518,"[[33, 54], [15, 416]]",0.8667662434652726,0.7880946589764276,0.6721407194259686,0.7062806025545616,0.41979269114483964,0.07033072039713735,0.3494619707477023,1
941,NN,"{'hidden_layer_sizes': (64, 64), 'activation': 'tanh', 'alpha': 0.01, 'learning_rate_init': 0.0005, 'max_iter': 1000, 'early_stopping': False}",pca,False,15,['drugConcentration'],616,"[[39, 48], [32, 497]]",0.8701416207710464,0.7328948005728192,0.6942582315945247,0.7060739089581242,0.41474989648737653,0.06559358257569349,0.34915631391168306,1
121,RF,"{'n_estimators': 300, 'max_depth': 10, 'min_samples_split': 2, 'max_features': 0.5}",pca,True,10,[],616,"[[43, 44], [33, 496]]",0.8750458956202465,0.7528662996573063,0.714874478093124,0.7219433299498788,0.4475022141515675,0.098689967263453,0.3488122468881145,1
832,RF,"{'n_estimators': 500, 'max_depth': 10, 'min_samples_split': 5, 'max_features': 'sqrt'}",pca,True,15,[],616,"[[44, 43], [29, 500]]",0.8831759769210595,0.7711527078127055,0.7242215880062716,0.735101020736784,0.47388311829798074,0.12509735237623829,0.3487857659217425,1
285,ET,"{'n_estimators': 200, 'max_depth': 20, 'min_samples_split': 2, 'max_features': 0.5}",pca,False,20,[],616,"[[45, 42], [35, 494]]",0.8750458956202465,0.7457245678298309,0.7250881736342336,0.730782839177721,0.4632078200538503,0.11459916978352114,0.34860865027032917,1
903,RF,"{'n_estimators': 200, 'max_depth': 20, 'min_samples_split': 5, 'max_features': 'log2'}",pca,True,20,[],616,"[[45, 42], [29, 500]]",0.8848019931812221,0.7737657770638723,0.7304307383330689,0.7408281436442092,0.4850776070605008,0.13651120830431765,0.3485663987561831,1
876,RF,"{'n_estimators': 100, 'max_depth': 30, 'min_samples_split': 2, 'max_features': 0.5}",pca,True,10,[],616,"[[44, 43], [34, 495]]",0.8750327825858906,0.7496779022742511,0.7194776526962986,0.7248499017128683,0.4529352430806178,0.10441538672787708,0.3485198563527407,1
355,ET,"{'n_estimators': 300, 'max_depth': 30, 'min_samples_split': 10, 'max_features': 'sqrt'}",pca,True,15,[],616,"[[42, 45], [29, 500]]",0.8799239444007343,0.7650642959698714,0.7134372742807815,0.7264826036635783,0.4567055198299125,0.10885132644400893,0.34785419338590357,1
148,ET,"{'n_estimators': 300, 'max_depth': 30, 'min_samples_split': 10, 'max_features': 'sqrt'}",pca,False,20,[],616,"[[43, 44], [29, 500]]",0.881549960660897,0.7779901693809382,0.719646424607579,0.7318292682973979,0.4679121282942803,0.12226959213890921,0.3456425361553711,1
674,SVM,"{'C': 1, 'kernel': 'poly', 'gamma': 'scale'}",pca,False,15,[],616,"[[38, 49], [27, 502]]",0.8766325727773407,0.7541292227799978,0.6924392650141818,0.708980215245476,0.42223884921668553,0.07722084983745288,0.34501799937923266,1
57,SVM,"{'C': 1, 'kernel': 'linear', 'gamma': 'scale'}",pca,True,10,[],616,"[[31, 56], [22, 507]]",0.8733936532913716,0.7714311567535075,0.6569691524408505,0.6828474311667038,0.3734872561321153,0.028516749897776274,0.34497050623433906,1
79,NN,"{'hidden_layer_sizes': (64, 64), 'activation': 'relu', 'alpha': 0.01, 'learning_rate_init': 0.0001, 'max_iter': 1000, 'early_stopping': False}",pca,True,10,[],616,"[[31, 56], [22, 507]]",0.8733936532913716,0.7714311567535075,0.6569691524408505,0.6828474311667038,0.3734872561321153,0.028516749897776274,0.34497050623433906,1
173,SVM,"{'C': 100, 'kernel': 'linear', 'gamma': 'auto'}",pca,True,5,[],616,"[[31, 56], [22, 507]]",0.8733936532913716,0.7714311567535075,0.6569691524408505,0.6828474311667038,0.3734872561321153,0.028516749897776274,0.34497050623433906,1
734,SVM,"{'C': 10, 'kernel': 'rbf', 'gamma': 'auto'}",pca,False,10,[],616,"[[31, 56], [22, 507]]",0.8733936532913716,0.7714311567535075,0.6569691524408505,0.6828474311667038,0.3734872561321153,0.028516749897776274,0.34497050623433906,1
803,SVM,"{'C': 1, 'kernel': 'linear', 'gamma': 'auto'}",pca,True,5,[],616,"[[31, 56], [22, 507]]",0.8733936532913716,0.7714311567535075,0.6569691524408505,0.6828474311667038,0.3734872561321153,0.028516749897776274,0.34497050623433906,1
838,NN,"{'hidden_layer_sizes': (128,), 'activation': 'relu', 'alpha': 0.01, 'learning_rate_init': 0.0005, 'max_iter': 1000, 'early_stopping': False}",pca,True,5,[],616,"[[31, 56], [22, 507]]",0.8733936532913716,0.7714311567535075,0.6569691524408505,0.6828474311667038,0.3734872561321153,0.028516749897776274,0.34497050623433906,1
868,RF,"{'n_estimators': 200, 'max_depth': None, 'min_samples_split': 5, 'max_features': 0.5}",pca,False,10,[],616,"[[44, 43], [30, 499]]",0.8815499606608969,0.7681396535343904,0.7232781917798565,0.7330787134681732,0.46985383771705747,0.1259960328005014,0.34385780491655604,1
860,ET,"{'n_estimators': 100, 'max_depth': 20, 'min_samples_split': 5, 'max_features': 'sqrt'}",pca,False,10,[],616,"[[45, 42], [32, 497]]",0.8799239444007343,0.7609080266288505,0.7272737522682029,0.7366102747857769,0.47537920056598526,0.13236565698828748,0.34301354357769775,1
855,ET,"{'n_estimators': 200, 'max_depth': 30, 'min_samples_split': 2, 'max_features': 0.5}",pca,True,20,[],616,"[[45, 42], [37, 492]]",0.8717938630999214,0.7400009873451364,0.7231923964554375,0.7267499888290813,0.45523303855797703,0.11351222007219636,0.3417208184857807,1
58,NN,"{'hidden_layer_sizes': (64, 64), 'activation': 'tanh', 'alpha': 0.01, 'learning_rate_init': 0.0005, 'max_iter': 1000, 'early_stopping': False}",pca,False,15,[],616,"[[42, 45], [36, 493]]",0.8685156045108838,0.7292137072998243,0.7074421718372884,0.7130054066879641,0.4280067625316549,0.08632021132916368,0.34168655120249125,1
827,RF,"{'n_estimators': 100, 'max_depth': 30, 'min_samples_split': 2, 'max_features': 'sqrt'}",pca,False,15,[],616,"[[43, 44], [33, 496]]",0.8750458956202467,0.7491802567260769,0.7148654933671581,0.7224559679176951,0.4480914496446548,0.10683441682078344,0.3412570328238714,1
719,NN,"{'hidden_layer_sizes': (128, 128), 'activation': 'tanh', 'alpha': 0.0001, 'learning_rate_init': 0.0001, 'max_iter': 1000, 'early_stopping': False}",pca,True,5,[],616,"[[31, 56], [23, 506]]",0.8717676370312091,0.7594379775189489,0.6560257562144354,0.680559127070055,0.3684182593956168,0.027200884877992975,0.3412173745176238,1
723,NN,"{'hidden_layer_sizes': (128, 128), 'activation': 'tanh', 'alpha': 0.0001, 'learning_rate_init': 0.001, 'max_iter': 1000, 'early_stopping': False}",pca,False,15,[],616,"[[42, 45], [35, 494]]",0.8701416207710464,0.7342254845134363,0.7083855680637035,0.7154318466312832,0.43295464498411,0.09201974346831822,0.3409349015157918,1
206,RF,"{'n_estimators': 200, 'max_depth': 10, 'min_samples_split': 2, 'max_features': 'sqrt'}",pca,True,20,[],616,"[[44, 43], [32, 497]]",0.8782979281405717,0.7525221767791624,0.7217092119866815,0.729208661231125,0.461274932437097,0.12036333858872339,0.3409115938483736,1
137,NN,"{'hidden_layer_sizes': (64,), 'activation': 'relu', 'alpha': 0.01, 'learning_rate_init': 0.001, 'max_iter': 1000, 'early_stopping': False}",pca,True,10,[],616,"[[32, 55], [22, 507]]",0.8750196695515342,0.775236378366046,0.662851505382027,0.6877378099983998,0.38325108737383673,0.04257071704998205,0.3406803703238547,1
942,RF,"{'n_estimators': 500, 'max_depth': None, 'min_samples_split': 2, 'max_features': 'log2'}",pca,False,20,[],616,"[[43, 44], [32, 497]]",0.8766719118804092,0.7495779572559955,0.7161536564311259,0.7250083365044844,0.4528635885874289,0.11253308099165227,0.34033050759577665,1
566,NN,"{'hidden_layer_sizes': (256, 256), 'activation': 'tanh', 'alpha': 0.01, 'learning_rate_init': 0.0001, 'max_iter': 1000, 'early_stopping': False}",pca,False,15,[],616,"[[39, 48], [31, 498]]",0.8717676370312091,0.7532067247322962,0.6948388915314553,0.7095740869671759,0.4227243146767258,0.08242189831738991,0.3403024163593359,1
458,ET,"{'n_estimators': 200, 'max_depth': 20, 'min_samples_split': 5, 'max_features': 'log2'}",pca,True,10,[],616,"[[45, 42], [32, 497]]",0.8799239444007343,0.7565672906222879,0.7272737522682029,0.7364451274052134,0.4746245662091802,0.13445236872668118,0.34017219748249905,1
760,NN,"{'hidden_layer_sizes': (64,), 'activation': 'tanh', 'alpha': 0.0001, 'learning_rate_init': 0.0001, 'max_iter': 1000, 'early_stopping': False}",pca,True,5,[],616,"[[30, 57], [22, 507]]",0.8717676370312091,0.7672497791141859,0.6510867994996741,0.6776825883858613,0.36321613885390064,0.02419426543177284,0.3390218734221278,1
975,NN,"{'hidden_layer_sizes': (256,), 'activation': 'relu', 'alpha': 0.0001, 'learning_rate_init': 0.0001, 'max_iter': 1000, 'early_stopping': False}",pca,True,5,[],616,"[[30, 57], [22, 507]]",0.8717676370312091,0.7672497791141859,0.6510867994996741,0.6776825883858613,0.36321613885390064,0.02419426543177284,0.3390218734221278,1
921,ET,"{'n_estimators': 300, 'max_depth': 20, 'min_samples_split': 5, 'max_features': 0.5}",pca,True,20,[],616,"[[45, 42], [35, 494]]",0.8750327825858903,0.7432613653549728,0.7250881736342335,0.7283988806530792,0.4592223462490523,0.12424138809096244,0.3349809581580898,1
29,SVM,"{'C': 1, 'kernel': 'rbf', 'gamma': 'scale'}",pca,True,5,[],616,"[[32, 55], [24, 505]]",0.8717545239968529,0.7545351551835928,0.6606379155435759,0.6836768400454531,0.3740030241398616,0.039127306726105975,0.3348757174137556,1
474,NN,"{'hidden_layer_sizes': (64, 64), 'activation': 'relu', 'alpha': 0.01, 'learning_rate_init': 0.0005, 'max_iter': 1000, 'early_stopping': False}",pca,False,10,[],616,"[[32, 55], [24, 505]]",0.8717545239968529,0.7545351551835928,0.6606379155435759,0.6836768400454531,0.3740030241398616,0.039127306726105975,0.3348757174137556,1
62,NN,"{'hidden_layer_sizes': (256,), 'activation': 'tanh', 'alpha': 0.0001, 'learning_rate_init': 0.0005, 'max_iter': 1000, 'early_stopping': False}",pca,True,5,[],616,"[[31, 56], [24, 505]]",0.8701416207710464,0.7504194510678888,0.6550823599880202,0.6784114363929525,0.3636711611318605,0.02928513261836736,0.33438602851349314,1
271,SVM,"{'C': 1, 'kernel': 'linear', 'gamma': 'scale'}",pca,False,5,[],616,"[[29, 58], [20, 509]]",0.8733936532913716,0.7699324617968686,0.6470912390113278,0.6758890123014714,0.36007940833830265,0.026153548742684114,0.33392585959561855,1
517,RF,"{'n_estimators': 200, 'max_depth': 30, 'min_samples_split': 5, 'max_features': 'log2'}",pca,False,15,[],616,"[[43, 44], [29, 500]]",0.881563073695253,0.7673661975117959,0.718666032450716,0.7304675936049217,0.46460080397004316,0.13202377636598742,0.3325770276040557,1
370,ET,"{'n_estimators': 100, 'max_depth': 10, 'min_samples_split': 5, 'max_features': 0.5}",pca,False,15,[],616,"[[40, 47], [29, 500]]",0.876671911880409,0.7570946069764101,0.7016635836724627,0.7167981625827016,0.437286773615514,0.10490157829161474,0.33238519532389926,1
632,RF,"{'n_estimators': 200, 'max_depth': 20, 'min_samples_split': 10, 'max_features': 'sqrt'}",pca,False,15,[],616,"[[44, 43], [27, 502]]",0.8864280094413848,0.7848391280676704,0.7267619752303437,0.7352958510423646,0.4764386874224885,0.14411282512969234,0.33232586229279615,1
715,ET,"{'n_estimators': 300, 'max_depth': None, 'min_samples_split': 5, 'max_features': 'log2'}",pca,True,20,[],616,"[[45, 42], [34, 495]]",0.876658798846053,0.7485504289926602,0.7260315698606487,0.7311034732731969,0.4646791808588275,0.13243368766794136,0.33224549319088614,1
571,RF,"{'n_estimators': 200, 'max_depth': 20, 'min_samples_split': 10, 'max_features': 0.5}",pca,True,20,[],616,"[[47, 40], [30, 499]]",0.8864280094413848,0.7725337221525799,0.7412430632630411,0.7438450132080516,0.4924371342811737,0.16122337810242912,0.3312137561787446,1
317,SVM,"{'C': 100, 'kernel': 'linear', 'gamma': 'auto'}",pca,False,15,[],616,"[[38, 49], [28, 501]]",0.8750196695515342,0.7677635355722902,0.6911331324982823,0.7037385850604249,0.41438811188501423,0.08391737229722233,0.3304707395877919,1
346,SVM,"{'C': 100, 'kernel': 'linear', 'gamma': 'scale'}",pca,False,15,[],616,"[[38, 49], [28, 501]]",0.8750196695515342,0.7677635355722902,0.6911331324982823,0.7037385850604249,0.41438811188501423,0.08391737229722233,0.3304707395877919,1
65,RF,"{'n_estimators': 300, 'max_depth': 5, 'min_samples_split': 10, 'max_features': 'log2'}",pca,False,20,[],616,"[[44, 43], [28, 501]]",0.8848019931812221,0.7810219338544618,0.7258095942779628,0.7338251104781868,0.4733066428740392,0.14321792750113696,0.3300887153729022,1
380,RF,"{'n_estimators': 500, 'max_depth': 20, 'min_samples_split': 10, 'max_features': 'log2'}",pca,True,15,[],616,"[[43, 44], [27, 502]]",0.8848019931812221,0.7818190030725838,0.7208796222891672,0.7310955263157239,0.4679900693030493,0.1385173327416399,0.3294727365614094,1
312,ET,"{'n_estimators': 300, 'max_depth': None, 'min_samples_split': 10, 'max_features': 0.5}",pca,True,20,[],616,"[[44, 43], [31, 498]]",0.8799239444007343,0.7580218234066678,0.7233151877103042,0.7323180076494131,0.46760197682956317,0.13947784364234325,0.3281241331872199,1
661,ET,"{'n_estimators': 200, 'max_depth': 20, 'min_samples_split': 10, 'max_features': 0.5}",pca,True,20,[],616,"[[44, 43], [31, 498]]",0.8799239444007343,0.7580218234066678,0.7233151877103042,0.7323180076494131,0.46760197682956317,0.13947784364234325,0.3281241331872199,1
353,NN,"{'hidden_layer_sizes': (128, 128), 'activation': 'tanh', 'alpha': 0.001, 'learning_rate_init': 0.001, 'max_iter': 1000, 'early_stopping': False}",pca,False,5,[],616,"[[30, 57], [22, 507]]",0.8717807500655652,0.7667806271029778,0.651413596885295,0.6772633614926666,0.3626023493621289,0.03523209964493674,0.32737024971719214,1
516,SVM,"{'C': 0.1, 'kernel': 'poly', 'gamma': 'scale'}",pca,False,10,[],616,"[[30, 57], [22, 507]]",0.8717807500655652,0.7667806271029778,0.651413596885295,0.6772633614926666,0.3626023493621289,0.03523209964493674,0.32737024971719214,1
541,SVM,"{'C': 0.1, 'kernel': 'poly', 'gamma': 'scale'}",pca,False,5,[],616,"[[30, 57], [22, 507]]",0.8717807500655652,0.7667806271029778,0.651413596885295,0.6772633614926666,0.3626023493621289,0.03523209964493674,0.32737024971719214,1
871,NN,"{'hidden_layer_sizes': (128, 128), 'activation': 'tanh', 'alpha': 0.0001, 'learning_rate_init': 0.0001, 'max_iter': 1000, 'early_stopping': False}",pca,False,15,[],616,"[[38, 49], [33, 496]]",0.8668895882507212,0.7341884507222745,0.6870697461374486,0.6987547783622106,0.40098278375442736,0.07411785047669939,0.326864933277728,1
199,NN,"{'hidden_layer_sizes': (128,), 'activation': 'relu', 'alpha': 0.001, 'learning_rate_init': 0.0005, 'max_iter': 1000, 'early_stopping': False}",pca,False,5,[],616,"[[30, 57], [23, 506]]",0.8701547338054028,0.7547874478684193,0.6504702006588798,0.6749750573960179,0.35753335262563024,0.03252126758009209,0.32501208504553813,1
714,NN,"{'hidden_layer_sizes': (256, 256), 'activation': 'tanh', 'alpha': 0.001, 'learning_rate_init': 0.0001, 'max_iter': 1000, 'early_stopping': False}",pca,False,10,[],616,"[[30, 57], [23, 506]]",0.8701547338054028,0.7547874478684193,0.6504702006588798,0.6749750573960179,0.35753335262563024,0.03252126758009209,0.32501208504553813,1
874,NN,"{'hidden_layer_sizes': (128, 128), 'activation': 'tanh', 'alpha': 0.01, 'learning_rate_init': 0.0001, 'max_iter': 1000, 'early_stopping': False}",pca,False,10,[],616,"[[30, 57], [23, 506]]",0.8701547338054028,0.7547874478684193,0.6504702006588798,0.6749750573960179,0.35753335262563024,0.03252126758009209,0.32501208504553813,1
385,ET,"{'n_estimators': 200, 'max_depth': None, 'min_samples_split': 5, 'max_features': 0.5}",,False,N/A,['drugConcentration'],616,"[[35, 52], [26, 503]]",0.8734198793600839,0.7436457528464907,0.6774055282490354,0.6991831119347853,0.4021161793814361,0.0771653977517503,0.3249507816296858,1
554,NN,"{'hidden_layer_sizes': (64,), 'activation': 'tanh', 'alpha': 0.0001, 'learning_rate_init': 0.0005, 'max_iter': 1000, 'early_stopping': False}",pca,False,5,[],616,"[[29, 58], [23, 506]]",0.86852871754524,0.7506060702290978,0.6445878477177034,0.6698102146151754,0.3472622353474155,0.022406728278484677,0.32485550706893085,1
511,NN,"{'hidden_layer_sizes': (128, 128), 'activation': 'tanh', 'alpha': 0.001, 'learning_rate_init': 0.0001, 'max_iter': 1000, 'early_stopping': False}",pca,False,15,[],616,"[[38, 49], [32, 497]]",0.8685156045108837,0.7371391995135955,0.6880131423638638,0.7009167968400185,0.40524405971920424,0.08129709416475604,0.3239469655544482,1
582,ET,"{'n_estimators': 500, 'max_depth': 10, 'min_samples_split': 5, 'max_features': 'sqrt'}",pca,False,20,[],616,"[[40, 47], [28, 501]]",0.878297928140572,0.7691073723956384,0.7026069798988778,0.7187280008127053,0.44170377124213706,0.11878446911342784,0.32291930212870923,1
435,RF,"{'n_estimators': 300, 'max_depth': 10, 'min_samples_split': 2, 'max_features': 'sqrt'}",pca,False,10,[],616,"[[42, 45], [34, 495]]",0.8718069761342775,0.7423806921468523,0.7083665415851875,0.715800233517222,0.43477985473579395,0.11251096254916794,0.322268892186626,1
622,RF,"{'n_estimators': 200, 'max_depth': 10, 'min_samples_split': 2, 'max_features': 'sqrt'}",pca,True,10,[],616,"[[42, 45], [34, 495]]",0.8718069761342775,0.7423806921468523,0.7083665415851875,0.715800233517222,0.43477985473579395,0.11251096254916794,0.322268892186626,1
565,SVM,"{'C': 10, 'kernel': 'poly', 'gamma': 'auto'}",pca,True,5,[],616,"[[31, 56], [25, 504]]",0.8685156045108837,0.7369919557759866,0.6541389637616052,0.6763539513258653,0.35890414896421746,0.036817862942505115,0.32208628602171235,1
690,SVM,"{'C': 1, 'kernel': 'poly', 'gamma': 'scale'}",pca,True,5,[],616,"[[31, 56], [25, 504]]",0.8685156045108837,0.7369919557759866,0.6541389637616052,0.6763539513258653,0.35890414896421746,0.036817862942505115,0.32208628602171235,1
154,NN,"{'hidden_layer_sizes': (64,), 'activation': 'tanh', 'alpha': 0.01, 'learning_rate_init': 0.001, 'max_iter': 1000, 'early_stopping': False}",freq,False,N/A,[],616,"[[27, 60], [18, 511]]",0.8733674272226594,0.7655779580270725,0.6378669203530468,0.6683429864807049,0.3459868744883276,0.025446240436837148,0.32054063405149047,1
191,NN,"{'hidden_layer_sizes': (64, 64), 'activation': 'tanh', 'alpha': 0.01, 'learning_rate_init': 0.0001, 'max_iter': 1000, 'early_stopping': False}",freq,False,N/A,[],616,"[[27, 60], [18, 511]]",0.8733674272226594,0.7655779580270725,0.6378669203530468,0.6683429864807049,0.3459868744883276,0.025446240436837148,0.32054063405149047,1
275,NN,"{'hidden_layer_sizes': (128,), 'activation': 'tanh', 'alpha': 0.0001, 'learning_rate_init': 0.001, 'max_iter': 1000, 'early_stopping': False}",freq,False,N/A,[],616,"[[27, 60], [18, 511]]",0.8733674272226594,0.7655779580270725,0.6378669203530468,0.6683429864807049,0.3459868744883276,0.025446240436837148,0.32054063405149047,1
453,SVM,"{'C': 1, 'kernel': 'rbf', 'gamma': 'scale'}",freq,False,N/A,[],616,"[[27, 60], [18, 511]]",0.8733674272226594,0.7655779580270725,0.6378669203530468,0.6683429864807049,0.3459868744883276,0.025446240436837148,0.32054063405149047,1
702,NN,"{'hidden_layer_sizes': (256,), 'activation': 'relu', 'alpha': 0.01, 'learning_rate_init': 0.001, 'max_iter': 1000, 'early_stopping': False}",freq,False,N/A,[],616,"[[27, 60], [18, 511]]",0.8733674272226594,0.7655779580270725,0.6378669203530468,0.6683429864807049,0.3459868744883276,0.025446240436837148,0.32054063405149047,1
782,NN,"{'hidden_layer_sizes': (64, 64), 'activation': 'tanh', 'alpha': 0.0001, 'learning_rate_init': 0.0001, 'max_iter': 1000, 'early_stopping': False}",freq,False,N/A,[],616,"[[27, 60], [18, 511]]",0.8733674272226594,0.7655779580270725,0.6378669203530468,0.6683429864807049,0.3459868744883276,0.025446240436837148,0.32054063405149047,1
810,NN,"{'hidden_layer_sizes': (256,), 'activation': 'relu', 'alpha': 0.001, 'learning_rate_init': 0.0005, 'max_iter': 1000, 'early_stopping': False}",freq,False,N/A,[],616,"[[27, 60], [18, 511]]",0.8733674272226594,0.7655779580270725,0.6378669203530468,0.6683429864807049,0.3459868744883276,0.025446240436837148,0.32054063405149047,1
963,NN,"{'hidden_layer_sizes': (128,), 'activation': 'tanh', 'alpha': 0.01, 'learning_rate_init': 0.001, 'max_iter': 1000, 'early_stopping': False}",freq,False,N/A,[],616,"[[27, 60], [18, 511]]",0.8733674272226594,0.7655779580270725,0.6378669203530468,0.6683429864807049,0.3459868744883276,0.025446240436837148,0.32054063405149047,1
883,RF,"{'n_estimators': 500, 'max_depth': 5, 'min_samples_split': 5, 'max_features': 'sqrt'}",pca,False,20,[],616,"[[43, 44], [27, 502]]",0.8848019931812221,0.7804267593679184,0.7205438401775804,0.7308909197493334,0.4674321033325672,0.1469771093238164,0.32045499400875077,1
38,NN,"{'hidden_layer_sizes': (256, 256), 'activation': 'tanh', 'alpha': 0.0001, 'learning_rate_init': 0.001, 'max_iter': 1000, 'early_stopping': False}",freq,False,N/A,[],616,"[[27, 60], [17, 512]]",0.8749934434828219,0.7775711372616311,0.638810316579462,0.6706312905773537,0.3510558712248263,0.030793461525723393,0.3202624096991029,1
53,SVM,"{'C': 10, 'kernel': 'linear', 'gamma': 'auto'}",freq,False,N/A,[],616,"[[27, 60], [17, 512]]",0.8749934434828219,0.7775711372616311,0.638810316579462,0.6706312905773537,0.3510558712248263,0.030793461525723393,0.3202624096991029,1
218,SVM,"{'C': 1, 'kernel': 'rbf', 'gamma': 'auto'}",freq,True,N/A,[],616,"[[27, 60], [17, 512]]",0.8749934434828219,0.7775711372616311,0.638810316579462,0.6706312905773537,0.3510558712248263,0.030793461525723393,0.3202624096991029,1
480,NN,"{'hidden_layer_sizes': (64,), 'activation': 'tanh', 'alpha': 0.01, 'learning_rate_init': 0.0001, 'max_iter': 1000, 'early_stopping': False}",freq,True,N/A,[],616,"[[27, 60], [17, 512]]",0.8749934434828219,0.7775711372616311,0.638810316579462,0.6706312905773537,0.3510558712248263,0.030793461525723393,0.3202624096991029,1
539,NN,"{'hidden_layer_sizes': (64,), 'activation': 'tanh', 'alpha': 0.001, 'learning_rate_init': 0.0001, 'max_iter': 1000, 'early_stopping': False}",freq,True,N/A,[],616,"[[27, 60], [17, 512]]",0.8749934434828219,0.7775711372616311,0.638810316579462,0.6706312905773537,0.3510558712248263,0.030793461525723393,0.3202624096991029,1
573,NN,"{'hidden_layer_sizes': (256, 256), 'activation': 'tanh', 'alpha': 0.01, 'learning_rate_init': 0.0001, 'max_iter': 1000, 'early_stopping': False}",freq,False,N/A,[],616,"[[27, 60], [17, 512]]",0.8749934434828219,0.7775711372616311,0.638810316579462,0.6706312905773537,0.3510558712248263,0.030793461525723393,0.3202624096991029,1
601,SVM,"{'C': 1, 'kernel': 'linear', 'gamma': 'auto'}",freq,False,N/A,[],616,"[[27, 60], [17, 512]]",0.8749934434828219,0.7775711372616311,0.638810316579462,0.6706312905773537,0.3510558712248263,0.030793461525723393,0.3202624096991029,1
688,SVM,"{'C': 1, 'kernel': 'linear', 'gamma': 'scale'}",freq,False,N/A,[],616,"[[27, 60], [17, 512]]",0.8749934434828219,0.7775711372616311,0.638810316579462,0.6706312905773537,0.3510558712248263,0.030793461525723393,0.3202624096991029,1
703,NN,"{'hidden_layer_sizes': (64,), 'activation': 'relu', 'alpha': 0.0001, 'learning_rate_init': 0.0005, 'max_iter': 1000, 'early_stopping': False}",freq,True,N/A,[],616,"[[27, 60], [17, 512]]",0.8749934434828219,0.7775711372616311,0.638810316579462,0.6706312905773537,0.3510558712248263,0.030793461525723393,0.3202624096991029,1
949,NN,"{'hidden_layer_sizes': (64,), 'activation': 'relu', 'alpha': 0.001, 'learning_rate_init': 0.0005, 'max_iter': 1000, 'early_stopping': False}",freq,True,N/A,[],616,"[[27, 60], [17, 512]]",0.8749934434828219,0.7775711372616311,0.638810316579462,0.6706312905773537,0.3510558712248263,0.030793461525723393,0.3202624096991029,1
501,NN,"{'hidden_layer_sizes': (256, 256), 'activation': 'relu', 'alpha': 0.01, 'learning_rate_init': 0.0001, 'max_iter': 1000, 'early_stopping': False}",pca,False,5,[],616,"[[30, 57], [24, 505]]",0.86852871754524,0.7457689214173591,0.6495268044324647,0.6728273667189155,0.352786254361874,0.03274172040818232,0.3200445339536917,1
708,NN,"{'hidden_layer_sizes': (64,), 'activation': 'relu', 'alpha': 0.01, 'learning_rate_init': 0.0001, 'max_iter': 1000, 'early_stopping': False}",pca,False,20,[],616,"[[38, 49], [23, 506]]",0.8831628638867034,0.7858188740413512,0.6975200394623258,0.722523267831243,0.4493610264335789,0.12987671544404655,0.31948431098953234,1
412,ET,"{'n_estimators': 300, 'max_depth': None, 'min_samples_split': 10, 'max_features': 0.5}",pca,False,10,[],616,"[[41, 46], [29, 500]]",0.8783110411749279,0.7601628720787988,0.7078817187252259,0.7219915693363392,0.4475883884456394,0.1295240418284052,0.3180643466172342,1
514,SVM,"{'C': 0.1, 'kernel': 'poly', 'gamma': 'scale'}",freq,False,N/A,[],616,"[[26, 61], [20, 509]]",0.8685024914765277,0.7445846733410947,0.6304245723446611,0.6577686544357846,0.32465086684681205,0.006903070724054612,0.31774779612275744,1
127,NN,"{'hidden_layer_sizes': (128, 128), 'activation': 'relu', 'alpha': 0.001, 'learning_rate_init': 0.0001, 'max_iter': 1000, 'early_stopping': False}",freq,False,N/A,[],616,"[[27, 60], [19, 510]]",0.8717414109624967,0.7565594315760124,0.6369235241266318,0.6661952958036025,0.3412397762245714,0.023500511271135855,0.3177392649534356,1
283,NN,"{'hidden_layer_sizes': (128, 128), 'activation': 'relu', 'alpha': 0.01, 'learning_rate_init': 0.0001, 'max_iter': 1000, 'early_stopping': False}",freq,False,N/A,[],616,"[[27, 60], [19, 510]]",0.8717414109624967,0.7565594315760124,0.6369235241266318,0.6661952958036025,0.3412397762245714,0.023500511271135855,0.3177392649534356,1
332,NN,"{'hidden_layer_sizes': (128,), 'activation': 'tanh', 'alpha': 0.001, 'learning_rate_init': 0.0005, 'max_iter': 1000, 'early_stopping': False}",freq,False,N/A,[],616,"[[27, 60], [19, 510]]",0.8717414109624967,0.7565594315760124,0.6369235241266318,0.6661952958036025,0.3412397762245714,0.023500511271135855,0.3177392649534356,1
378,NN,"{'hidden_layer_sizes': (128, 128), 'activation': 'relu', 'alpha': 0.0001, 'learning_rate_init': 0.0001, 'max_iter': 1000, 'early_stopping': False}",freq,False,N/A,[],616,"[[27, 60], [19, 510]]",0.8717414109624967,0.7565594315760124,0.6369235241266318,0.6661952958036025,0.3412397762245714,0.023500511271135855,0.3177392649534356,1
500,NN,"{'hidden_layer_sizes': (64, 64), 'activation': 'relu', 'alpha': 0.01, 'learning_rate_init': 0.001, 'max_iter': 1000, 'early_stopping': False}",freq,False,N/A,[],616,"[[27, 60], [19, 510]]",0.8717414109624967,0.7565594315760124,0.6369235241266318,0.6661952958036025,0.3412397762245714,0.023500511271135855,0.3177392649534356,1
550,NN,"{'hidden_layer_sizes': (128, 128), 'activation': 'tanh', 'alpha': 0.001, 'learning_rate_init': 0.0001, 'max_iter': 1000, 'early_stopping': False}",freq,False,N/A,[],616,"[[27, 60], [19, 510]]",0.8717414109624967,0.7565594315760124,0.6369235241266318,0.6661952958036025,0.3412397762245714,0.023500511271135855,0.3177392649534356,1
73,NN,"{'hidden_layer_sizes': (128,), 'activation': 'tanh', 'alpha': 0.001, 'learning_rate_init': 0.0001, 'max_iter': 1000, 'early_stopping': False}",freq,False,N/A,[],616,"[[26, 61], [16, 513]]",0.8749934434828219,0.7816567135211203,0.6341981572503215,0.6662477190505481,0.34345376671260935,0.025778252442722884,0.3176755142698865,1
138,SVM,"{'C': 10, 'kernel': 'poly', 'gamma': 'scale'}",freq,True,N/A,[],616,"[[28, 59], [22, 507]]",0.8684893784421714,0.7326056204946366,0.639975688388563,0.6672704706287773,0.3409446075661163,0.023760973447727377,0.3171836341183889,1
476,SVM,"{'C': 10, 'kernel': 'poly', 'gamma': 'auto'}",freq,True,N/A,[],616,"[[28, 59], [22, 507]]",0.8684893784421714,0.7326056204946366,0.639975688388563,0.6672704706287773,0.3409446075661163,0.023760973447727377,0.3171836341183889,1
672,NN,"{'hidden_layer_sizes': (256, 256), 'activation': 'tanh', 'alpha': 0.001, 'learning_rate_init': 0.0005, 'max_iter': 1000, 'early_stopping': False}",freq,False,N/A,[],616,"[[26, 61], [18, 511]]",0.8717545239968529,0.7606391774173773,0.6323113647974913,0.6619402036073337,0.3338528837439827,0.017076366722707757,0.31677651702127496,1
183,NN,"{'hidden_layer_sizes': (256,), 'activation': 'tanh', 'alpha': 0.001, 'learning_rate_init': 0.0001, 'max_iter': 1000, 'early_stopping': False}",pca,False,5,[],616,"[[27, 60], [19, 510]]",0.871767637031209,0.7652652387225659,0.6369235241266318,0.6665909297168533,0.3423217442406993,0.025725840639760137,0.31659590360093914,1
808,SVM,"{'C': 10, 'kernel': 'rbf', 'gamma': 'auto'}",pca,False,15,['drugConcentration'],616,"[[34, 53], [24, 505]]",0.8750196695515342,0.7593997662948236,0.6730562161971707,0.6996450010135374,0.40365718636596154,0.08732287917993616,0.3163343071860254,1
81,NN,"{'hidden_layer_sizes': (64, 64), 'activation': 'relu', 'alpha': 0.01, 'learning_rate_init': 0.0001, 'max_iter': 1000, 'early_stopping': False}",pca,False,5,[],616,"[[29, 58], [23, 506]]",0.8685156045108838,0.7506145922100969,0.6442610503320825,0.6699279673595128,0.3473281498390309,0.031159800414217245,0.31616834942481364,1
195,SVM,"{'C': 100, 'kernel': 'rbf', 'gamma': 'scale'}",freq,True,N/A,[],616,"[[29, 58], [22, 507]]",0.8701285077366903,0.7400689216450086,0.6452044465584976,0.671395560645923,0.3496965525512698,0.034039578545157115,0.3156569740061127,1
165,RF,"{'n_estimators': 500, 'max_depth': 10, 'min_samples_split': 10, 'max_features': 'log2'}",pca,False,20,[],616,"[[44, 43], [28, 501]]",0.8848151062155782,0.7798938445274748,0.7261363916635837,0.7330620134796808,0.47188637451514975,0.15696286561376616,0.3149235089013836,1
825,ET,"{'n_estimators': 200, 'max_depth': None, 'min_samples_split': 10, 'max_features': 'sqrt'}",pca,True,20,[],616,"[[42, 45], [28, 501]]",0.881549960660897,0.7749393388725812,0.7147074678928176,0.7256368190128433,0.45688183063854293,0.14273162967085984,0.3141502009676831,1
266,ET,"{'n_estimators': 100, 'max_depth': 20, 'min_samples_split': 2, 'max_features': 0.5}",pca,False,10,[],616,"[[42, 45], [37, 492]]",0.8669289273537897,0.7242938556812695,0.7055363529059423,0.7089999631066352,0.42043379533861724,0.10772853663301968,0.31270525870559757,1
907,RF,"{'n_estimators': 300, 'max_depth': 20, 'min_samples_split': 5, 'max_features': 'sqrt'}",pca,True,20,[],616,"[[45, 42], [29, 500]]",0.8848019931812221,0.7690067941001614,0.730103940947448,0.7369565939006828,0.47856250026425756,0.16587373351135146,0.31268876675290613,1
913,ET,"{'n_estimators': 500, 'max_depth': 5, 'min_samples_split': 10, 'max_features': 0.5}",pca,False,20,[],616,"[[35, 52], [23, 506]]",0.8782848151062156,0.7889227555933163,0.6792193858675546,0.7000839066710575,0.407891168024155,0.0955743693303029,0.3123167986938521,1
477,NN,"{'hidden_layer_sizes': (256,), 'activation': 'tanh', 'alpha': 0.0001, 'learning_rate_init': 0.0001, 'max_iter': 1000, 'early_stopping': False}",freq,False,N/A,[],616,"[[26, 61], [17, 512]]",0.8733805402570155,0.7726323566519359,0.6332547610239063,0.6642285077039826,0.3389218804804813,0.026745892016959538,0.31217598846352174,1
854,NN,"{'hidden_layer_sizes': (256,), 'activation': 'relu', 'alpha': 0.0001, 'learning_rate_init': 0.0001, 'max_iter': 1000, 'early_stopping': False}",freq,False,N/A,[],616,"[[26, 61], [17, 512]]",0.8733805402570155,0.7726323566519359,0.6332547610239063,0.6642285077039826,0.3389218804804813,0.026745892016959538,0.31217598846352174,1
278,NN,"{'hidden_layer_sizes': (64,), 'activation': 'tanh', 'alpha': 0.0001, 'learning_rate_init': 0.0001, 'max_iter': 1000, 'early_stopping': False}",freq,False,N/A,[],616,"[[25, 62], [14, 515]]",0.8766194597429845,0.7865958631971122,0.6302025967619752,0.6638913212770202,0.3397378473673678,0.027562203667410436,0.3121756436999574,1
110,NN,"{'hidden_layer_sizes': (256, 256), 'activation': 'relu', 'alpha': 0.01, 'learning_rate_init': 0.001, 'max_iter': 1000, 'early_stopping': False}",freq,False,N/A,[],616,"[[28, 59], [20, 509]]",0.8717414109624967,0.7542293978800687,0.6415356834557723,0.6699647286763725,0.34800564924044447,0.036420604978448276,0.3115850442619962,1
722,ET,"{'n_estimators': 200, 'max_depth': 30, 'min_samples_split': 2, 'max_features': 'log2'}",pca,True,15,[],616,"[[42, 45], [37, 492]]",0.8669289273537897,0.726600793874253,0.7055363529059422,0.709483275087869,0.42154203548180524,0.11265525105592182,0.3088867844258834,1
775,NN,"{'hidden_layer_sizes': (128, 128), 'activation': 'tanh', 'alpha': 0.001, 'learning_rate_init': 0.0005, 'max_iter': 1000, 'early_stopping': False}",pca,True,10,[],616,"[[34, 53], [24, 505]]",0.8750458956202467,0.7566731639160691,0.6727294188115499,0.6940647336825008,0.39417676339997765,0.08554031510320124,0.3086364482967764,1
235,ET,"{'n_estimators': 100, 'max_depth': None, 'min_samples_split': 2, 'max_features': 'log2'}",pca,False,15,[],616,"[[41, 46], [37, 492]]",0.865302911093627,0.7232013104747697,0.6996539999647657,0.7042204610263898,0.41119416708795986,0.10272653692099515,0.3084676301669647,1
496,SVM,"{'C': 10, 'kernel': 'rbf', 'gamma': 'scale'}",freq,True,N/A,[],616,"[[27, 60], [20, 509]]",0.8701153947023341,0.7431319362841102,0.6359801279002167,0.6641378107365151,0.3364727640569284,0.02891969397490657,0.3075530700820218,1
542,SVM,"{'C': 10, 'kernel': 'rbf', 'gamma': 'scale'}",freq,False,N/A,[],616,"[[27, 60], [20, 509]]",0.8701153947023341,0.7431319362841102,0.6359801279002167,0.6641378107365151,0.3364727640569284,0.02891969397490657,0.3075530700820218,1
818,SVM,"{'C': 10, 'kernel': 'rbf', 'gamma': 'auto'}",freq,True,N/A,[],616,"[[27, 60], [20, 509]]",0.8701153947023341,0.7431319362841102,0.6359801279002167,0.6641378107365151,0.3364727640569284,0.02891969397490657,0.3075530700820218,1
281,ET,"{'n_estimators': 500, 'max_depth': 30, 'min_samples_split': 5, 'max_features': 0.5}",freq,True,N/A,['drugConcentration'],616,"[[44, 43], [46, 483]]",0.8555730396013639,0.7108296036277688,0.7107892465162166,0.7070502846098008,0.4157709832168748,0.10831520681842133,0.30745577639845345,1
489,SVM,"{'C': 10, 'kernel': 'poly', 'gamma': 'scale'}",freq,False,N/A,[],616,"[[26, 61], [21, 508]]",0.866876475216365,0.7311571780491926,0.629481176118246,0.6557111693686972,0.31988385467916897,0.013174520458648567,0.3067093342205204,1
469,ET,"{'n_estimators': 300, 'max_depth': 30, 'min_samples_split': 2, 'max_features': 0.5}",pca,True,10,[],616,"[[42, 45], [38, 491]]",0.865302911093627,0.7220601660889278,0.704601941405493,0.7073210440529235,0.41714343078560356,0.1131393940395905,0.30400403674601306,1
544,NN,"{'hidden_layer_sizes': (128,), 'activation': 'relu', 'alpha': 0.0001, 'learning_rate_init': 0.0001, 'max_iter': 1000, 'early_stopping': False}",pca,False,15,[],616,"[[33, 54], [23, 506]]",0.8750327825858903,0.7733794511637034,0.6681082747564434,0.689288649577874,0.38651668012215695,0.08318880561121507,0.3033278745109419,1
540,ET,"{'n_estimators': 500, 'max_depth': 5, 'min_samples_split': 2, 'max_features': 0.5}",pca,True,20,[],616,"[[33, 54], [23, 506]]",0.8750327825858903,0.7813846801346801,0.6677814773708226,0.690213691301015,0.38829450087342643,0.08649004469547442,0.30180445617795204,1
993,RF,"{'n_estimators': 200, 'max_depth': 5, 'min_samples_split': 10, 'max_features': 'log2'}",pca,True,15,[],616,"[[45, 42], [28, 501]]",0.8864148964070286,0.7783394975338138,0.7307115550622765,0.7323549356153238,0.4724111768058304,0.17308198861603155,0.2993291881897988,1
992,ET,"{'n_estimators': 300, 'max_depth': 10, 'min_samples_split': 5, 'max_features': 'sqrt'}",pca,True,20,[],616,"[[37, 50], [28, 501]]",0.87343299239444,0.7583534986758493,0.6859403132322112,0.7047141413023817,0.4137945815654353,0.11485799395972236,0.29893658760571296,1
33,SVM,"{'C': 0.1, 'kernel': 'linear', 'gamma': 'scale'}",freq,True,N/A,[],616,"[[27, 60], [19, 510]]",0.8717414109624967,0.7545240470053065,0.6369235241266318,0.6666437803398434,0.3418344954399603,0.04293125408836341,0.2989032413515969,1
41,NN,"{'hidden_layer_sizes': (256, 256), 'activation': 'tanh', 'alpha': 0.0001, 'learning_rate_init': 0.0001, 'max_iter': 1000, 'early_stopping': False}",freq,True,N/A,[],616,"[[27, 60], [19, 510]]",0.8717414109624967,0.7545240470053065,0.6369235241266318,0.6666437803398434,0.3418344954399603,0.04293125408836341,0.2989032413515969,1
97,SVM,"{'C': 100, 'kernel': 'linear', 'gamma': 'auto'}",freq,True,N/A,[],616,"[[27, 60], [19, 510]]",0.8717414109624967,0.7545240470053065,0.6369235241266318,0.6666437803398434,0.3418344954399603,0.04293125408836341,0.2989032413515969,1
107,NN,"{'hidden_layer_sizes': (128,), 'activation': 'tanh', 'alpha': 0.001, 'learning_rate_init': 0.0005, 'max_iter': 1000, 'early_stopping': False}",freq,True,N/A,[],616,"[[27, 60], [19, 510]]",0.8717414109624967,0.7545240470053065,0.6369235241266318,0.6666437803398434,0.3418344954399603,0.04293125408836341,0.2989032413515969,1
208,SVM,"{'C': 1, 'kernel': 'linear', 'gamma': 'auto'}",freq,True,N/A,[],616,"[[27, 60], [19, 510]]",0.8717414109624967,0.7545240470053065,0.6369235241266318,0.6666437803398434,0.3418344954399603,0.04293125408836341,0.2989032413515969,1
279,NN,"{'hidden_layer_sizes': (128, 128), 'activation': 'tanh', 'alpha': 0.0001, 'learning_rate_init': 0.0001, 'max_iter': 1000, 'early_stopping': False}",freq,True,N/A,[],616,"[[27, 60], [19, 510]]",0.8717414109624967,0.7545240470053065,0.6369235241266318,0.6666437803398434,0.3418344954399603,0.04293125408836341,0.2989032413515969,1
310,NN,"{'hidden_layer_sizes': (64, 64), 'activation': 'tanh', 'alpha': 0.0001, 'learning_rate_init': 0.0001, 'max_iter': 1000, 'early_stopping': False}",freq,True,N/A,[],616,"[[27, 60], [19, 510]]",0.8717414109624967,0.7545240470053065,0.6369235241266318,0.6666437803398434,0.3418344954399603,0.04293125408836341,0.2989032413515969,1
410,NN,"{'hidden_layer_sizes': (64,), 'activation': 'tanh', 'alpha': 0.01, 'learning_rate_init': 0.0005, 'max_iter': 1000, 'early_stopping': False}",freq,True,N/A,[],616,"[[27, 60], [19, 510]]",0.8717414109624967,0.7545240470053065,0.6369235241266318,0.6666437803398434,0.3418344954399603,0.04293125408836341,0.2989032413515969,1
438,SVM,"{'C': 0.1, 'kernel': 'linear', 'gamma': 'auto'}",freq,True,N/A,[],616,"[[27, 60], [19, 510]]",0.8717414109624967,0.7545240470053065,0.6369235241266318,0.6666437803398434,0.3418344954399603,0.04293125408836341,0.2989032413515969,1
449,NN,"{'hidden_layer_sizes': (64,), 'activation': 'relu', 'alpha': 0.0001, 'learning_rate_init': 0.001, 'max_iter': 1000, 'early_stopping': False}",freq,True,N/A,[],616,"[[27, 60], [19, 510]]",0.8717414109624967,0.7545240470053065,0.6369235241266318,0.6666437803398434,0.3418344954399603,0.04293125408836341,0.2989032413515969,1
495,NN,"{'hidden_layer_sizes': (64,), 'activation': 'tanh', 'alpha': 0.001, 'learning_rate_init': 0.001, 'max_iter': 1000, 'early_stopping': False}",freq,True,N/A,[],616,"[[27, 60], [19, 510]]",0.8717414109624967,0.7545240470053065,0.6369235241266318,0.6666437803398434,0.3418344954399603,0.04293125408836341,0.2989032413515969,1
513,NN,"{'hidden_layer_sizes': (256,), 'activation': 'relu', 'alpha': 0.0001, 'learning_rate_init': 0.0005, 'max_iter': 1000, 'early_stopping': False}",freq,True,N/A,[],616,"[[27, 60], [19, 510]]",0.8717414109624967,0.7545240470053065,0.6369235241266318,0.6666437803398434,0.3418344954399603,0.04293125408836341,0.2989032413515969,1
530,NN,"{'hidden_layer_sizes': (256,), 'activation': 'relu', 'alpha': 0.01, 'learning_rate_init': 0.001, 'max_iter': 1000, 'early_stopping': False}",freq,True,N/A,[],616,"[[27, 60], [19, 510]]",0.8717414109624967,0.7545240470053065,0.6369235241266318,0.6666437803398434,0.3418344954399603,0.04293125408836341,0.2989032413515969,1
621,NN,"{'hidden_layer_sizes': (128,), 'activation': 'tanh', 'alpha': 0.01, 'learning_rate_init': 0.0005, 'max_iter': 1000, 'early_stopping': False}",freq,True,N/A,[],616,"[[27, 60], [19, 510]]",0.8717414109624967,0.7545240470053065,0.6369235241266318,0.6666437803398434,0.3418344954399603,0.04293125408836341,0.2989032413515969,1
627,NN,"{'hidden_layer_sizes': (128, 128), 'activation': 'tanh', 'alpha': 0.01, 'learning_rate_init': 0.0001, 'max_iter': 1000, 'early_stopping': False}",freq,True,N/A,[],616,"[[27, 60], [19, 510]]",0.8717414109624967,0.7545240470053065,0.6369235241266318,0.6666437803398434,0.3418344954399603,0.04293125408836341,0.2989032413515969,1
644,NN,"{'hidden_layer_sizes': (64,), 'activation': 'relu', 'alpha': 0.01, 'learning_rate_init': 0.001, 'max_iter': 1000, 'early_stopping': False}",freq,True,N/A,[],616,"[[27, 60], [19, 510]]",0.8717414109624967,0.7545240470053065,0.6369235241266318,0.6666437803398434,0.3418344954399603,0.04293125408836341,0.2989032413515969,1
717,SVM,"{'C': 10, 'kernel': 'linear', 'gamma': 'auto'}",freq,True,N/A,[],616,"[[27, 60], [19, 510]]",0.8717414109624967,0.7545240470053065,0.6369235241266318,0.6666437803398434,0.3418344954399603,0.04293125408836341,0.2989032413515969,1
899,NN,"{'hidden_layer_sizes': (256, 256), 'activation': 'relu', 'alpha': 0.001, 'learning_rate_init': 0.0001, 'max_iter': 1000, 'early_stopping': False}",freq,True,N/A,[],616,"[[27, 60], [19, 510]]",0.8717414109624967,0.7545240470053065,0.6369235241266318,0.6666437803398434,0.3418344954399603,0.04293125408836341,0.2989032413515969,1
944,NN,"{'hidden_layer_sizes': (128,), 'activation': 'relu', 'alpha': 0.001, 'learning_rate_init': 0.0005, 'max_iter': 1000, 'early_stopping': False}",freq,True,N/A,[],616,"[[27, 60], [19, 510]]",0.8717414109624967,0.7545240470053065,0.6369235241266318,0.6666437803398434,0.3418344954399603,0.04293125408836341,0.2989032413515969,1
203,NN,"{'hidden_layer_sizes': (256,), 'activation': 'tanh', 'alpha': 0.01, 'learning_rate_init': 0.0005, 'max_iter': 1000, 'early_stopping': False}",freq,True,N/A,[],616,"[[27, 60], [20, 509]]",0.8701153947023341,0.742530867770748,0.6359801279002167,0.6643554762431946,0.3367654987034617,0.038064159122640724,0.29870133958082096,1
352,NN,"{'hidden_layer_sizes': (256,), 'activation': 'tanh', 'alpha': 0.0001, 'learning_rate_init': 0.0005, 'max_iter': 1000, 'early_stopping': False}",freq,True,N/A,[],616,"[[27, 60], [20, 509]]",0.8701153947023341,0.742530867770748,0.6359801279002167,0.6643554762431946,0.3367654987034617,0.038064159122640724,0.29870133958082096,1
189,ET,"{'n_estimators': 200, 'max_depth': 10, 'min_samples_split': 10, 'max_features': 0.5}",pca,False,10,[],616,"[[37, 50], [26, 503]]",0.876671911880409,0.7642151599905507,0.6875092930253863,0.7052150197743876,0.41640212374889546,0.11905934373986528,0.2973427800090302,1
885,NN,"{'hidden_layer_sizes': (256, 256), 'activation': 'relu', 'alpha': 0.001, 'learning_rate_init': 0.0005, 'max_iter': 1000, 'early_stopping': False}",freq,True,N/A,[],616,"[[27, 60], [21, 508]]",0.8684893784421714,0.7335123413196878,0.6350367316738016,0.6622077855660922,0.33201840043970543,0.035582208101712975,0.29643619233799245,1
728,SVM,"{'C': 100, 'kernel': 'poly', 'gamma': 'auto'}",pca,False,5,[],616,"[[26, 61], [19, 510]]",0.8701547338054025,0.7599357444317303,0.6313679685710762,0.6605066439821188,0.3306270141635784,0.03512767060513076,0.29549934355844765,1
274,ET,"{'n_estimators': 500, 'max_depth': 10, 'min_samples_split': 10, 'max_features': 0.5}",pca,True,10,[],616,"[[36, 51], [26, 503]]",0.8750458956202465,0.760858462171236,0.6819537374698308,0.7004984649718563,0.4070502762313309,0.11198764860459803,0.29506262762673285,1
292,ET,"{'n_estimators': 500, 'max_depth': 20, 'min_samples_split': 2, 'max_features': 'log2'}",pca,True,15,[],616,"[[41, 46], [36, 493]]",0.8669420403881457,0.7230937233373084,0.7009331783027676,0.7062653667759697,0.41492562214722933,0.12058084385003194,0.2943447782971974,1
546,NN,"{'hidden_layer_sizes': (256, 256), 'activation': 'relu', 'alpha': 0.01, 'learning_rate_init': 0.001, 'max_iter': 1000, 'early_stopping': False}",freq,True,N/A,[],616,"[[28, 59], [22, 507]]",0.8684893784421716,0.7360096270450726,0.6396399062769762,0.6662091608048231,0.3394846254617425,0.045357729624987554,0.29412689583675494,1
204,SVM,"{'C': 100, 'kernel': 'poly', 'gamma': 'scale'}",freq,False,N/A,[],616,"[[26, 61], [22, 507]]",0.8652504589562025,0.7215375830847701,0.628537779891831,0.6537811441982744,0.31542949106194607,0.02134307274839572,0.29408641831355037,1
786,ET,"{'n_estimators': 200, 'max_depth': 5, 'min_samples_split': 10, 'max_features': 'sqrt'}",pca,False,10,[],616,"[[27, 60], [24, 505]]",0.8636506687647522,0.7308013223209016,0.6322065429945563,0.6549883334692131,0.318244830638553,0.025154851427663535,0.2930899792108895,1
927,NN,"{'hidden_layer_sizes': (256, 256), 'activation': 'tanh', 'alpha': 0.001, 'learning_rate_init': 0.001, 'max_iter': 1000, 'early_stopping': False}",freq,True,N/A,[],616,"[[29, 58], [20, 509]]",0.8733543141883032,0.7560302581854306,0.6470912390113278,0.6758979811968505,0.3592542613998722,0.06751286169116959,0.2917413997087026,1
428,SVM,"{'C': 100, 'kernel': 'rbf', 'gamma': 'scale'}",freq,False,N/A,[],616,"[[29, 58], [23, 506]]",0.8684893784421714,0.7285989638634888,0.6442610503320825,0.6697464315321564,0.3455019577101746,0.054162486595268525,0.2913394711149061,1
705,SVM,"{'C': 10, 'kernel': 'poly', 'gamma': 'scale'}",freq,True,N/A,['drugConcentration'],616,"[[29, 58], [23, 506]]",0.8684893784421714,0.7285989638634888,0.6442610503320825,0.6697464315321564,0.3455019577101746,0.054162486595268525,0.2913394711149061,1
111,RF,"{'n_estimators': 300, 'max_depth': None, 'min_samples_split': 2, 'max_features': 'log2'}",pca,True,5,[],616,"[[37, 50], [33, 496]]",0.8653029110936272,0.728209399387375,0.680560752602928,0.6908267481213126,0.38659087999710817,0.09785982910129548,0.2887310508958127,1
113,RF,"{'n_estimators': 300, 'max_depth': 20, 'min_samples_split': 2, 'max_features': 'log2'}",pca,True,5,[],616,"[[37, 50], [33, 496]]",0.8653029110936272,0.728209399387375,0.680560752602928,0.6908267481213126,0.38659087999710817,0.09785982910129548,0.2887310508958127,1
270,RF,"{'n_estimators': 500, 'max_depth': 20, 'min_samples_split': 2, 'max_features': 0.5}",pca,True,5,[],616,"[[37, 50], [32, 497]]",0.8669289273537897,0.7343423992703748,0.6815041488293431,0.6932833877252413,0.3916690961068118,0.10377300844385524,0.28789608766295655,1
954,ET,"{'n_estimators': 500, 'max_depth': 5, 'min_samples_split': 10, 'max_features': 0.5}",pca,True,10,[],616,"[[27, 60], [25, 504]]",0.8620246525045895,0.7173738270289995,0.6312631467681412,0.6529308484021259,0.31347781847090994,0.026412248089468078,0.28706557038144187,1
520,ET,"{'n_estimators': 100, 'max_depth': 10, 'min_samples_split': 5, 'max_features': 'log2'}",pca,False,5,[],616,"[[34, 53], [26, 503]]",0.8717938630999212,0.7434384127035795,0.6705248136990646,0.6904949601060123,0.3866912239637216,0.10068703904008323,0.2860041849236383,1
929,ET,"{'n_estimators': 100, 'max_depth': 10, 'min_samples_split': 5, 'max_features': 'sqrt'}",pca,False,5,[],616,"[[34, 53], [26, 503]]",0.8717938630999212,0.7434384127035795,0.6705248136990646,0.6904949601060123,0.3866912239637216,0.10068703904008323,0.2860041849236383,1
642,RF,"{'n_estimators': 500, 'max_depth': 5, 'min_samples_split': 10, 'max_features': 0.5}",pca,False,10,[],616,"[[43, 44], [27, 502]]",0.884788880146866,0.7743341871283048,0.7202170427919595,0.7250825181882765,0.45789911067926337,0.172241593799859,0.2856575168794043,1
298,SVM,"{'C': 100, 'kernel': 'poly', 'gamma': 'scale'}",freq,True,N/A,[],616,"[[27, 60], [22, 507]]",0.8668633621820089,0.7262720329024677,0.6340933354473866,0.6603893517476583,0.3278469040090205,0.04257322035438082,0.2852736836546397,1
462,SVM,"{'C': 100, 'kernel': 'poly', 'gamma': 'auto'}",freq,True,N/A,[],616,"[[27, 60], [22, 507]]",0.8668633621820089,0.7262720329024677,0.6340933354473866,0.6603893517476583,0.3278469040090205,0.04257322035438082,0.2852736836546397,1
569,ET,"{'n_estimators': 300, 'max_depth': 5, 'min_samples_split': 2, 'max_features': 0.5}",pca,True,15,[],616,"[[30, 57], [25, 504]]",0.8669027012850773,0.7298513045064768,0.648247626094463,0.668952389002283,0.3449096115486433,0.0599399466697536,0.2849696648788897,1
887,RF,"{'n_estimators': 200, 'max_depth': 10, 'min_samples_split': 2, 'max_features': 'sqrt'}",pca,True,5,[],616,"[[38, 49], [32, 497]]",0.8685549436139525,0.737039532651738,0.6867329069992778,0.6960515141004036,0.39757132639884774,0.11380046730071998,0.28377085909812777,1
82,ET,"{'n_estimators': 300, 'max_depth': 5, 'min_samples_split': 5, 'max_features': 0.5}",freq,True,N/A,[],616,"[[25, 62], [20, 509]]",0.866876475216365,0.7328513690826284,0.6248690167891056,0.6517953594485033,0.31285207845535695,0.029442326209241233,0.2834097522461157,1
503,ET,"{'n_estimators': 200, 'max_depth': 5, 'min_samples_split': 5, 'max_features': 0.5}",freq,False,N/A,[],616,"[[25, 62], [20, 509]]",0.866876475216365,0.7328513690826284,0.6248690167891056,0.6517953594485033,0.31285207845535695,0.029442326209241233,0.2834097522461157,1
683,RF,"{'n_estimators': 500, 'max_depth': 5, 'min_samples_split': 2, 'max_features': 0.5}",pca,False,15,[],616,"[[42, 45], [28, 501]]",0.881549960660897,0.7687166892194958,0.7140448883956099,0.7204301105148021,0.4483265818725973,0.16626786747423355,0.2820587143983637,1
7,RF,"{'n_estimators': 200, 'max_depth': None, 'min_samples_split': 2, 'max_features': 'log2'}",pca,True,5,[],616,"[[38, 49], [33, 496]]",0.8669289273537897,0.730596882381654,0.6857895107728625,0.6937137169592886,0.3926683524061229,0.11135170229152141,0.2813166501146015,1
846,RF,"{'n_estimators': 200, 'max_depth': None, 'min_samples_split': 10, 'max_features': 'log2'}",pca,False,5,[],616,"[[41, 46], [29, 500]]",0.8782848151062158,0.7630609380137681,0.7072191392280182,0.7142829688167032,0.436006453701996,0.1547692474199625,0.28123720628203347,1
302,ET,"{'n_estimators': 300, 'max_depth': 20, 'min_samples_split': 2, 'max_features': 'sqrt'}",pca,False,10,[],616,"[[40, 47], [37, 492]]",0.8636768948334644,0.7165696647042742,0.6937806317495552,0.6995058128192684,0.401372441233824,0.12022267610351199,0.281149765130312,1
746,ET,"{'n_estimators': 300, 'max_depth': None, 'min_samples_split': 2, 'max_features': 'sqrt'}",pca,True,10,[],616,"[[40, 47], [37, 492]]",0.8636768948334644,0.7165696647042742,0.6937806317495552,0.6995058128192684,0.401372441233824,0.12022267610351199,0.281149765130312,1
522,ET,"{'n_estimators': 500, 'max_depth': 10, 'min_samples_split': 10, 'max_features': 0.5}",pca,True,20,[],616,"[[38, 49], [27, 502]]",0.8766719118804092,0.7630892387440747,0.6924482497401476,0.7083225413205331,0.4223549675388264,0.14287725277779217,0.2794777147610342,1
754,RF,"{'n_estimators': 200, 'max_depth': 5, 'min_samples_split': 5, 'max_features': 0.5}",pca,True,15,[],616,"[[41, 46], [28, 501]]",0.8799239444007343,0.7656057742019635,0.7078357380688125,0.714038396155922,0.43595034000230887,0.15829751540064463,0.27765282460166424,1
789,NN,"{'hidden_layer_sizes': (128,), 'activation': 'relu', 'alpha': 0.001, 'learning_rate_init': 0.001, 'max_iter': 1000, 'early_stopping': False}",freq,False,N/A,['drugConcentration'],616,"[[26, 61], [25, 504]]",0.8603592971413585,0.729012356509496,0.6260343885982066,0.6486820602454283,0.3066687409280166,0.03268057295471796,0.2739881679732986,1
242,RF,"{'n_estimators': 500, 'max_depth': 20, 'min_samples_split': 10, 'max_features': 'sqrt'}",pca,True,5,[],616,"[[40, 47], [29, 500]]",0.876671911880409,0.7592645331883924,0.7016635836724626,0.7095676327752976,0.42659273599205993,0.15716778852154492,0.26942494747051504,1
427,RF,"{'n_estimators': 500, 'max_depth': None, 'min_samples_split': 10, 'max_features': 'sqrt'}",pca,False,5,[],616,"[[40, 47], [29, 500]]",0.876671911880409,0.7592645331883924,0.7016635836724626,0.7095676327752976,0.42659273599205993,0.15716778852154492,0.26942494747051504,1
930,RF,"{'n_estimators': 500, 'max_depth': 20, 'min_samples_split': 10, 'max_features': 'sqrt'}",pca,False,5,[],616,"[[40, 47], [29, 500]]",0.876671911880409,0.7592645331883924,0.7016635836724626,0.7095676327752976,0.42659273599205993,0.15716778852154492,0.26942494747051504,1
784,ET,"{'n_estimators': 300, 'max_depth': 10, 'min_samples_split': 2, 'max_features': 0.5}",pca,True,15,[],616,"[[37, 50], [30, 499]]",0.8701940729084712,0.7329994371838844,0.6837267233937601,0.6981615411892916,0.4005211946219246,0.13308406028508263,0.26743713433684196,1
788,ET,"{'n_estimators': 300, 'max_depth': 5, 'min_samples_split': 2, 'max_features': 0.5}",freq,True,N/A,[],616,"[[23, 64], [20, 509]]",0.8636244426960399,0.7213722819326268,0.6131043109067527,0.6386210119093734,0.28762009072523437,0.021345085239758404,0.26627500548547595,1
859,ET,"{'n_estimators': 300, 'max_depth': 20, 'min_samples_split': 10, 'max_features': 0.5}",,True,N/A,['drugConcentration'],616,"[[29, 58], [30, 499]]",0.857172829792814,0.6979747786215319,0.6386556383559714,0.656266020155192,0.3175139101618173,0.05820512682159082,0.25930878334022645,1
508,RF,"{'n_estimators': 100, 'max_depth': 5, 'min_samples_split': 5, 'max_features': 'sqrt'}",pca,True,15,[],616,"[[40, 47], [27, 502]]",0.8799239444007345,0.7506816698773291,0.703223578739672,0.7122339605939346,0.4311419401689747,0.1734661691485062,0.2576757710204685,1
123,RF,"{'n_estimators': 300, 'max_depth': 30, 'min_samples_split': 5, 'max_features': 'sqrt'}",pca,False,5,[],616,"[[38, 49], [30, 499]]",0.8718069761342775,0.7362717558865987,0.6886196994521079,0.6970913056513051,0.4009736320395799,0.14777504774626649,0.25319858429331343,1
851,RF,"{'n_estimators': 300, 'max_depth': None, 'min_samples_split': 5, 'max_features': 'log2'}",pca,False,5,[],616,"[[38, 49], [30, 499]]",0.8718069761342775,0.7362717558865987,0.6886196994521079,0.6970913056513051,0.4009736320395799,0.14777504774626649,0.25319858429331343,1
327,ET,"{'n_estimators': 500, 'max_depth': 30, 'min_samples_split': 10, 'max_features': 0.5}",pca,False,5,[],616,"[[38, 49], [27, 502]]",0.8766719118804092,0.7579713970332194,0.6921214523545267,0.7038086870493152,0.41522255827601134,0.16429417545844868,0.2509283828175627,1
740,ET,"{'n_estimators': 300, 'max_depth': None, 'min_samples_split': 10, 'max_features': 'sqrt'}",pca,False,5,[],616,"[[35, 52], [27, 502]]",0.8717938630999214,0.7487693071652026,0.6751279883022392,0.6895786867134996,0.38703838370110333,0.13683714114357676,0.25020124255752657,1
958,RF,"{'n_estimators': 200, 'max_depth': 20, 'min_samples_split': 5, 'max_features': 0.5}",pca,False,5,[],616,"[[37, 50], [29, 500]]",0.8718069761342775,0.7359445466089742,0.6836897274633124,0.6935864581219144,0.394252449334691,0.14600301438150684,0.24824943495318416,1
114,ET,"{'n_estimators': 200, 'max_depth': 5, 'min_samples_split': 2, 'max_features': 'log2'}",pca,True,5,['drugConcentration'],616,"[[26, 61], [26, 503]]",0.8587726199842644,0.7055443325168096,0.6241106002149288,0.6434755908830005,0.2952683957474325,0.05047391867819844,0.24479447706923407,1
186,ET,"{'n_estimators': 100, 'max_depth': 5, 'min_samples_split': 5, 'max_features': 0.5}",freq,True,N/A,[],616,"[[24, 63], [21, 508]]",0.8636244426960399,0.7153300015612609,0.618043267621514,0.6422028462880432,0.2941092213124998,0.05348738851255495,0.24062183279994484,1
829,ET,"{'n_estimators': 100, 'max_depth': 10, 'min_samples_split': 2, 'max_features': 'sqrt'}",pca,False,10,[],616,"[[33, 54], [29, 500]]",0.8652897980592709,0.7192413781863323,0.6617943026267111,0.6794266082958847,0.36346153044478713,0.12292350067591701,0.24053802976887012,1
664,ET,"{'n_estimators': 500, 'max_depth': 20, 'min_samples_split': 2, 'max_features': 'sqrt'}",pca,True,5,[],616,"[[38, 49], [35, 494]]",0.8636768948334644,0.7163970956223012,0.6839027183200324,0.6908501717009586,0.38574818192040145,0.14597677196467346,0.239771409955728,1
971,ET,"{'n_estimators': 500, 'max_depth': 20, 'min_samples_split': 2, 'max_features': 'log2'}",pca,True,5,[],616,"[[38, 49], [35, 494]]",0.8636768948334644,0.7163970956223012,0.6839027183200324,0.6908501717009586,0.38574818192040145,0.14597677196467346,0.239771409955728,1
231,ET,"{'n_estimators': 300, 'max_depth': 10, 'min_samples_split': 5, 'max_features': 0.5}",pca,False,5,[],616,"[[33, 54], [26, 503]]",0.8701678468397589,0.7316176341783466,0.6646424607578881,0.6820538817937475,0.37121834009203997,0.14043202032082178,0.2307863197712182,1
839,ET,"{'n_estimators': 300, 'max_depth': 10, 'min_samples_split': 5, 'max_features': 'sqrt'}",pca,False,5,[],616,"[[33, 54], [26, 503]]",0.8701678468397589,0.7316176341783466,0.6646424607578881,0.6820538817937475,0.37121834009203997,0.14043202032082178,0.2307863197712182,1
392,ET,"{'n_estimators': 300, 'max_depth': 5, 'min_samples_split': 10, 'max_features': 'sqrt'}",pca,False,10,[],616,"[[26, 61], [23, 506]]",0.8636506687647522,0.7536029548978894,0.627267586279795,0.6444842419499481,0.3016936565197598,0.07117960375767338,0.23051405276208645,1
534,NN,"{'hidden_layer_sizes': (64,), 'activation': 'tanh', 'alpha': 0.01, 'learning_rate_init': 0.0001, 'max_iter': 1000, 'early_stopping': False}",freq,False,N/A,[],616,"[[22, 65], [14, 515]]",0.8717414109624967,0.7676856067868557,0.6125555379384457,0.639163010802312,0.29464529920306387,0.06544331961940913,0.22920197958365474,1
564,ET,"{'n_estimators': 100, 'max_depth': 5, 'min_samples_split': 5, 'max_features': 'sqrt'}",pca,False,5,[],616,"[[28, 59], [26, 503]]",0.8620246525045896,0.7102381496104159,0.6358753060972817,0.6522916943362261,0.3136964064506489,0.08859860036020277,0.2250978060904461,1
397,ET,"{'n_estimators': 500, 'max_depth': 5, 'min_samples_split': 2, 'max_features': 'log2'}",pca,False,10,[],616,"[[24, 63], [24, 505]]",0.8587726199842644,0.7113429304705801,0.6145594841710269,0.632328734158178,0.276309135171092,0.05798259937679299,0.21832653579429903,1
220,ET,"{'n_estimators': 200, 'max_depth': 5, 'min_samples_split': 5, 'max_features': 'log2'}",pca,False,5,[],616,"[[26, 61], [26, 503]]",0.8587726199842644,0.7014147643015638,0.6241106002149287,0.641660534625684,0.292606296894063,0.0759774786499094,0.2166288182441536,1
179,SVM,"{'C': 0.1, 'kernel': 'poly', 'gamma': 'scale'}",freq,True,N/A,[],616,"[[23, 64], [18, 511]]",0.8668633621820089,0.7325472531354884,0.6146643059739619,0.6380336330185151,0.2896121792632803,0.07404375508237912,0.2155684241809012,1
444,SVM,"{'C': 0.1, 'kernel': 'poly', 'gamma': 'auto'}",freq,True,N/A,[],616,"[[23, 64], [18, 511]]",0.8668633621820089,0.7325472531354884,0.6146643059739619,0.6380336330185151,0.2896121792632803,0.07404375508237912,0.2155684241809012,1
19,ET,"{'n_estimators': 500, 'max_depth': 5, 'min_samples_split': 10, 'max_features': 'log2'}",freq,False,N/A,[],616,"[[18, 69], [13, 516]]",0.8668633621820089,0.8070295680255575,0.5909499145570178,0.6114973662566677,0.245905111750168,0.031436384459666566,0.21446872729050143,1
390,ET,"{'n_estimators': 100, 'max_depth': 10, 'min_samples_split': 10, 'max_features': 'log2'}",freq,True,N/A,[],616,"[[22, 65], [20, 509]]",0.8620115394702335,0.718291327674761,0.6072219579655762,0.6276634166675216,0.2688531360163136,0.05783865159976736,0.21101448441654624,1
344,ET,"{'n_estimators': 100, 'max_depth': None, 'min_samples_split': 10, 'max_features': 'log2'}",freq,False,N/A,[],616,"[[22, 65], [21, 508]]",0.8603986362444271,0.7126366111733625,0.6062785617391611,0.6258511548552597,0.26482639535718216,0.055999030672517165,0.208827364684665,1
578,ET,"{'n_estimators': 200, 'max_depth': 5, 'min_samples_split': 2, 'max_features': 'log2'}",freq,False,N/A,[],616,"[[16, 71], [11, 518]]",0.866876475216365,0.7842056225318073,0.5814167679650477,0.6017173703981442,0.2277390448774402,0.0209769830220992,0.20676206185534102,1
23,ET,"{'n_estimators': 200, 'max_depth': 5, 'min_samples_split': 2, 'max_features': 'log2'}",pca,True,10,[],616,"[[24, 63], [26, 503]]",0.8555337004982952,0.6906285428444277,0.6126726917181967,0.6291112414525768,0.2685200716957342,0.06320471367102952,0.20531535802470469,1
35,ET,"{'n_estimators': 200, 'max_depth': 10, 'min_samples_split': 10, 'max_features': 'log2'}",freq,True,N/A,[],616,"[[22, 65], [21, 508]]",0.8603855232100708,0.7015196189912876,0.6062785617391612,0.6262351261772842,0.2648711088989314,0.06505910195519006,0.19981200694374135,1
959,ET,"{'n_estimators': 300, 'max_depth': 10, 'min_samples_split': 10, 'max_features': 'log2'}",freq,False,N/A,[],616,"[[22, 65], [21, 508]]",0.8603855232100708,0.7015196189912876,0.6062785617391612,0.6262351261772842,0.2648711088989314,0.06505910195519006,0.19981200694374135,1
318,ET,"{'n_estimators': 500, 'max_depth': 5, 'min_samples_split': 2, 'max_features': 'sqrt'}",freq,False,N/A,[],616,"[[17, 70], [15, 514]]",0.8619984264358773,0.7605818768241045,0.5831807691630112,0.6014484822433249,0.2244165538207163,0.02461848712238231,0.19979806669833397,1
287,ET,"{'n_estimators': 300, 'max_depth': 30, 'min_samples_split': 10, 'max_features': 'log2'}",freq,False,N/A,[],616,"[[21, 66], [21, 508]]",0.8587726199842646,0.7063998280449864,0.6007230061836054,0.6195212732480566,0.25269161849439226,0.06139235968299887,0.19129925881139337,1
300,ET,"{'n_estimators': 300, 'max_depth': None, 'min_samples_split': 10, 'max_features': 'log2'}",freq,True,N/A,[],616,"[[21, 66], [21, 508]]",0.8587726199842646,0.7063998280449864,0.6007230061836054,0.6195212732480566,0.25269161849439226,0.06139235968299887,0.19129925881139337,1
122,ET,"{'n_estimators': 300, 'max_depth': 10, 'min_samples_split': 10, 'max_features': 0.5}",freq,False,N/A,[],616,"[[21, 66], [21, 508]]",0.8587726199842644,0.6951994457445776,0.6007230061836056,0.6195515194936775,0.2522455015866756,0.0625282420024292,0.1897172595842464,1
362,ET,"{'n_estimators': 200, 'max_depth': 10, 'min_samples_split': 10, 'max_features': 0.5}",freq,True,N/A,[],616,"[[21, 66], [21, 508]]",0.8587726199842644,0.6951994457445776,0.6007230061836056,0.6195515194936775,0.2522455015866756,0.0625282420024292,0.1897172595842464,1
395,RF,"{'n_estimators': 500, 'max_depth': 5, 'min_samples_split': 10, 'max_features': 'sqrt'}",freq,False,N/A,[],616,"[[18, 69], [18, 511]]",0.8587595069499081,0.705931227576386,0.5862329334249423,0.6054076909550125,0.22737427322832282,0.03956721389977229,0.18780705932855052,1
933,ET,"{'n_estimators': 300, 'max_depth': 5, 'min_samples_split': 10, 'max_features': 'log2'}",freq,False,N/A,[],616,"[[17, 70], [13, 516]]",0.8652373459218463,0.7979609405745769,0.5850675616158413,0.6025129583342067,0.22978088631340224,0.044996089377908687,0.18478479693549354,1
10,ET,"{'n_estimators': 200, 'max_depth': 5, 'min_samples_split': 5, 'max_features': 'log2'}",freq,True,N/A,[],616,"[[16, 71], [11, 518]]",0.8668633621820089,0.8019163330082302,0.581072001127495,0.5993632456615582,0.22481812538136223,0.04045185015704465,0.1843662752243176,1
1000,ET,"{'n_estimators': 100, 'max_depth': 10, 'min_samples_split': 5, 'max_features': 'log2'}",freq,True,N/A,[],616,"[[18, 69], [20, 509]]",0.8555205874639391,0.6941398564308237,0.584346140972112,0.6020585499572444,0.21968339508258766,0.03663663913272012,0.18304675594986755,1
126,RF,"{'n_estimators': 300, 'max_depth': 5, 'min_samples_split': 10, 'max_features': 0.5}",freq,True,N/A,[],616,"[[19, 68], [20, 509]]",0.8571334906897455,0.7004600296775336,0.5899016965276676,0.6087421566408511,0.23230900239484345,0.04987365803912476,0.18243534435571868,1
185,ET,"{'n_estimators': 200, 'max_depth': 30, 'min_samples_split': 5, 'max_features': 'log2'}",freq,False,N/A,[],616,"[[19, 68], [22, 507]]",0.8538945712037765,0.6780336044926619,0.5880149040748375,0.6055016043383519,0.22430023461832982,0.05047697070335356,0.17382326391497627,1
363,ET,"{'n_estimators': 500, 'max_depth': None, 'min_samples_split': 5, 'max_features': 0.5}",freq,False,N/A,[],616,"[[19, 68], [22, 507]]",0.8538945712037765,0.6780336044926619,0.5880149040748375,0.6055016043383519,0.22430023461832982,0.05047697070335356,0.17382326391497627,1
460,ET,"{'n_estimators': 100, 'max_depth': None, 'min_samples_split': 5, 'max_features': 'log2'}",freq,True,N/A,[],616,"[[19, 68], [22, 507]]",0.8538945712037765,0.6780336044926619,0.5880149040748375,0.6055016043383519,0.22430023461832982,0.05047697070335356,0.17382326391497627,1
741,ET,"{'n_estimators': 500, 'max_depth': 30, 'min_samples_split': 5, 'max_features': 'sqrt'}",freq,False,N/A,[],616,"[[19, 68], [22, 507]]",0.8538945712037765,0.6780336044926619,0.5880149040748375,0.6055016043383519,0.22430023461832982,0.05047697070335356,0.17382326391497627,1
823,ET,"{'n_estimators': 100, 'max_depth': None, 'min_samples_split': 5, 'max_features': 'sqrt'}",freq,False,N/A,[],616,"[[19, 68], [22, 507]]",0.8538945712037765,0.6780336044926619,0.5880149040748375,0.6055016043383519,0.22430023461832982,0.05047697070335356,0.17382326391497627,1
966,ET,"{'n_estimators': 200, 'max_depth': 30, 'min_samples_split': 5, 'max_features': 'sqrt'}",freq,False,N/A,[],616,"[[19, 68], [22, 507]]",0.8538945712037765,0.6780336044926619,0.5880149040748375,0.6055016043383519,0.22430023461832982,0.05047697070335356,0.17382326391497627,1
56,RF,"{'n_estimators': 500, 'max_depth': 30, 'min_samples_split': 10, 'max_features': 0.5}",freq,False,N/A,[],616,"[[18, 69], [20, 509]]",0.855507474429583,0.693017086035242,0.5840193435864911,0.6017743400839934,0.21897754354272192,0.06026780508376835,0.1587097384589536,1
241,RF,"{'n_estimators': 500, 'max_depth': 30, 'min_samples_split': 10, 'max_features': 'sqrt'}",freq,True,N/A,[],616,"[[18, 69], [20, 509]]",0.855507474429583,0.693017086035242,0.5840193435864911,0.6017743400839934,0.21897754354272192,0.06026780508376835,0.1587097384589536,1
656,RF,"{'n_estimators': 500, 'max_depth': None, 'min_samples_split': 10, 'max_features': 'log2'}",freq,False,N/A,[],616,"[[18, 69], [20, 509]]",0.855507474429583,0.693017086035242,0.5840193435864911,0.6017743400839934,0.21897754354272192,0.06026780508376835,0.1587097384589536,1
37,ET,"{'n_estimators': 200, 'max_depth': 30, 'min_samples_split': 5, 'max_features': 0.5}",freq,True,N/A,[],616,"[[18, 69], [21, 508]]",0.8538945712037765,0.6748641162279447,0.5830759473600761,0.5999504887276069,0.21434334628416254,0.05575910102182975,0.15858424526233278,1
102,ET,"{'n_estimators': 200, 'max_depth': 30, 'min_samples_split': 5, 'max_features': 0.5}",freq,False,N/A,[],616,"[[18, 69], [21, 508]]",0.8538945712037765,0.6748641162279447,0.5830759473600761,0.5999504887276069,0.21434334628416254,0.05575910102182975,0.15858424526233278,1
149,ET,"{'n_estimators': 200, 'max_depth': None, 'min_samples_split': 5, 'max_features': 0.5}",freq,False,N/A,[],616,"[[18, 69], [21, 508]]",0.8538945712037765,0.6748641162279447,0.5830759473600761,0.5999504887276069,0.21434334628416254,0.05575910102182975,0.15858424526233278,1
422,ET,"{'n_estimators': 200, 'max_depth': None, 'min_samples_split': 5, 'max_features': 0.5}",freq,True,N/A,[],616,"[[18, 69], [21, 508]]",0.8538945712037765,0.6748641162279447,0.5830759473600761,0.5999504887276069,0.21434334628416254,0.05575910102182975,0.15858424526233278,1
24,RF,"{'n_estimators': 300, 'max_depth': 30, 'min_samples_split': 5, 'max_features': 'sqrt'}",freq,False,N/A,[],616,"[[17, 70], [21, 508]]",0.852268554943614,0.679460596976899,0.5771935944188996,0.5922995902816944,0.2006623093579562,0.04610230330984802,0.15456000604810818,1
415,RF,"{'n_estimators': 300, 'max_depth': 20, 'min_samples_split': 5, 'max_features': 'sqrt'}",freq,False,N/A,[],616,"[[17, 70], [21, 508]]",0.852268554943614,0.679460596976899,0.5771935944188996,0.5922995902816944,0.2006623093579562,0.04610230330984802,0.15456000604810818,1
523,RF,"{'n_estimators': 500, 'max_depth': 20, 'min_samples_split': 5, 'max_features': 'log2'}",freq,False,N/A,[],616,"[[17, 70], [21, 508]]",0.852268554943614,0.679460596976899,0.5771935944188996,0.5922995902816944,0.2006623093579562,0.04610230330984802,0.15456000604810818,1
319,ET,"{'n_estimators': 100, 'max_depth': 10, 'min_samples_split': 5, 'max_features': 'log2'}",freq,True,N/A,['drugConcentration'],616,"[[16, 71], [18, 511]]",0.8555205874639391,0.6878162704362104,0.5748040096541761,0.5910963316876904,0.20018741572992785,0.048129595720770815,0.15205782000915702,1
577,RF,"{'n_estimators': 100, 'max_depth': 5, 'min_samples_split': 5, 'max_features': 'sqrt'}",freq,True,N/A,[],616,"[[17, 70], [17, 512]]",0.8587595069499081,0.6992525900495151,0.5809671793245601,0.5979344299940833,0.21449634663708425,0.06585070231377378,0.14864564432331046,1
44,ET,"{'n_estimators': 100, 'max_depth': 5, 'min_samples_split': 5, 'max_features': 'sqrt'}",pca,False,20,[],616,"[[20, 67], [9, 520]]",0.876658798846053,0.8305489347942864,0.606497190070997,0.631855342697938,0.2869005806628886,0.142669395016817,0.1442311856460716,1
673,RF,"{'n_estimators': 100, 'max_depth': 5, 'min_samples_split': 2, 'max_features': 'log2'}",freq,True,N/A,[],616,"[[16, 71], [17, 512]]",0.8571334906897455,0.6913508174925702,0.5750848263833834,0.5902719420040461,0.20020785311145,0.058545985179555414,0.1416618679318946,1
989,RF,"{'n_estimators': 100, 'max_depth': 5, 'min_samples_split': 2, 'max_features': 'log2'}",freq,False,N/A,[],616,"[[16, 71], [17, 512]]",0.8571334906897455,0.6913508174925702,0.5750848263833834,0.5902719420040461,0.20020785311145,0.058545985179555414,0.1416618679318946,1
108,RF,"{'n_estimators': 200, 'max_depth': 20, 'min_samples_split': 10, 'max_features': 0.5}",freq,True,N/A,[],616,"[[17, 70], [18, 511]]",0.8571334906897455,0.6924772749691153,0.5800237830981448,0.5966594510736082,0.2110448820133799,0.07062678316242998,0.1404180988509499,1
161,RF,"{'n_estimators': 100, 'max_depth': 30, 'min_samples_split': 10, 'max_features': 'log2'}",freq,False,N/A,[],616,"[[17, 70], [18, 511]]",0.8571334906897455,0.6924772749691153,0.5800237830981448,0.5966594510736082,0.2110448820133799,0.07062678316242998,0.1404180988509499,1
214,RF,"{'n_estimators': 300, 'max_depth': 20, 'min_samples_split': 10, 'max_features': 0.5}",freq,False,N/A,[],616,"[[17, 70], [18, 511]]",0.8571334906897455,0.6924772749691153,0.5800237830981448,0.5966594510736082,0.2110448820133799,0.07062678316242998,0.1404180988509499,1
420,RF,"{'n_estimators': 100, 'max_depth': None, 'min_samples_split': 10, 'max_features': 'sqrt'}",freq,True,N/A,[],616,"[[17, 70], [18, 511]]",0.8571334906897455,0.6924772749691153,0.5800237830981448,0.5966594510736082,0.2110448820133799,0.07062678316242998,0.1404180988509499,1
648,RF,"{'n_estimators': 100, 'max_depth': 10, 'min_samples_split': 10, 'max_features': 0.5}",freq,True,N/A,[],616,"[[17, 70], [18, 511]]",0.8571334906897455,0.6924772749691153,0.5800237830981448,0.5966594510736082,0.2110448820133799,0.07062678316242998,0.1404180988509499,1
651,RF,"{'n_estimators': 300, 'max_depth': 30, 'min_samples_split': 10, 'max_features': 'log2'}",freq,False,N/A,[],616,"[[17, 70], [18, 511]]",0.8571334906897455,0.6924772749691153,0.5800237830981448,0.5966594510736082,0.2110448820133799,0.07062678316242998,0.1404180988509499,1
886,RF,"{'n_estimators': 100, 'max_depth': None, 'min_samples_split': 10, 'max_features': 'sqrt'}",freq,False,N/A,[],616,"[[17, 70], [18, 511]]",0.8571334906897455,0.6924772749691153,0.5800237830981448,0.5966594510736082,0.2110448820133799,0.07062678316242998,0.1404180988509499,1
811,ET,"{'n_estimators': 500, 'max_depth': 10, 'min_samples_split': 2, 'max_features': 'log2'}",freq,True,N/A,[],616,"[[17, 70], [21, 508]]",0.8522685549436139,0.6699047400738187,0.5771935944188997,0.5934793667356689,0.20173624016932915,0.06463664786113692,0.13709959230819224,1
620,RF,"{'n_estimators': 100, 'max_depth': 20, 'min_samples_split': 5, 'max_features': 0.5}",freq,True,N/A,[],616,"[[16, 71], [19, 510]]",0.8538945712037765,0.678920785910772,0.5731980339305534,0.5871847012713092,0.1927296478286142,0.05648698463800553,0.13624266319060868,1
779,RF,"{'n_estimators': 100, 'max_depth': 20, 'min_samples_split': 5, 'max_features': 'sqrt'}",freq,True,N/A,[],616,"[[16, 71], [19, 510]]",0.8538945712037765,0.678920785910772,0.5731980339305534,0.5871847012713092,0.1927296478286142,0.05648698463800553,0.13624266319060868,1
696,RF,"{'n_estimators': 200, 'max_depth': 5, 'min_samples_split': 2, 'max_features': 'log2'}",freq,True,N/A,[],616,"[[16, 71], [18, 511]]",0.855507474429583,0.6845755024121705,0.5741414301569684,0.588996963083571,0.19675638848774565,0.0630937986290322,0.13366258985871346,1
446,RF,"{'n_estimators': 300, 'max_depth': 5, 'min_samples_split': 5, 'max_features': 0.5}",freq,True,N/A,[],616,"[[16, 71], [19, 510]]",0.8538945712037765,0.6812846752982548,0.5735248313161743,0.5887623770720305,0.19519417732245262,0.06260853504417305,0.13258564227827957,1
60,RF,"{'n_estimators': 500, 'max_depth': None, 'min_samples_split': 10, 'max_features': 0.5}",freq,True,N/A,[],616,"[[17, 70], [19, 510]]",0.855507474429583,0.6876048485449647,0.5790803868717298,0.5954459837556371,0.20781978463470843,0.07538799369453607,0.13243179094017238,1
176,RF,"{'n_estimators': 200, 'max_depth': 30, 'min_samples_split': 5, 'max_features': 0.5}",freq,True,N/A,[],616,"[[16, 71], [19, 510]]",0.8538945712037765,0.6786014827076533,0.5732070186565192,0.5875279478513866,0.1930816684239479,0.06253656698467484,0.13054510143927306,1
967,RF,"{'n_estimators': 200, 'max_depth': None, 'min_samples_split': 5, 'max_features': 0.5}",freq,True,N/A,[],616,"[[16, 71], [19, 510]]",0.8538945712037765,0.6786014827076533,0.5732070186565192,0.5875279478513866,0.1930816684239479,0.06253656698467484,0.13054510143927306,1
36,ET,"{'n_estimators': 100, 'max_depth': 5, 'min_samples_split': 10, 'max_features': 'sqrt'}",freq,False,N/A,[],616,"[[11, 76], [5, 524]]",0.8685024914765277,0.8545352000804339,0.5583189753888977,0.5688282022922303,0.17567334206933555,0.047405521580712456,0.1282678204886231,1
18,RF,"{'n_estimators': 300, 'max_depth': 30, 'min_samples_split': 5, 'max_features': 0.5}",freq,True,N/A,[],616,"[[16, 71], [20, 509]]",0.852268554943614,0.6740483594866215,0.5722546377041382,0.585971233953338,0.18950455044994274,0.061382812736063955,0.1281217377138788,1
858,SVM,"{'C': 0.1, 'kernel': 'poly', 'gamma': 'scale'}",pca,True,20,[],616,"[[15, 72], [6, 523]]",0.8734198793600839,0.8212208897637039,0.5809319451050861,0.6013238511786654,0.23249704525399834,0.11825862891710748,0.11423841633689086,1
324,SVM,"{'C': 10, 'kernel': 'rbf', 'gamma': 'auto'}",,False,N/A,['drugConcentration'],616,"[[10, 77], [4, 525]]",0.86852871754524,0.8193801652892562,0.5537427549636206,0.5634229804223382,0.16595151445378464,0.06810009068068908,0.09785142377309557,1
1,ET,"{'n_estimators': 500, 'max_depth': 10, 'min_samples_split': 2, 'max_features': 0.5}",freq,True,N/A,[],616,"[[16, 71], [21, 508]]",0.8506556517178077,0.6574284987141705,0.5713202262036889,0.5855066812314795,0.18667033035063577,0.09560873475219049,0.09106159559844527,1
109,RF,"{'n_estimators': 200, 'max_depth': None, 'min_samples_split': 2, 'max_features': 0.5}",freq,True,N/A,[],616,"[[17, 70], [24, 505]]",0.8473905061631262,0.6451124330888396,0.5740276236280676,0.5869572413021429,0.18750334289052895,0.09689522428193477,0.09060811860859418,1
158,RF,"{'n_estimators': 200, 'max_depth': 20, 'min_samples_split': 2, 'max_features': 0.5}",freq,False,N/A,[],616,"[[17, 70], [24, 505]]",0.8473905061631262,0.6451124330888396,0.5740276236280676,0.5869572413021429,0.18750334289052895,0.09689522428193477,0.09060811860859418,1
268,RF,"{'n_estimators': 100, 'max_depth': 10, 'min_samples_split': 2, 'max_features': 0.5}",freq,False,N/A,[],616,"[[17, 70], [24, 505]]",0.8473905061631262,0.6451124330888396,0.5740276236280676,0.5869572413021429,0.18750334289052895,0.09689522428193477,0.09060811860859418,1
558,RF,"{'n_estimators': 200, 'max_depth': 10, 'min_samples_split': 2, 'max_features': 'sqrt'}",freq,True,N/A,[],616,"[[16, 71], [24, 505]]",0.8457776029373196,0.6387864732617357,0.568472068072512,0.5804571183314315,0.175127967147544,0.08742542922412858,0.08770253792341542,1
76,RF,"{'n_estimators': 500, 'max_depth': 5, 'min_samples_split': 2, 'max_features': 'log2'}",freq,True,N/A,[],616,"[[14, 73], [19, 510]]",0.8506425386834513,0.6607339616440928,0.5617601254338214,0.5727208432395041,0.16538792403263272,0.07831140762660951,0.08707651640602321,1
464,RF,"{'n_estimators': 500, 'max_depth': 5, 'min_samples_split': 2, 'max_features': 'sqrt'}",freq,True,N/A,[],616,"[[14, 73], [19, 510]]",0.8506425386834513,0.6607339616440928,0.5617601254338214,0.5727208432395041,0.16538792403263272,0.07831140762660951,0.08707651640602321,1
356,ET,"{'n_estimators': 500, 'max_depth': None, 'min_samples_split': 2, 'max_features': 'log2'}",freq,False,N/A,[],616,"[[17, 70], [27, 502]]",0.8425124573826384,0.6316991476492966,0.5711794654968906,0.582281047152096,0.17698419604465715,0.09319494823095253,0.08378924781370461,1
187,ET,"{'n_estimators': 200, 'max_depth': 20, 'min_samples_split': 2, 'max_features': 0.5}",freq,False,N/A,[],616,"[[17, 70], [26, 503]]",0.8441384736428009,0.6324043320111732,0.5721408311752374,0.5838963180981807,0.18006771779496805,0.09681430944314667,0.08325340835182138,1
750,ET,"{'n_estimators': 200, 'max_depth': 20, 'min_samples_split': 2, 'max_features': 0.5}",freq,True,N/A,[],616,"[[17, 70], [26, 503]]",0.8441384736428009,0.6324043320111732,0.5721408311752374,0.5838963180981807,0.18006771779496805,0.09681430944314667,0.08325340835182138,1
870,ET,"{'n_estimators': 100, 'max_depth': 20, 'min_samples_split': 2, 'max_features': 'sqrt'}",freq,False,N/A,[],616,"[[17, 70], [26, 503]]",0.8441384736428009,0.6324043320111732,0.5721408311752374,0.5838963180981807,0.18006771779496805,0.09681430944314667,0.08325340835182138,1
640,ET,"{'n_estimators': 200, 'max_depth': 5, 'min_samples_split': 10, 'max_features': 'sqrt'}",,True,N/A,"['relationExtrusionWeight', 'drugConcentration']",518,"[[17, 70], [8, 423]]",0.8493651979088872,0.8020878510030514,0.5874297005623955,0.5992441437156605,0.23326887266043866,0.15008315641990727,0.0831857162405314,1
55,ET,"{'n_estimators': 200, 'max_depth': None, 'min_samples_split': 2, 'max_features': 0.5}",freq,False,N/A,[],616,"[[17, 70], [27, 502]]",0.8425124573826384,0.6290927336995749,0.5711884502228565,0.5823128666797704,0.17664114725594307,0.09473873387441321,0.08190241338152986,1
250,ET,"{'n_estimators': 100, 'max_depth': None, 'min_samples_split': 2, 'max_features': 0.5}",freq,False,N/A,[],616,"[[17, 70], [27, 502]]",0.8425124573826384,0.6290927336995749,0.5711884502228565,0.5823128666797704,0.17664114725594307,0.09473873387441321,0.08190241338152986,1
657,ET,"{'n_estimators': 100, 'max_depth': 30, 'min_samples_split': 2, 'max_features': 0.5}",freq,True,N/A,[],616,"[[17, 70], [27, 502]]",0.8425124573826384,0.6290927336995749,0.5711884502228565,0.5823128666797704,0.17664114725594307,0.09473873387441321,0.08190241338152986,1
946,ET,"{'n_estimators': 100, 'max_depth': 30, 'min_samples_split': 2, 'max_features': 'log2'}",freq,True,N/A,[],616,"[[17, 70], [28, 501]]",0.8408864411224757,0.6262370572659168,0.5702360692704755,0.5807918701923309,0.17338830144704345,0.09319286719474054,0.08019543425230291,1
70,ET,"{'n_estimators': 500, 'max_depth': 20, 'min_samples_split': 2, 'max_features': 'sqrt'}",freq,False,N/A,[],616,"[[16, 71], [25, 504]]",0.8441384736428009,0.6317751038032344,0.5675286718460969,0.5792202085255848,0.17176259645219663,0.09183409882905921,0.07992849762313742,1
177,RF,"{'n_estimators': 500, 'max_depth': 10, 'min_samples_split': 2, 'max_features': 'log2'}",freq,True,N/A,[],616,"[[14, 73], [23, 506]]",0.8441515866771571,0.6290069569032719,0.5583133379137818,0.5690162253836893,0.15376848611955468,0.08053575726485007,0.07323272885470461,1
87,RF,"{'n_estimators': 500, 'max_depth': None, 'min_samples_split': 2, 'max_features': 'sqrt'}",freq,True,N/A,[],616,"[[15, 72], [23, 506]]",0.8457644899029637,0.6353329167303758,0.5638688934693373,0.5755163483544006,0.16614386186253965,0.09359567414490495,0.0725481877176347,1
276,RF,"{'n_estimators': 300, 'max_depth': 20, 'min_samples_split': 2, 'max_features': 0.5}",freq,False,N/A,[],616,"[[15, 72], [23, 506]]",0.8457644899029637,0.6353329167303758,0.5638688934693373,0.5755163483544006,0.16614386186253965,0.09359567414490495,0.0725481877176347,1
561,RF,"{'n_estimators': 300, 'max_depth': 10, 'min_samples_split': 2, 'max_features': 0.5}",freq,False,N/A,[],616,"[[15, 72], [23, 506]]",0.8457644899029637,0.6353329167303758,0.5638688934693373,0.5755163483544006,0.16614386186253965,0.09359567414490495,0.0725481877176347,1
938,RF,"{'n_estimators': 500, 'max_depth': 30, 'min_samples_split': 2, 'max_features': 'log2'}",freq,True,N/A,[],616,"[[15, 72], [23, 506]]",0.8457644899029637,0.6353329167303758,0.5638688934693373,0.5755163483544006,0.16614386186253965,0.09359567414490495,0.0725481877176347,1
581,RF,"{'n_estimators': 100, 'max_depth': 20, 'min_samples_split': 2, 'max_features': 0.5}",freq,True,N/A,[],616,"[[15, 72], [25, 504]]",0.8425124573826384,0.6246371311564122,0.5619731162905414,0.572648249293177,0.1591901224140076,0.09339214266929682,0.06579797974471077,1
662,RF,"{'n_estimators': 100, 'max_depth': None, 'min_samples_split': 2, 'max_features': 'log2'}",freq,False,N/A,[],616,"[[15, 72], [25, 504]]",0.8425124573826384,0.6246371311564122,0.5619731162905414,0.572648249293177,0.1591901224140076,0.09339214266929682,0.06579797974471077,1
246,ET,"{'n_estimators': 300, 'max_depth': 5, 'min_samples_split': 10, 'max_features': 'sqrt'}",,False,N/A,"['relationExtrusionWeight', 'drugConcentration']",518,"[[16, 71], [7, 424]]",0.8493651979088872,0.8014211843363845,0.5830369357045144,0.5911652768035747,0.22144155506514815,0.16000445153234955,0.061437103532798604,1
441,ET,"{'n_estimators': 200, 'max_depth': 5, 'min_samples_split': 2, 'max_features': 'sqrt'}",pca,False,15,[],616,"[[11, 76], [11, 518]]",0.8587857330186205,0.6416846951273282,0.5520050032591652,0.5534938021558906,0.141478572856682,0.11122421490448405,0.030254357952197955,1
769,SVM,"{'C': 1, 'kernel': 'poly', 'gamma': 'auto'}",pca,False,5,['drugConcentration'],616,"[[4, 83], [69, 460]]",0.7533831628638866,0.4507699780618526,0.4577185842890616,0.4520070402631878,-0.07798763420374918,0.07106075298184211,-0.1490483871855913,1
361,SVM,"{'C': 100, 'kernel': 'linear', 'gamma': 'scale'}",freq,False,N/A,['relationExtrusionWeight'],518,"[[42, 45], [250, 181]]",0.42925690814040324,0.4686615595536284,0.45050552699026686,0.37881760821652133,0.11219830894197788,0.36710860213788105,-0.2549102931959032,1
17,SVM,"{'C': 0.1, 'kernel': 'linear', 'gamma': 'auto'}",,True,N/A,['drugConcentration'],616,"[[0, 87], [0, 529]]",0.8587726199842644,0.4293863099921322,0.5,0.46200843384329443,,,,0
27,SVM,"{'C': 1, 'kernel': 'rbf', 'gamma': 'auto'}",pca,False,20,[],616,"[[0, 87], [0, 529]]",0.8587726199842644,0.4293863099921322,0.5,0.46200843384329443,,,,0
99,SVM,"{'C': 10, 'kernel': 'poly', 'gamma': 'auto'}",,False,N/A,['relationExtrusionWeight'],518,"[[28, 59], [171, 260]]",0.5557879014189694,0.47233523001133,0.4660510715914272,0.35429732626292243,,,,0
135,SVM,"{'C': 100, 'kernel': 'poly', 'gamma': 'auto'}",freq,False,N/A,['relationExtrusionWeight'],518,"[[58, 29], [338, 93]]",0.2910380881254667,0.31820883090078134,0.4420997321676599,0.23598511665049027,,,,0
146,SVM,"{'C': 1, 'kernel': 'poly', 'gamma': 'auto'}",pca,False,20,[],616,"[[0, 87], [0, 529]]",0.8587726199842644,0.4293863099921322,0.5,0.46200843384329443,,,,0
178,NN,"{'hidden_layer_sizes': (64, 64), 'activation': 'relu', 'alpha': 0.01, 'learning_rate_init': 0.001, 'max_iter': 1000, 'early_stopping': False}",,False,N/A,"['relationExtrusionWeight', 'drugConcentration']",518,"[[0, 87], [0, 431]]",0.8320575056011948,0.4160287528005974,0.5,0.4541626900293199,,,,0
196,SVM,"{'C': 0.1, 'kernel': 'rbf', 'gamma': 'auto'}",freq,False,N/A,[],616,"[[0, 87], [0, 529]]",0.8587726199842644,0.4293863099921322,0.5,0.46200843384329443,,,,0
219,NN,"{'hidden_layer_sizes': (64, 64), 'activation': 'relu', 'alpha': 0.0001, 'learning_rate_init': 0.0005, 'max_iter': 1000, 'early_stopping': False}",,False,N/A,['drugConcentration'],616,"[[0, 87], [0, 529]]",0.8587726199842644,0.4293863099921322,0.5,0.46200843384329443,,,,0
232,SVM,"{'C': 10, 'kernel': 'rbf', 'gamma': 'scale'}",,False,N/A,['drugConcentration'],616,"[[0, 87], [0, 529]]",0.8587726199842644,0.4293863099921322,0.5,0.46200843384329443,,,,0
257,NN,"{'hidden_layer_sizes': (128,), 'activation': 'tanh', 'alpha': 0.001, 'learning_rate_init': 0.001, 'max_iter': 1000, 'early_stopping': False}",freq,False,N/A,"['relationExtrusionWeight', 'drugConcentration']",518,"[[0, 87], [0, 431]]",0.8320575056011948,0.4160287528005974,0.5,0.4541626900293199,,,,0
289,SVM,"{'C': 0.1, 'kernel': 'rbf', 'gamma': 'auto'}",pca,False,5,[],616,"[[0, 87], [0, 529]]",0.8587726199842644,0.4293863099921322,0.5,0.46200843384329443,,,,0
290,SVM,"{'C': 100, 'kernel': 'poly', 'gamma': 'auto'}",pca,False,15,[],616,"[[0, 87], [0, 529]]",0.8587726199842644,0.4293863099921322,0.5,0.46200843384329443,,,,0
291,SVM,"{'C': 0.1, 'kernel': 'linear', 'gamma': 'scale'}",,False,N/A,['relationExtrusionWeight'],518,"[[37, 50], [171, 260]]",0.5717699775952203,0.4968620147967974,0.5158686730506157,0.3969253459509436,,,,0
334,SVM,"{'C': 0.1, 'kernel': 'poly', 'gamma': 'auto'}",freq,False,N/A,[],616,"[[0, 87], [0, 529]]",0.8587726199842644,0.4293863099921322,0.5,0.46200843384329443,,,,0
360,SVM,"{'C': 10, 'kernel': 'poly', 'gamma': 'auto'}",,True,N/A,"['relationExtrusionWeight', 'drugConcentration']",518,"[[11, 76], [6, 425]]",0.841598207617625,0.6300159653756916,0.5551147590819273,0.5450498839680125,,,,0
373,SVM,"{'C': 0.1, 'kernel': 'linear', 'gamma': 'scale'}",freq,False,N/A,[],616,"[[0, 87], [0, 529]]",0.8587726199842644,0.4293863099921322,0.5,0.46200843384329443,,,,0
389,SVM,"{'C': 1, 'kernel': 'rbf', 'gamma': 'auto'}",pca,False,15,[],616,"[[12, 75], [11, 518]]",0.8603986362444269,0.5417548097081929,0.558196184134031,0.5445111114539509,,,,0
404,NN,"{'hidden_layer_sizes': (64, 64), 'activation': 'relu', 'alpha': 0.01, 'learning_rate_init': 0.0001, 'max_iter': 1000, 'early_stopping': False}",,False,N/A,['drugConcentration'],616,"[[0, 87], [0, 529]]",0.8587726199842644,0.4293863099921322,0.5,0.46200843384329443,,,,0
406,SVM,"{'C': 0.1, 'kernel': 'poly', 'gamma': 'auto'}",pca,False,5,[],616,"[[0, 87], [0, 529]]",0.8587726199842644,0.4293863099921322,0.5,0.46200843384329443,,,,0
456,SVM,"{'C': 10, 'kernel': 'poly', 'gamma': 'scale'}",,True,N/A,"['relationExtrusionWeight', 'drugConcentration']",518,"[[11, 76], [6, 425]]",0.841598207617625,0.6300159653756916,0.5551147590819273,0.5450498839680125,,,,0
507,SVM,"{'C': 1, 'kernel': 'poly', 'gamma': 'auto'}",freq,False,N/A,[],616,"[[0, 87], [0, 529]]",0.8587726199842644,0.4293863099921322,0.5,0.46200843384329443,,,,0
557,SVM,"{'C': 0.1, 'kernel': 'linear', 'gamma': 'auto'}",pca,False,20,[],616,"[[0, 87], [0, 529]]",0.8587726199842644,0.4293863099921322,0.5,0.46200843384329443,,,,0
628,NN,"{'hidden_layer_sizes': (128, 128), 'activation': 'tanh', 'alpha': 0.001, 'learning_rate_init': 0.001, 'max_iter': 1000, 'early_stopping': False}",pca,False,10,['relationExtrusionWeight'],518,"[[0, 87], [0, 431]]",0.8320575056011948,0.4160287528005974,0.5,0.4541626900293199,,,,0
649,SVM,"{'C': 100, 'kernel': 'poly', 'gamma': 'auto'}",freq,False,N/A,[],616,"[[0, 87], [0, 529]]",0.8587726199842644,0.4293863099921322,0.5,0.46200843384329443,,,,0
650,ET,"{'n_estimators': 200, 'max_depth': 5, 'min_samples_split': 10, 'max_features': 'log2'}",pca,False,15,[],616,"[[12, 75], [10, 519]]",0.8620377655389457,0.6591877903079888,0.5588307524267568,0.5638479831889379,,,,0
654,NN,"{'hidden_layer_sizes': (128,), 'activation': 'relu', 'alpha': 0.01, 'learning_rate_init': 0.001, 'max_iter': 1000, 'early_stopping': False}",,False,N/A,['relationExtrusionWeight'],518,"[[1, 86], [0, 431]]",0.8339805825242719,0.5168315907393577,0.5055555555555555,0.4651679810346109,,,,0
665,SVM,"{'C': 0.1, 'kernel': 'rbf', 'gamma': 'scale'}",pca,True,20,[],616,"[[0, 87], [0, 529]]",0.8587726199842644,0.4293863099921322,0.5,0.46200843384329443,,,,0
