iteration,model,hp,dim_method,do_scale,filter_low_temp,n_pca,other_cols,dataset_size,mae,rmse,r2,r2_std,score
751,SVM,"{'C': 10, 'kernel': 'poly', 'gamma': 'scale', 'epsilon': 0.01}",,True,False,N/A,['drugConcentration'],297,25.38581794232191,33.411253233740354,-1.0189296634571028,0.06816067926612356,-1.0870903427232264
952,SVM,"{'C': 0.1, 'kernel': 'rbf', 'gamma': 'scale', 'epsilon': 0.1}",freq,True,True,N/A,[],203,17.72904050101404,20.140980364298326,-0.7380718112598185,0.8596015884332758,-1.5976733996930943
647,SVM,"{'C': 10, 'kernel': 'rbf', 'gamma': 'scale', 'epsilon': 1.0}",freq,True,True,N/A,[],203,19.286550101991807,21.076497906390077,-0.9994176579945221,1.0169420288719289,-2.016359686866451
212,SVM,"{'C': 10, 'kernel': 'rbf', 'gamma': 'auto', 'epsilon': 1.0}",freq,True,True,N/A,[],203,19.130929216093367,20.8502891036438,-0.9838477222878642,1.0467537641322995,-2.0306014864201636
680,ET,"{'n_estimators': 200, 'max_depth': None, 'min_samples_split': 5, 'max_features': 'log2'}",,False,True,N/A,['relationExtrusionWeight'],193,21.24760921196421,23.182978264048586,-1.5647331610291646,0.8811752870243185,-2.445908448053483
204,NN,"{'hidden_layer_sizes': (256,), 'activation': 'relu', 'alpha': 0.0001, 'learning_rate_init': 0.0005, 'max_iter': 1000, 'early_stopping': False}",freq,False,True,N/A,[],203,20.63020667125838,22.577967590713282,-1.1871618488902866,1.2867902085243088,-2.4739520574145955
417,RF,"{'n_estimators': 200, 'max_depth': 30, 'min_samples_split': 5, 'max_features': 0.5}",,False,True,N/A,['relationExtrusionWeight'],193,21.254787705277888,23.195368480985632,-1.5755861406158138,0.9076688064900902,-2.483254947105904
796,ET,"{'n_estimators': 100, 'max_depth': 5, 'min_samples_split': 10, 'max_features': 'sqrt'}",,False,True,N/A,['relationExtrusionWeight'],193,21.210361215375173,23.162581499316545,-1.5853128725523773,0.9373928103477343,-2.5227056829001118
939,NN,"{'hidden_layer_sizes': (64,), 'activation': 'tanh', 'alpha': 0.0001, 'learning_rate_init': 0.0001, 'max_iter': 1000, 'early_stopping': False}",freq,True,False,N/A,[],297,24.398905001014537,30.20925884073446,-1.25863153184323,1.315326274484551,-2.573957806327781
987,NN,"{'hidden_layer_sizes': (64,), 'activation': 'tanh', 'alpha': 0.01, 'learning_rate_init': 0.0001, 'max_iter': 1000, 'early_stopping': False}",freq,True,False,N/A,[],297,24.408626302568425,30.22129562699074,-1.2624790432822162,1.3202078885008846,-2.5826869317831007
561,NN,"{'hidden_layer_sizes': (64,), 'activation': 'tanh', 'alpha': 0.001, 'learning_rate_init': 0.001, 'max_iter': 1000, 'early_stopping': False}",freq,True,False,N/A,[],297,23.949077908016374,29.61408711100331,-1.2368263077112376,1.4102278213840334,-2.647054129095271
81,SVM,"{'C': 0.1, 'kernel': 'poly', 'gamma': 'scale', 'epsilon': 0.1}",pca,False,True,5,[],203,21.545022556946396,24.54293149082282,-1.6069504650318323,1.077919057090979,-2.684869522122811
620,NN,"{'hidden_layer_sizes': (128,), 'activation': 'relu', 'alpha': 0.001, 'learning_rate_init': 0.001, 'max_iter': 1000, 'early_stopping': False}",freq,False,True,N/A,[],203,18.647930802273596,21.276465756853455,-1.1259465743991408,1.624216218517857,-2.750162792916998
292,SVM,"{'C': 1, 'kernel': 'poly', 'gamma': 'scale', 'epsilon': 1.0}",freq,True,True,N/A,[],203,24.120736415664197,29.49387174197379,-2.351760073212159,0.4401374181848951,-2.7918974913970542
605,SVM,"{'C': 1, 'kernel': 'poly', 'gamma': 'auto', 'epsilon': 1.0}",freq,True,True,N/A,[],203,22.156581770998255,25.494821414597777,-1.7595955089253572,1.0849373200009955,-2.8445328289263525
21,RF,"{'n_estimators': 300, 'max_depth': 5, 'min_samples_split': 10, 'max_features': 0.5}",freq,True,False,N/A,[],297,22.125544964187963,28.700779689079543,-1.310802884092156,1.6333483340622459,-2.944151218154402
588,RF,"{'n_estimators': 300, 'max_depth': None, 'min_samples_split': 10, 'max_features': 0.5}",freq,True,False,N/A,"['printerBrandType', 'relationExtrusionWeight']",262,21.177206556722776,26.0859749686143,-1.3645731852880534,1.5905042187078402,-2.955077403995894
856,NN,"{'hidden_layer_sizes': (256, 256), 'activation': 'relu', 'alpha': 0.01, 'learning_rate_init': 0.0005, 'max_iter': 1000, 'early_stopping': False}",,True,True,N/A,['drugConcentration'],203,21.96061269970133,25.249997544049947,-1.8014958327519632,1.2299780018138033,-3.031473834565767
920,RF,"{'n_estimators': 200, 'max_depth': 30, 'min_samples_split': 10, 'max_features': 'log2'}",freq,True,False,N/A,[],297,22.10585806017842,28.807733817980033,-1.3505419009430149,1.684411120342863,-3.0349530212858777
492,ET,"{'n_estimators': 100, 'max_depth': 5, 'min_samples_split': 2, 'max_features': 'log2'}",pca,True,True,20,[],203,20.443697621584995,22.1532547265203,-1.4119642058863053,1.6473080348924227,-3.059272240778728
860,RF,"{'n_estimators': 500, 'max_depth': 20, 'min_samples_split': 10, 'max_features': 'log2'}",freq,True,False,N/A,[],297,22.230127342034336,28.83577544552637,-1.3613817549858467,1.7000587924974186,-3.061440547483265
145,RF,"{'n_estimators': 500, 'max_depth': None, 'min_samples_split': 10, 'max_features': 'sqrt'}",freq,True,False,N/A,[],297,22.230127342034336,28.83577544552637,-1.3613817549858467,1.7000587924974186,-3.061440547483265
863,NN,"{'hidden_layer_sizes': (64,), 'activation': 'tanh', 'alpha': 0.001, 'learning_rate_init': 0.001, 'max_iter': 1000, 'early_stopping': False}",freq,False,True,N/A,[],203,22.25201296401481,24.85694022328997,-1.7617590842641022,1.3273637002226466,-3.089122784486749
322,RF,"{'n_estimators': 500, 'max_depth': 30, 'min_samples_split': 10, 'max_features': 'log2'}",freq,False,False,N/A,[],297,22.346468753558025,28.92755413189802,-1.3972083049069484,1.7524008719002209,-3.1496091768071692
845,SVM,"{'C': 0.1, 'kernel': 'poly', 'gamma': 'auto', 'epsilon': 1.0}",pca,False,True,15,[],203,21.93858713657475,25.188138082365413,-1.8149267022514388,1.3434570932663763,-3.158383795517815
626,RF,"{'n_estimators': 300, 'max_depth': 20, 'min_samples_split': 10, 'max_features': 'log2'}",freq,False,False,N/A,[],297,22.376438994716853,28.971361453470223,-1.4113313038289874,1.7708594162521796,-3.182190720081167
112,ET,"{'n_estimators': 100, 'max_depth': 5, 'min_samples_split': 5, 'max_features': 'log2'}",pca,False,True,20,[],203,20.608459892979504,22.340274139928386,-1.4635746283642834,1.725412851979832,-3.1889874803441156
11,RF,"{'n_estimators': 300, 'max_depth': 5, 'min_samples_split': 5, 'max_features': 'sqrt'}",,True,True,N/A,['drugConcentration'],203,21.644924464908275,25.368256053641186,-1.8614875888663684,1.3448020280219042,-3.206289616888273
128,NN,"{'hidden_layer_sizes': (128,), 'activation': 'tanh', 'alpha': 0.001, 'learning_rate_init': 0.0005, 'max_iter': 1000, 'early_stopping': False}",freq,False,False,N/A,['printerBrandType'],262,23.274176807065544,29.747471813742198,-1.6150315891550504,1.612985892127934,-3.2280174812829845
403,NN,"{'hidden_layer_sizes': (128, 128), 'activation': 'tanh', 'alpha': 0.01, 'learning_rate_init': 0.0005, 'max_iter': 1000, 'early_stopping': False}",freq,False,False,N/A,[],297,25.65702776803893,29.323717593248332,-1.3936430815689906,1.8843649777454248,-3.2780080593144154
583,SVM,"{'C': 0.1, 'kernel': 'linear', 'gamma': 'scale', 'epsilon': 0.01}",pca,False,True,5,[],203,22.077801878534476,25.513616621665424,-1.9041359311761041,1.3800441152477076,-3.2841800464238116
783,SVM,"{'C': 0.1, 'kernel': 'linear', 'gamma': 'scale', 'epsilon': 0.5}",freq,False,True,N/A,[],203,22.144685386264005,25.52831773689041,-1.9097801255573847,1.3943240741166893,-3.3041041996740743
485,ET,"{'n_estimators': 300, 'max_depth': None, 'min_samples_split': 10, 'max_features': 'log2'}",,False,True,N/A,['drugConcentration'],203,22.04796766204504,25.80394388037661,-1.9603647430945534,1.375548644831137,-3.3359133879256904
731,RF,"{'n_estimators': 300, 'max_depth': None, 'min_samples_split': 5, 'max_features': 'log2'}",freq,False,False,N/A,"['relationExtrusionWeight', 'drugConcentration']",287,25.039152885836717,31.29644338090299,-1.7010960588487027,1.6467738440583706,-3.3478699029070733
555,SVM,"{'C': 0.1, 'kernel': 'rbf', 'gamma': 'auto', 'epsilon': 0.1}",pca,False,True,10,[],203,22.142272491729955,25.616431602231813,-1.9394674853856966,1.436575541679657,-3.3760430270653536
859,SVM,"{'C': 0.1, 'kernel': 'poly', 'gamma': 'auto', 'epsilon': 0.1}",pca,False,True,20,[],203,22.148512787248976,25.634170699605345,-1.9467644663135208,1.452389274803192,-3.399153741116713
570,SVM,"{'C': 0.1, 'kernel': 'linear', 'gamma': 'scale', 'epsilon': 0.1}",freq,False,True,N/A,[],203,22.21297148427327,25.689494996441013,-1.959763320439144,1.4404414625553768,-3.400204782994521
648,SVM,"{'C': 100, 'kernel': 'poly', 'gamma': 'auto', 'epsilon': 0.01}",pca,False,True,15,[],203,22.153055827289805,25.651047257251037,-1.9509911011288275,1.4515424824008327,-3.40253358352966
46,RF,"{'n_estimators': 500, 'max_depth': None, 'min_samples_split': 10, 'max_features': 'log2'}",freq,True,False,N/A,"['printerBrandType', 'relationExtrusionWeight']",262,20.90284592554661,25.29269852360929,-1.4639402179297216,1.9791563418982032,-3.443096559827925
86,ET,"{'n_estimators': 300, 'max_depth': 30, 'min_samples_split': 10, 'max_features': 0.5}",freq,True,False,N/A,[],297,22.452811415306808,29.158353447143742,-1.5155701684638363,1.9504561978272752,-3.4660263662911115
748,SVM,"{'C': 0.1, 'kernel': 'poly', 'gamma': 'scale', 'epsilon': 0.01}",pca,False,True,15,['drugConcentration'],203,21.687477878717228,25.567075968669815,-1.964963365702636,1.5026857027784717,-3.4676490684811077
984,SVM,"{'C': 0.1, 'kernel': 'poly', 'gamma': 'scale', 'epsilon': 1.0}",freq,False,True,N/A,[],203,22.807347074687197,25.974028500734363,-2.0460593718783486,1.4923637205310891,-3.5384230924094378
924,ET,"{'n_estimators': 300, 'max_depth': 30, 'min_samples_split': 10, 'max_features': 0.5}",pca,True,False,10,"['printerBrandType', 'relationExtrusionWeight', 'drugConcentration']",262,24.30751241609502,30.156373549071805,-1.8637082497214328,1.6802037323343473,-3.5439119820557803
22,SVM,"{'C': 0.1, 'kernel': 'rbf', 'gamma': 'scale', 'epsilon': 0.01}",pca,True,True,20,[],203,19.856223076922344,22.498186899601176,-1.438193428438326,2.1221900912961806,-3.560383519734507
91,RF,"{'n_estimators': 100, 'max_depth': 30, 'min_samples_split': 2, 'max_features': 'sqrt'}",freq,False,False,N/A,[],297,22.53895661324405,29.416317486123493,-1.5737225828184027,1.994179728882785,-3.5679023117011877
518,RF,"{'n_estimators': 300, 'max_depth': 5, 'min_samples_split': 5, 'max_features': 0.5}",freq,True,False,N/A,[],297,22.56387792277219,29.43141617763855,-1.5832276798447342,2.0159580359256024,-3.5991857157703366
41,NN,"{'hidden_layer_sizes': (64,), 'activation': 'relu', 'alpha': 0.0001, 'learning_rate_init': 0.001, 'max_iter': 1000, 'early_stopping': False}",freq,False,False,N/A,"['relationExtrusionWeight', 'drugConcentration']",287,26.922486682918265,28.98635352795604,-1.5494963949837286,2.051735031740665,-3.601231426724394
274,RF,"{'n_estimators': 200, 'max_depth': 30, 'min_samples_split': 5, 'max_features': 'log2'}",freq,False,False,N/A,[],297,22.699385545067305,29.430525738640707,-1.586757880573941,2.018559268404511,-3.605317148978452
657,SVM,"{'C': 100, 'kernel': 'rbf', 'gamma': 'auto', 'epsilon': 1.0}",pca,True,True,20,[],203,22.663464902585478,24.67022938481796,-1.7920323996624863,1.834712422899068,-3.6267448225615544
463,RF,"{'n_estimators': 100, 'max_depth': 10, 'min_samples_split': 10, 'max_features': 0.5}",,False,True,N/A,['drugConcentration'],203,22.27999245867208,26.322710350041508,-2.1347849122629827,1.5161439146720723,-3.650928826935055
395,NN,"{'hidden_layer_sizes': (256,), 'activation': 'relu', 'alpha': 0.001, 'learning_rate_init': 0.0001, 'max_iter': 1000, 'early_stopping': False}",freq,True,False,N/A,[],297,25.944850435003996,31.3256106363614,-1.7065011696821781,1.9665635603718985,-3.673064730054077
406,RF,"{'n_estimators': 200, 'max_depth': 30, 'min_samples_split': 10, 'max_features': 'sqrt'}",,False,True,N/A,['drugConcentration'],203,22.33707485361118,26.393312268817294,-2.153384284314846,1.5285623998644053,-3.681946684179251
445,RF,"{'n_estimators': 200, 'max_depth': 20, 'min_samples_split': 2, 'max_features': 'log2'}",freq,True,False,N/A,['relationExtrusionWeight'],287,24.067296467929765,30.20658261825169,-1.7566174441062719,1.9491191089713102,-3.705736553077582
734,ET,"{'n_estimators': 500, 'max_depth': 5, 'min_samples_split': 10, 'max_features': 'sqrt'}",,False,True,N/A,"['relationExtrusionWeight', 'drugConcentration']",193,20.70792021116328,23.877459102218282,-2.0530817744870764,1.6633294973341504,-3.7164112718212268
607,ET,"{'n_estimators': 200, 'max_depth': 20, 'min_samples_split': 10, 'max_features': 'sqrt'}",freq,False,False,N/A,['printerBrandType'],262,20.625224272109417,25.597230898191047,-1.5477593202010071,2.2098736240734627,-3.75763294427447
992,ET,"{'n_estimators': 100, 'max_depth': 10, 'min_samples_split': 2, 'max_features': 'log2'}",pca,False,True,20,[],203,19.431009015399088,21.508777403940645,-1.556191670994736,2.25319677540656,-3.8093884464012957
785,SVM,"{'C': 0.1, 'kernel': 'rbf', 'gamma': 'scale', 'epsilon': 0.5}",freq,True,False,N/A,[],297,27.265564831571027,31.404941993407533,-1.7313261274251268,2.0918229046248635,-3.82314903204999
851,SVM,"{'C': 10, 'kernel': 'rbf', 'gamma': 'scale', 'epsilon': 0.5}",pca,True,True,20,[],203,19.08549596728402,20.642679331281347,-1.3851546613207624,2.4384603222985555,-3.8236149836193176
96,SVM,"{'C': 10, 'kernel': 'rbf', 'gamma': 'auto', 'epsilon': 0.01}",freq,True,True,N/A,[],203,20.439806330107988,24.245271635345386,-1.9851598910151098,1.87011841873479,-3.8552783097498997
681,ET,"{'n_estimators': 100, 'max_depth': 20, 'min_samples_split': 10, 'max_features': 'sqrt'}",freq,False,False,N/A,['printerBrandType'],262,20.525261471695227,25.27987466145724,-1.5719180205081045,2.299956259127854,-3.871874279635959
50,ET,"{'n_estimators': 300, 'max_depth': 20, 'min_samples_split': 10, 'max_features': 'log2'}",freq,True,False,N/A,[],297,23.22559126067861,29.71441396138299,-1.700192701673453,2.18271914120658,-3.882911842880033
544,NN,"{'hidden_layer_sizes': (256,), 'activation': 'relu', 'alpha': 0.001, 'learning_rate_init': 0.001, 'max_iter': 1000, 'early_stopping': False}",freq,False,True,N/A,[],203,19.22449318997094,21.834865236844035,-1.583741235500425,2.3357676165908465,-3.9195088520912718
235,ET,"{'n_estimators': 200, 'max_depth': None, 'min_samples_split': 10, 'max_features': 0.5}",freq,True,False,N/A,"['printerBrandType', 'relationExtrusionWeight']",262,21.08006553947574,26.728530110060557,-1.6886387263489435,2.234966355734916,-3.92360508208386
405,NN,"{'hidden_layer_sizes': (64, 64), 'activation': 'relu', 'alpha': 0.0001, 'learning_rate_init': 0.0005, 'max_iter': 1000, 'early_stopping': False}",freq,False,True,N/A,[],203,20.08738399932372,22.227573416601373,-1.6170565565808916,2.3238590425056382,-3.94091559908653
953,RF,"{'n_estimators': 200, 'max_depth': 5, 'min_samples_split': 10, 'max_features': 'sqrt'}",freq,False,False,N/A,[],297,23.676727892906428,30.042918760618374,-1.7471510940582167,2.2364164870153918,-3.9835675810736086
956,SVM,"{'C': 0.1, 'kernel': 'rbf', 'gamma': 'scale', 'epsilon': 0.01}",freq,True,False,N/A,[],297,26.352168060332918,31.34780154010046,-1.7905346725369942,2.198445348165681,-3.9889800207026753
636,ET,"{'n_estimators': 500, 'max_depth': 10, 'min_samples_split': 10, 'max_features': 'log2'}",freq,False,False,N/A,[],297,23.67851972065888,29.987099918259787,-1.7578808551398453,2.2540421257468886,-4.011922980886734
650,ET,"{'n_estimators': 500, 'max_depth': 10, 'min_samples_split': 10, 'max_features': 'sqrt'}",freq,False,False,N/A,[],297,23.67851972065888,29.98709991825979,-1.7578808551398453,2.254042125746888,-4.011922980886734
604,SVM,"{'C': 1, 'kernel': 'poly', 'gamma': 'scale', 'epsilon': 0.01}",freq,False,True,N/A,[],203,20.235309828070523,23.49344345406225,-1.792156501231388,2.2289437277013553,-4.0211002289327435
655,NN,"{'hidden_layer_sizes': (256,), 'activation': 'tanh', 'alpha': 0.01, 'learning_rate_init': 0.001, 'max_iter': 1000, 'early_stopping': False}",,True,False,N/A,"['printerBrandType', 'relationExtrusionWeight']",262,23.362717401059587,27.098846387886876,-1.7079054350859764,2.3181727055171053,-4.026078140603081
757,NN,"{'hidden_layer_sizes': (128, 128), 'activation': 'tanh', 'alpha': 0.01, 'learning_rate_init': 0.001, 'max_iter': 1000, 'early_stopping': False}",freq,False,True,N/A,[],203,21.79743790071934,24.12817828563735,-1.9729624586613188,2.105742601870573,-4.078705060531892
549,RF,"{'n_estimators': 200, 'max_depth': 5, 'min_samples_split': 2, 'max_features': 0.5}",freq,False,False,N/A,[],297,23.110712985668343,29.96858833766233,-1.798165368326402,2.3155845211723913,-4.113749889498793
269,RF,"{'n_estimators': 200, 'max_depth': 5, 'min_samples_split': 10, 'max_features': 'sqrt'}",freq,True,False,N/A,[],297,23.822599877973634,30.208708128450454,-1.8055432246643308,2.3113944607481614,-4.116937685412492
891,RF,"{'n_estimators': 500, 'max_depth': None, 'min_samples_split': 2, 'max_features': 'sqrt'}",pca,True,True,20,[],203,19.29047383460036,21.58500940884306,-1.6583837930434278,2.497438886943923,-4.1558226799873506
542,ET,"{'n_estimators': 200, 'max_depth': 30, 'min_samples_split': 2, 'max_features': 'log2'}",pca,True,True,20,[],203,19.322976564424742,21.802878542658693,-1.7002919330290673,2.5077177336590957,-4.208009666688163
294,RF,"{'n_estimators': 300, 'max_depth': 20, 'min_samples_split': 5, 'max_features': 'sqrt'}",pca,False,True,20,[],203,19.65645495024073,22.124396620051915,-1.76850026222493,2.466228001147448,-4.234728263372378
599,NN,"{'hidden_layer_sizes': (64,), 'activation': 'relu', 'alpha': 0.0001, 'learning_rate_init': 0.0001, 'max_iter': 1000, 'early_stopping': False}",pca,False,True,20,"['relationExtrusionWeight', 'drugConcentration']",193,21.844863109261265,24.48828866234669,-2.3472368134735446,1.932748725742453,-4.279985539215998
272,NN,"{'hidden_layer_sizes': (256,), 'activation': 'tanh', 'alpha': 0.001, 'learning_rate_init': 0.001, 'max_iter': 1000, 'early_stopping': False}",pca,True,False,15,"['printerBrandType', 'relationExtrusionWeight', 'drugConcentration']",262,22.31563862447956,27.5188746687901,-1.8142110183140125,2.4742725669109964,-4.288483585225009
461,RF,"{'n_estimators': 500, 'max_depth': 5, 'min_samples_split': 10, 'max_features': 'sqrt'}",freq,False,False,N/A,[],297,24.023219235153817,30.345300126725267,-1.8837093668461709,2.427445481374047,-4.311154848220218
270,SVM,"{'C': 0.1, 'kernel': 'rbf', 'gamma': 'auto', 'epsilon': 0.01}",freq,False,True,N/A,"['relationExtrusionWeight', 'drugConcentration']",193,22.62646254157522,25.290523203102737,-2.447989636748097,1.8697893342877767,-4.317778971035874
260,NN,"{'hidden_layer_sizes': (256, 256), 'activation': 'relu', 'alpha': 0.01, 'learning_rate_init': 0.001, 'max_iter': 1000, 'early_stopping': False}",freq,False,True,N/A,[],203,20.134198793451162,24.40324208085301,-2.1449623833547222,2.1881177461139076,-4.33308012946863
180,SVM,"{'C': 100, 'kernel': 'rbf', 'gamma': 'scale', 'epsilon': 0.5}",freq,False,True,N/A,[],203,20.425840606996974,24.18779721732949,-2.056269840359185,2.3008961976708773,-4.357166038030062
784,SVM,"{'C': 100, 'kernel': 'rbf', 'gamma': 'scale', 'epsilon': 0.01}",freq,False,True,N/A,[],203,20.448592750435466,24.3282111879216,-2.095488322126697,2.2783182641434476,-4.3738065862701445
158,RF,"{'n_estimators': 200, 'max_depth': 5, 'min_samples_split': 5, 'max_features': 'log2'}",freq,True,False,N/A,[],297,24.042128345014703,30.487410279494224,-1.9208007179912883,2.4734279157045997,-4.394228633695888
980,ET,"{'n_estimators': 200, 'max_depth': 30, 'min_samples_split': 2, 'max_features': 0.5}",pca,True,True,20,[],203,18.864053261271252,21.566098855060332,-1.720135141607021,2.7038044094285785,-4.423939551035599
277,ET,"{'n_estimators': 100, 'max_depth': 20, 'min_samples_split': 5, 'max_features': 'log2'}",,False,False,N/A,"['printerBrandType', 'relationExtrusionWeight']",262,25.603121940702106,28.81644105310197,-2.0332277885318093,2.3924806846252213,-4.42570847315703
465,RF,"{'n_estimators': 200, 'max_depth': 5, 'min_samples_split': 5, 'max_features': 'log2'}",,True,True,N/A,"['relationExtrusionWeight', 'drugConcentration']",193,21.319664061514448,24.741126101224157,-2.3694002696122287,2.100537022920033,-4.469937292532261
899,ET,"{'n_estimators': 100, 'max_depth': 5, 'min_samples_split': 2, 'max_features': 0.5}",freq,True,False,N/A,"['relationExtrusionWeight', 'drugConcentration']",287,26.51300787051531,32.14703088795278,-2.1148079078436135,2.3887147606123653,-4.503522668455979
120,RF,"{'n_estimators': 300, 'max_depth': 20, 'min_samples_split': 2, 'max_features': 'sqrt'}",,True,False,N/A,['printerBrandType'],262,22.713316541158786,25.937270324173287,-1.7945714464725742,2.719050537446604,-4.513621983919178
759,ET,"{'n_estimators': 300, 'max_depth': 20, 'min_samples_split': 2, 'max_features': 'log2'}",,False,False,N/A,['printerBrandType'],262,22.783259598886243,26.17508828119701,-1.8214201340383276,2.7276062025790457,-4.5490263366173735
524,ET,"{'n_estimators': 100, 'max_depth': 20, 'min_samples_split': 5, 'max_features': 'sqrt'}",,True,False,N/A,['printerBrandType'],262,22.758766943551734,25.825614705338722,-1.8056360520787658,2.752888840456265,-4.558524892535031
213,NN,"{'hidden_layer_sizes': (64,), 'activation': 'tanh', 'alpha': 0.01, 'learning_rate_init': 0.001, 'max_iter': 1000, 'early_stopping': False}",freq,False,False,N/A,[],297,28.046729471204745,33.3279945290364,-2.1261615789828716,2.4765456173069693,-4.602707196289841
127,RF,"{'n_estimators': 200, 'max_depth': 10, 'min_samples_split': 2, 'max_features': 0.5}",freq,False,False,N/A,[],297,23.528956771251305,30.441253164240933,-2.0077796057309962,2.6171280177500496,-4.624907623481046
937,SVM,"{'C': 1, 'kernel': 'poly', 'gamma': 'auto', 'epsilon': 0.1}",pca,True,True,10,[],203,21.43460363403884,23.930021880291502,-2.076167615526801,2.598545971770301,-4.674713587297102
442,NN,"{'hidden_layer_sizes': (256,), 'activation': 'tanh', 'alpha': 0.0001, 'learning_rate_init': 0.0001, 'max_iter': 1000, 'early_stopping': False}",freq,True,False,N/A,[],297,26.927305515470277,32.047509212905226,-2.0909235201367338,2.598892546475054,-4.689816066611788
591,NN,"{'hidden_layer_sizes': (256,), 'activation': 'tanh', 'alpha': 0.001, 'learning_rate_init': 0.0001, 'max_iter': 1000, 'early_stopping': False}",freq,True,False,N/A,[],297,26.931047008810342,32.05413695835221,-2.0922211576253287,2.599281920388905,-4.691503078014234
430,ET,"{'n_estimators': 500, 'max_depth': 20, 'min_samples_split': 5, 'max_features': 'log2'}",freq,True,False,N/A,[],297,23.805043495181305,30.538907111066028,-2.0420415340805933,2.6628503075011656,-4.704891841581759
57,ET,"{'n_estimators': 500, 'max_depth': 30, 'min_samples_split': 10, 'max_features': 0.5}",pca,False,True,20,[],203,18.888958134859553,21.137033474622296,-1.75989584478073,2.9480737775493813,-4.707969622330111
247,RF,"{'n_estimators': 300, 'max_depth': 20, 'min_samples_split': 2, 'max_features': 0.5}",pca,True,True,20,[],203,18.821149158542447,21.365585239324883,-1.729544003189866,2.9795274843463813,-4.709071487536248
97,ET,"{'n_estimators': 100, 'max_depth': 20, 'min_samples_split': 10, 'max_features': 'sqrt'}",pca,False,True,20,[],203,19.661029621823157,21.80252160710828,-1.8178291089602734,2.892521450971961,-4.710350559932234
848,SVM,"{'C': 1, 'kernel': 'poly', 'gamma': 'scale', 'epsilon': 0.5}",pca,True,True,5,[],203,23.812387813331025,26.653210087963842,-2.3847125537771015,2.3441313055995794,-4.728843859376681
587,ET,"{'n_estimators': 100, 'max_depth': 10, 'min_samples_split': 5, 'max_features': 'sqrt'}",freq,False,False,N/A,[],297,24.246669925199544,30.715064161046016,-2.0600353754283938,2.6692582348672595,-4.729293610295653
92,ET,"{'n_estimators': 300, 'max_depth': None, 'min_samples_split': 5, 'max_features': 0.5}",freq,False,False,N/A,[],297,23.715679120943037,30.488748425720853,-2.04642578769345,2.6882931259860934,-4.734718913679544
826,ET,"{'n_estimators': 100, 'max_depth': 20, 'min_samples_split': 5, 'max_features': 'log2'}",freq,False,False,N/A,[],297,23.81643252416139,30.622584572078726,-2.071685420252204,2.6995060166603153,-4.7711914369125195
476,ET,"{'n_estimators': 200, 'max_depth': 5, 'min_samples_split': 2, 'max_features': 'log2'}",freq,False,True,N/A,[],203,22.38295671843855,24.87389807926505,-2.244947795702045,2.5866517167735408,-4.831599512475586
769,NN,"{'hidden_layer_sizes': (256, 256), 'activation': 'relu', 'alpha': 0.0001, 'learning_rate_init': 0.0001, 'max_iter': 1000, 'early_stopping': False}",freq,False,False,N/A,['relationExtrusionWeight'],287,42.60830480063421,48.169742311230486,-3.911168891334244,0.9638447096528101,-4.875013600987054
560,ET,"{'n_estimators': 100, 'max_depth': 10, 'min_samples_split': 5, 'max_features': 'log2'}",freq,True,False,N/A,[],297,24.451602452462996,30.89871021776125,-2.140434588125938,2.7824046266460294,-4.922839214771967
903,SVM,"{'C': 10, 'kernel': 'poly', 'gamma': 'scale', 'epsilon': 0.5}",freq,False,False,N/A,[],297,27.057603721918564,30.21601512413711,-2.0467824446482843,2.9368009487164826,-4.983583393364767
723,NN,"{'hidden_layer_sizes': (256, 256), 'activation': 'relu', 'alpha': 0.0001, 'learning_rate_init': 0.0001, 'max_iter': 1000, 'early_stopping': False}",pca,True,True,20,[],203,19.34251564777592,21.419243925049205,-1.8589573925896143,3.1399007818936875,-4.998858174483302
900,SVM,"{'C': 1, 'kernel': 'linear', 'gamma': 'auto', 'epsilon': 1.0}",,True,True,N/A,"['printerBrandType', 'relationExtrusionWeight']",168,16.29713536954576,18.826574003280257,-2.4604464487882267,2.5687602133372143,-5.029206662125441
135,RF,"{'n_estimators': 200, 'max_depth': 20, 'min_samples_split': 2, 'max_features': 'sqrt'}",pca,False,False,20,['relationExtrusionWeight'],287,25.616601187501487,32.23179783753775,-2.283708996261625,2.7473296412291606,-5.031038637490786
255,ET,"{'n_estimators': 200, 'max_depth': 30, 'min_samples_split': 5, 'max_features': 'log2'}",freq,False,False,N/A,"['printerBrandType', 'relationExtrusionWeight', 'drugConcentration']",262,22.342077627833817,27.05628163864169,-2.1266340974374827,2.9483623339251905,-5.074996431362673
714,SVM,"{'C': 10, 'kernel': 'poly', 'gamma': 'scale', 'epsilon': 0.01}",freq,False,False,N/A,[],297,27.151573636529577,30.270928523968365,-2.1010690406252115,3.0245675995822108,-5.125636640207422
254,RF,"{'n_estimators': 300, 'max_depth': 5, 'min_samples_split': 10, 'max_features': 'log2'}",pca,False,True,20,[],203,20.786583995047703,23.11034073656083,-2.1073724789742987,3.018934127673007,-5.126306606647306
48,ET,"{'n_estimators': 100, 'max_depth': 10, 'min_samples_split': 5, 'max_features': 0.5}",freq,True,False,N/A,[],297,24.224079111899673,30.958113746827987,-2.218149158749511,2.91380064536509,-5.131949804114601
423,RF,"{'n_estimators': 200, 'max_depth': None, 'min_samples_split': 10, 'max_features': 'log2'}",pca,False,True,20,[],203,20.233107109723594,22.646092926873475,-2.0655494006402955,3.0910194480713584,-5.156568848711654
855,SVM,"{'C': 10, 'kernel': 'poly', 'gamma': 'auto', 'epsilon': 0.5}",,True,True,N/A,"['relationExtrusionWeight', 'drugConcentration']",193,21.77111641421573,25.427207757928276,-2.665521681446982,2.5297552696509045,-5.1952769510978865
576,RF,"{'n_estimators': 300, 'max_depth': 10, 'min_samples_split': 10, 'max_features': 'log2'}",pca,True,True,20,[],203,20.368944999648203,22.841166243661522,-2.1074043773343245,3.125462513364992,-5.2328668906993165
501,SVM,"{'C': 0.1, 'kernel': 'rbf', 'gamma': 'scale', 'epsilon': 0.01}",pca,True,True,10,[],203,22.010593448915987,24.622092072996775,-2.1901313173061787,3.0656309020219132,-5.255762219328092
15,SVM,"{'C': 0.1, 'kernel': 'linear', 'gamma': 'auto', 'epsilon': 1.0}",pca,True,True,5,[],203,25.5039161445759,28.26680456296353,-2.708990526595952,2.546961659259582,-5.255952185855534
964,NN,"{'hidden_layer_sizes': (256, 256), 'activation': 'relu', 'alpha': 0.0001, 'learning_rate_init': 0.0001, 'max_iter': 1000, 'early_stopping': False}",freq,False,False,N/A,[],297,29.32514462781081,34.50092816548854,-2.461275292537947,2.877814818623494,-5.3390901111614415
705,RF,"{'n_estimators': 300, 'max_depth': None, 'min_samples_split': 10, 'max_features': 'log2'}",pca,False,True,20,[],203,20.53770607872066,22.971883910705856,-2.1546067856315747,3.186042544558097,-5.340649330189672
173,SVM,"{'C': 1, 'kernel': 'rbf', 'gamma': 'auto', 'epsilon': 0.1}",pca,True,True,20,[],203,19.58819500361086,23.369479123838854,-2.1154540805768196,3.270533215745082,-5.385987296321902
716,SVM,"{'C': 100, 'kernel': 'rbf', 'gamma': 'auto', 'epsilon': 0.1}",freq,True,False,N/A,[],297,26.175268672533477,32.00299135873058,-2.3757450134411493,3.018447547545909,-5.394192560987058
834,ET,"{'n_estimators': 300, 'max_depth': 20, 'min_samples_split': 10, 'max_features': 'sqrt'}",,False,False,N/A,"['printerBrandType', 'relationExtrusionWeight', 'drugConcentration']",262,24.85588579762545,29.054586305279525,-2.4059212049125596,3.1024866815655865,-5.508407886478146
609,SVM,"{'C': 10, 'kernel': 'poly', 'gamma': 'scale', 'epsilon': 0.01}",pca,True,True,15,[],203,21.460934500935256,24.183921734576803,-2.2723687219508095,3.240542105421008,-5.512910827371817
933,SVM,"{'C': 10, 'kernel': 'poly', 'gamma': 'scale', 'epsilon': 1.0}",freq,True,True,N/A,"['printerBrandType', 'drugConcentration']",168,19.246698709588483,20.382929284514802,-2.9124856721882235,2.6555809063396008,-5.568066578527825
291,ET,"{'n_estimators': 300, 'max_depth': 10, 'min_samples_split': 10, 'max_features': 'log2'}",,False,False,N/A,"['printerBrandType', 'relationExtrusionWeight']",262,26.519890606231126,29.8840801484758,-2.5034789452177226,3.0648249983451112,-5.568303943562833
701,NN,"{'hidden_layer_sizes': (128,), 'activation': 'relu', 'alpha': 0.001, 'learning_rate_init': 0.0005, 'max_iter': 1000, 'early_stopping': False}",,False,True,N/A,['relationExtrusionWeight'],193,23.390875830458736,26.05064702034893,-2.908243585450847,2.693271264474268,-5.601514849925115
986,RF,"{'n_estimators': 500, 'max_depth': None, 'min_samples_split': 5, 'max_features': 'sqrt'}",,False,False,N/A,"['printerBrandType', 'drugConcentration']",262,23.60724087966077,28.36214343824973,-2.377519049261604,3.2366788629939953,-5.6141979122556
337,ET,"{'n_estimators': 200, 'max_depth': None, 'min_samples_split': 10, 'max_features': 'log2'}",freq,False,True,N/A,['drugConcentration'],203,21.58123817882188,24.687468938714535,-2.359576778634065,3.342689840467457,-5.702266619101522
793,SVM,"{'C': 100, 'kernel': 'poly', 'gamma': 'auto', 'epsilon': 0.1}",,True,False,N/A,"['printerBrandType', 'relationExtrusionWeight', 'drugConcentration']",262,25.89708393751121,33.71437104889659,-2.869168762969862,2.839964782101471,-5.709133545071333
347,ET,"{'n_estimators': 100, 'max_depth': 20, 'min_samples_split': 2, 'max_features': 'sqrt'}",freq,False,True,N/A,['drugConcentration'],203,22.477022447685556,25.74356844807232,-2.5352614961837405,3.1750325179710863,-5.710294014154827
625,SVM,"{'C': 10, 'kernel': 'poly', 'gamma': 'auto', 'epsilon': 1.0}",pca,True,True,15,[],203,23.62321506669397,26.07952900112548,-2.659098507596332,3.056753692538845,-5.715852200135177
350,RF,"{'n_estimators': 100, 'max_depth': 10, 'min_samples_split': 2, 'max_features': 'log2'}",,True,False,N/A,"['printerBrandType', 'relationExtrusionWeight', 'drugConcentration']",262,25.197691941640585,28.68420534217728,-2.4820661376264392,3.3356748260187636,-5.817740963645203
656,NN,"{'hidden_layer_sizes': (128,), 'activation': 'relu', 'alpha': 0.0001, 'learning_rate_init': 0.0005, 'max_iter': 1000, 'early_stopping': False}",freq,False,False,N/A,[],297,34.30955812785701,42.06362529819265,-3.3425969693111384,2.481428982295679,-5.824025951606817
873,RF,"{'n_estimators': 300, 'max_depth': 5, 'min_samples_split': 5, 'max_features': 'log2'}",freq,False,True,N/A,[],203,22.020110176332125,24.629180104963336,-2.4367531593956953,3.424290781777778,-5.861043941173474
843,RF,"{'n_estimators': 100, 'max_depth': 5, 'min_samples_split': 2, 'max_features': 'log2'}",freq,False,True,N/A,[],203,21.981086417714025,24.590695355570464,-2.447087182131631,3.4574015263421867,-5.904488708473817
890,ET,"{'n_estimators': 200, 'max_depth': None, 'min_samples_split': 2, 'max_features': 'log2'}",freq,False,False,N/A,[],297,24.955687048699843,31.66307042111303,-2.548232986293337,3.3729680322401943,-5.921201018533531
234,ET,"{'n_estimators': 200, 'max_depth': None, 'min_samples_split': 2, 'max_features': 'sqrt'}",freq,False,False,N/A,[],297,24.955687048699843,31.66307042111303,-2.548232986293337,3.3729680322401943,-5.921201018533531
817,ET,"{'n_estimators': 300, 'max_depth': 20, 'min_samples_split': 2, 'max_features': 'sqrt'}",freq,False,False,N/A,[],297,24.95340626838163,31.646678983922573,-2.5466105736567797,3.3747958416948456,-5.921406415351625
482,SVM,"{'C': 10, 'kernel': 'linear', 'gamma': 'auto', 'epsilon': 0.1}",freq,False,True,N/A,[],203,21.154104654357628,24.56385255973443,-2.4284493232399638,3.55633033433781,-5.984779657577773
629,SVM,"{'C': 10, 'kernel': 'linear', 'gamma': 'auto', 'epsilon': 0.01}",pca,False,True,10,[],203,22.546056217196877,25.43698883753511,-2.46971566059971,3.5341995965880706,-6.0039152571877805
164,SVM,"{'C': 10, 'kernel': 'linear', 'gamma': 'scale', 'epsilon': 0.1}",pca,False,True,10,[],203,22.558789918763026,25.451438982177653,-2.477341487918881,3.5448687571346964,-6.022210245053577
966,ET,"{'n_estimators': 200, 'max_depth': 30, 'min_samples_split': 5, 'max_features': 'sqrt'}",pca,True,False,20,[],297,26.436501485749933,32.36259069549337,-2.549382013043713,3.529147858422765,-6.078529871466477
488,ET,"{'n_estimators': 500, 'max_depth': 20, 'min_samples_split': 2, 'max_features': 0.5}",freq,True,False,N/A,[],297,24.91943501278014,31.722846701493648,-2.6197636163062197,3.5019411940450658,-6.121704810351286
842,SVM,"{'C': 0.1, 'kernel': 'linear', 'gamma': 'auto', 'epsilon': 0.01}",freq,True,True,N/A,[],203,23.005684863034862,28.016436029364844,-3.175725276353674,2.968472990110318,-6.144198266463992
508,SVM,"{'C': 0.1, 'kernel': 'linear', 'gamma': 'scale', 'epsilon': 1.0}",,False,False,N/A,['relationExtrusionWeight'],287,36.18357558332599,41.4675166236781,-3.5620306499906977,2.586846338636187,-6.148876988626885
676,ET,"{'n_estimators': 100, 'max_depth': 30, 'min_samples_split': 2, 'max_features': 'sqrt'}",freq,True,False,N/A,"['printerBrandType', 'relationExtrusionWeight', 'drugConcentration']",262,23.556534750299488,28.57695700217272,-2.625160356530279,3.525990398779141,-6.15115075530942
833,ET,"{'n_estimators': 300, 'max_depth': None, 'min_samples_split': 5, 'max_features': 'sqrt'}",,True,False,N/A,"['printerBrandType', 'relationExtrusionWeight', 'drugConcentration']",262,24.87960733939804,29.29775745032187,-2.6635203943694865,3.500411590402156,-6.163931984771643
181,ET,"{'n_estimators': 500, 'max_depth': 5, 'min_samples_split': 10, 'max_features': 'sqrt'}",pca,True,True,5,[],203,25.477401727551506,28.891909314000284,-3.201771548253601,2.9659057937970332,-6.167677342050634
116,ET,"{'n_estimators': 500, 'max_depth': 10, 'min_samples_split': 2, 'max_features': 'sqrt'}",freq,False,False,N/A,[],297,25.598385475442512,32.01749161226083,-2.656290284711722,3.5160958125993815,-6.1723860973111035
197,NN,"{'hidden_layer_sizes': (128, 128), 'activation': 'tanh', 'alpha': 0.0001, 'learning_rate_init': 0.001, 'max_iter': 1000, 'early_stopping': False}",pca,False,True,20,[],203,22.354112395489093,24.21089418187744,-2.488965791697257,3.707062325873355,-6.196028117570612
16,ET,"{'n_estimators': 300, 'max_depth': None, 'min_samples_split': 2, 'max_features': 'sqrt'}",pca,False,False,20,[],297,26.3449719595482,31.823344023801152,-2.564982898596408,3.665143804855539,-6.230126703451948
962,NN,"{'hidden_layer_sizes': (256, 256), 'activation': 'relu', 'alpha': 0.01, 'learning_rate_init': 0.0005, 'max_iter': 1000, 'early_stopping': False}",freq,False,False,N/A,[],297,26.56453319397845,33.4517699925487,-2.7673408146721505,3.472586862264803,-6.239927676936953
638,NN,"{'hidden_layer_sizes': (256,), 'activation': 'tanh', 'alpha': 0.001, 'learning_rate_init': 0.001, 'max_iter': 1000, 'early_stopping': False}",freq,False,False,N/A,[],297,26.874583686118203,32.64151204014292,-2.665625252602142,3.5793793589579943,-6.245004611560136
881,NN,"{'hidden_layer_sizes': (64, 64), 'activation': 'tanh', 'alpha': 0.001, 'learning_rate_init': 0.001, 'max_iter': 1000, 'early_stopping': False}",pca,False,True,5,[],203,26.742018717484417,30.734513067709816,-3.541990324400048,2.7574687754534204,-6.299459099853468
126,RF,"{'n_estimators': 100, 'max_depth': 10, 'min_samples_split': 10, 'max_features': 0.5}",pca,True,True,20,[],203,20.44382836567303,23.121893466190087,-2.413896141062054,3.888069951912114,-6.301966092974167
870,ET,"{'n_estimators': 100, 'max_depth': 5, 'min_samples_split': 10, 'max_features': 0.5}",freq,False,True,N/A,[],203,22.04409678076158,24.6063913313027,-2.553835983936916,3.7692346814976316,-6.323070665434548
507,ET,"{'n_estimators': 200, 'max_depth': 20, 'min_samples_split': 5, 'max_features': 'sqrt'}",pca,False,True,5,['drugConcentration'],203,26.05074282587049,30.19292410657009,-3.5126201033391404,2.8351816761727733,-6.347801779511913
882,ET,"{'n_estimators': 200, 'max_depth': 10, 'min_samples_split': 5, 'max_features': 'log2'}",freq,True,True,N/A,[],203,22.80597482656761,25.90288544696811,-2.805850940108338,3.543076206577427,-6.348927146685765
139,SVM,"{'C': 100, 'kernel': 'rbf', 'gamma': 'auto', 'epsilon': 0.01}",freq,False,True,N/A,[],203,20.82817752320263,24.582964195374885,-2.5597406337022712,3.7912401780484872,-6.350980811750759
552,ET,"{'n_estimators': 300, 'max_depth': 10, 'min_samples_split': 2, 'max_features': 'sqrt'}",freq,True,True,N/A,[],203,23.274521124584947,26.49568280004422,-2.9170823616675308,3.441495324647236,-6.358577686314767
562,ET,"{'n_estimators': 100, 'max_depth': 10, 'min_samples_split': 2, 'max_features': 'log2'}",freq,False,False,N/A,[],297,25.720892224761062,32.18890218483483,-2.742302569153416,3.630921029451696,-6.373223598605112
393,ET,"{'n_estimators': 100, 'max_depth': 10, 'min_samples_split': 2, 'max_features': 'sqrt'}",freq,False,False,N/A,[],297,25.720892224761062,32.18890218483483,-2.742302569153416,3.630921029451696,-6.373223598605112
754,SVM,"{'C': 0.1, 'kernel': 'linear', 'gamma': 'scale', 'epsilon': 0.1}",pca,True,True,10,[],203,21.31360351097796,24.43622886426382,-2.5300077909124425,3.844911719669801,-6.374919510582243
119,ET,"{'n_estimators': 300, 'max_depth': 5, 'min_samples_split': 5, 'max_features': 'log2'}",freq,True,False,N/A,[],297,28.25805429480381,33.105934714553925,-2.7591179331273583,3.624990317973886,-6.384108251101244
813,SVM,"{'C': 100, 'kernel': 'rbf', 'gamma': 'auto', 'epsilon': 0.5}",freq,False,True,N/A,[],203,20.99542304950047,24.615371666450244,-2.576713157729198,3.8122027168767834,-6.388915874605981
329,NN,"{'hidden_layer_sizes': (128,), 'activation': 'relu', 'alpha': 0.01, 'learning_rate_init': 0.0001, 'max_iter': 1000, 'early_stopping': False}",freq,False,True,N/A,"['printerBrandType', 'relationExtrusionWeight']",168,18.74652302004709,20.367413475490817,-3.1749941320741617,3.231400734079909,-6.406394866154071
398,SVM,"{'C': 10, 'kernel': 'linear', 'gamma': 'scale', 'epsilon': 0.1}",pca,True,True,10,[],203,21.07519985710876,24.23691388611577,-2.5163300827031656,3.9013131175932556,-6.417643200296421
376,RF,"{'n_estimators': 100, 'max_depth': 5, 'min_samples_split': 5, 'max_features': 0.5}",pca,True,False,20,[],297,28.425527660766218,34.482654216826404,-2.825291926017309,3.6348074176301215,-6.46009934364743
988,NN,"{'hidden_layer_sizes': (256,), 'activation': 'tanh', 'alpha': 0.001, 'learning_rate_init': 0.0005, 'max_iter': 1000, 'early_stopping': False}",freq,True,False,N/A,[],297,28.106611331124608,33.329684029579575,-2.8106283350817054,3.650993743532254,-6.46162207861396
351,ET,"{'n_estimators': 100, 'max_depth': 10, 'min_samples_split': 10, 'max_features': 'sqrt'}",freq,True,True,N/A,[],203,22.07466951873376,24.99442368807261,-2.6638881198686293,3.7986704429028153,-6.462558562771445
207,NN,"{'hidden_layer_sizes': (64, 64), 'activation': 'tanh', 'alpha': 0.01, 'learning_rate_init': 0.0001, 'max_iter': 1000, 'early_stopping': False}",freq,True,False,N/A,[],297,28.55537895214864,33.33951289981347,-2.8131941975402115,3.6621021195952443,-6.475296317135456
162,NN,"{'hidden_layer_sizes': (64, 64), 'activation': 'tanh', 'alpha': 0.0001, 'learning_rate_init': 0.0001, 'max_iter': 1000, 'early_stopping': False}",freq,True,False,N/A,[],297,28.55877002083723,33.33952610786872,-2.81307710997577,3.662327338759842,-6.4754044487356115
344,SVM,"{'C': 10, 'kernel': 'linear', 'gamma': 'scale', 'epsilon': 0.1}",pca,True,True,15,[],203,19.536447956919613,21.639605566715634,-2.4165096465516034,4.084008298103269,-6.500517944654872
932,NN,"{'hidden_layer_sizes': (256, 256), 'activation': 'tanh', 'alpha': 0.001, 'learning_rate_init': 0.0005, 'max_iter': 1000, 'early_stopping': False}",freq,True,False,N/A,"['printerBrandType', 'drugConcentration']",262,22.255689260999617,26.61569978693771,-2.611125750875904,3.8959324047931894,-6.507058155669093
223,ET,"{'n_estimators': 300, 'max_depth': 10, 'min_samples_split': 2, 'max_features': 0.5}",pca,True,False,20,[],297,26.742230761259936,31.791821799678246,-2.675235231314357,3.844112004015795,-6.519347235330152
957,NN,"{'hidden_layer_sizes': (64,), 'activation': 'tanh', 'alpha': 0.0001, 'learning_rate_init': 0.0001, 'max_iter': 1000, 'early_stopping': False}",pca,True,True,15,[],203,22.986224299180027,25.24021055687798,-2.954847305189391,3.5646300690415633,-6.519477374230954
619,ET,"{'n_estimators': 100, 'max_depth': 10, 'min_samples_split': 5, 'max_features': 'sqrt'}",pca,False,True,15,[],203,24.326846347935398,27.454525752049552,-3.3817480404310873,3.1658474375742554,-6.547595478005343
188,ET,"{'n_estimators': 300, 'max_depth': 20, 'min_samples_split': 10, 'max_features': 'sqrt'}",freq,True,True,N/A,[],203,22.04927599341077,25.03856478005993,-2.6938133754341966,3.8579339983317658,-6.551747373765963
175,SVM,"{'C': 100, 'kernel': 'poly', 'gamma': 'auto', 'epsilon': 1.0}",,True,True,N/A,"['printerBrandType', 'drugConcentration']",168,17.308445533878313,20.048668587222835,-3.1522644771418142,3.4212246056197655,-6.573489082761579
30,ET,"{'n_estimators': 500, 'max_depth': 30, 'min_samples_split': 10, 'max_features': 'log2'}",freq,True,True,N/A,[],203,22.173213134661662,25.19740907668191,-2.7259695985117953,3.859651210367229,-6.585620808879025
208,ET,"{'n_estimators': 300, 'max_depth': 20, 'min_samples_split': 5, 'max_features': 'sqrt'}",freq,True,True,N/A,[],203,22.96015125354423,26.04875121384086,-2.885527161279948,3.727426999433005,-6.6129541607129525
643,ET,"{'n_estimators': 100, 'max_depth': 20, 'min_samples_split': 2, 'max_features': 'sqrt'}",pca,False,False,20,"['printerBrandType', 'drugConcentration']",262,25.83625158927696,31.72271298789255,-3.0770390413165125,3.608870332521766,-6.685909373838278
959,ET,"{'n_estimators': 100, 'max_depth': 20, 'min_samples_split': 10, 'max_features': 'log2'}",freq,False,True,N/A,[],203,22.186021218098347,25.202181031212607,-2.7559030212936695,3.9390632957517333,-6.694966317045402
496,SVM,"{'C': 10, 'kernel': 'rbf', 'gamma': 'scale', 'epsilon': 1.0}",freq,False,True,N/A,"['printerBrandType', 'drugConcentration']",168,18.448484497879623,22.415990621330508,-3.652812547862503,3.05182353521589,-6.704636083078393
481,SVM,"{'C': 100, 'kernel': 'linear', 'gamma': 'scale', 'epsilon': 1.0}",pca,False,True,5,[],203,24.094936913108217,27.336825662291787,-2.8905493721780195,3.8158626634704462,-6.706412035648466
941,ET,"{'n_estimators': 100, 'max_depth': 20, 'min_samples_split': 5, 'max_features': 0.5}",freq,False,True,N/A,[],203,23.4353767510374,26.60139465922008,-3.0135814447676026,3.7041355638482965,-6.7177170086158995
249,ET,"{'n_estimators': 100, 'max_depth': 10, 'min_samples_split': 2, 'max_features': 'sqrt'}",freq,False,True,N/A,[],203,23.830379729264333,27.088383734084744,-3.1160156089058155,3.604367957197064,-6.72038356610288
343,ET,"{'n_estimators': 500, 'max_depth': None, 'min_samples_split': 2, 'max_features': 0.5}",freq,False,True,N/A,[],203,23.272732267234673,26.537972973910637,-3.003313114369071,3.7204604295094637,-6.723773543878535
389,ET,"{'n_estimators': 500, 'max_depth': 30, 'min_samples_split': 5, 'max_features': 'log2'}",freq,True,True,N/A,[],203,23.192727633990327,26.322495714521168,-2.961490298360895,3.7719464041977773,-6.733436702558672
380,ET,"{'n_estimators': 200, 'max_depth': 30, 'min_samples_split': 5, 'max_features': 'sqrt'}",freq,False,True,N/A,[],203,23.186149626721903,26.300404714717832,-2.966910042409879,3.7891534122096187,-6.756063454619498
178,ET,"{'n_estimators': 200, 'max_depth': 20, 'min_samples_split': 5, 'max_features': 'sqrt'}",freq,False,True,N/A,[],203,23.197720563195503,26.316951403454738,-2.970469625880788,3.7875646132505065,-6.758034239131295
441,ET,"{'n_estimators': 200, 'max_depth': 20, 'min_samples_split': 2, 'max_features': 0.5}",pca,False,False,20,[],297,26.85897776615253,32.39809052968365,-2.794662838527802,3.9695658830226725,-6.764228721550475
634,ET,"{'n_estimators': 300, 'max_depth': 10, 'min_samples_split': 10, 'max_features': 0.5}",freq,True,True,N/A,[],203,22.712320048114723,25.529293776789853,-2.8173241780683393,3.952745195781026,-6.770069373849365
610,ET,"{'n_estimators': 100, 'max_depth': None, 'min_samples_split': 2, 'max_features': 'sqrt'}",freq,True,True,N/A,[],203,23.63793315808096,26.858840581940395,-3.075031086146218,3.696336450649967,-6.771367536796185
305,ET,"{'n_estimators': 300, 'max_depth': 30, 'min_samples_split': 10, 'max_features': 0.5}",freq,False,True,N/A,[],203,22.592242168236098,25.405742401001575,-2.804881156969239,3.99366216207602,-6.798543319045259
791,ET,"{'n_estimators': 200, 'max_depth': None, 'min_samples_split': 2, 'max_features': 'log2'}",freq,True,True,N/A,[],203,23.6110805658183,26.92171902262507,-3.1061107571782265,3.7024619287025424,-6.808572685880769
68,ET,"{'n_estimators': 300, 'max_depth': 10, 'min_samples_split': 5, 'max_features': 0.5}",pca,False,True,15,[],203,24.185725557513432,27.548962872642687,-3.5148370252231858,3.3375372902035103,-6.852374315426696
25,SVM,"{'C': 1, 'kernel': 'linear', 'gamma': 'scale', 'epsilon': 1.0}",freq,True,True,N/A,[],203,25.748178079227177,29.465028180583683,-3.718710007217085,3.181051635386592,-6.899761642603677
172,NN,"{'hidden_layer_sizes': (64, 64), 'activation': 'relu', 'alpha': 0.0001, 'learning_rate_init': 0.0001, 'max_iter': 1000, 'early_stopping': False}",pca,True,True,5,[],203,25.983417180679947,29.15168222385921,-3.357754435625124,3.5931109492809674,-6.950865384906091
738,RF,"{'n_estimators': 100, 'max_depth': None, 'min_samples_split': 2, 'max_features': 0.5}",pca,True,False,10,"['printerBrandType', 'relationExtrusionWeight', 'drugConcentration']",262,28.038483234750927,36.0017255108662,-3.518597538715273,3.46515028005006,-6.983747818765333
104,ET,"{'n_estimators': 200, 'max_depth': 20, 'min_samples_split': 2, 'max_features': 0.5}",freq,True,True,N/A,[],203,23.6954525469345,27.047271008416388,-3.1666245433033264,3.8212410482489187,-6.987865591552245
160,SVM,"{'C': 100, 'kernel': 'rbf', 'gamma': 'auto', 'epsilon': 1.0}",pca,False,True,5,[],203,24.06288789716758,27.487207064811667,-2.992690658962777,3.998236135139317,-6.990926794102094
673,ET,"{'n_estimators': 300, 'max_depth': 10, 'min_samples_split': 2, 'max_features': 'sqrt'}",pca,False,False,20,[],297,27.44001466491881,32.607233166955346,-2.936147322424896,4.160091758051319,-7.096239080476215
504,SVM,"{'C': 100, 'kernel': 'rbf', 'gamma': 'scale', 'epsilon': 1.0}",pca,True,False,15,[],297,29.4186893099763,34.131483436558334,-3.0459031954863747,4.072801379778214,-7.118704575264589
991,ET,"{'n_estimators': 500, 'max_depth': 5, 'min_samples_split': 10, 'max_features': 'sqrt'}",,False,False,N/A,"['printerBrandType', 'relationExtrusionWeight']",262,27.999317824814216,31.06230282536851,-3.149255778785303,3.9895835085333147,-7.138839287318618
644,ET,"{'n_estimators': 300, 'max_depth': 5, 'min_samples_split': 2, 'max_features': 'sqrt'}",freq,True,False,N/A,[],297,28.865316151060956,33.71879232556751,-3.077062291144579,4.077809090957987,-7.1548713821025665
477,NN,"{'hidden_layer_sizes': (128,), 'activation': 'tanh', 'alpha': 0.0001, 'learning_rate_init': 0.0001, 'max_iter': 1000, 'early_stopping': False}",freq,True,True,N/A,[],203,20.601478682801375,25.569711455870372,-2.968141731438804,4.2286705116202965,-7.1968122430591
103,RF,"{'n_estimators': 100, 'max_depth': 5, 'min_samples_split': 2, 'max_features': 'log2'}",pca,True,True,15,[],203,25.431059786124397,29.224869274188165,-3.9065677919017485,3.2988360011978366,-7.205403793099585
926,SVM,"{'C': 0.1, 'kernel': 'rbf', 'gamma': 'auto', 'epsilon': 0.1}",,True,True,N/A,"['printerBrandType', 'drugConcentration']",168,19.705059626369664,21.839085090090578,-3.7340051400239394,3.5043101567479664,-7.238315296771906
384,SVM,"{'C': 1, 'kernel': 'rbf', 'gamma': 'scale', 'epsilon': 0.1}",pca,True,True,15,[],203,21.34995024266833,24.251043198578476,-2.821185213783703,4.425802745152893,-7.246987958936597
942,SVM,"{'C': 10, 'kernel': 'rbf', 'gamma': 'auto', 'epsilon': 1.0}",,False,False,N/A,"['printerBrandType', 'relationExtrusionWeight', 'drugConcentration']",262,26.541580203814117,31.573937929872955,-3.3317121228638054,3.953922414675499,-7.285634537539305
151,RF,"{'n_estimators': 200, 'max_depth': 20, 'min_samples_split': 5, 'max_features': 'log2'}",pca,True,False,20,[],297,28.40758834578952,34.559425676118245,-3.1310179367485875,4.168109657520807,-7.299127594269395
782,RF,"{'n_estimators': 200, 'max_depth': 5, 'min_samples_split': 5, 'max_features': 'sqrt'}",pca,True,True,15,[],203,25.5344457470466,29.408289509205062,-3.9691351384337885,3.347971278235593,-7.3171064166693816
550,RF,"{'n_estimators': 300, 'max_depth': 5, 'min_samples_split': 2, 'max_features': 0.5}",freq,False,True,N/A,[],203,23.368072194365663,26.2526519158023,-3.077180447998552,4.261339378113536,-7.338519826112087
298,NN,"{'hidden_layer_sizes': (128,), 'activation': 'tanh', 'alpha': 0.01, 'learning_rate_init': 0.0005, 'max_iter': 1000, 'early_stopping': False}",pca,True,True,10,[],203,24.85988164507354,27.817487336886625,-3.3602673384801416,3.991627914291588,-7.35189525277173
230,RF,"{'n_estimators': 300, 'max_depth': 20, 'min_samples_split': 2, 'max_features': 'sqrt'}",pca,True,False,20,[],297,29.09685388444844,35.06660923088956,-3.1788873836596494,4.2005263104230615,-7.379413694082711
110,NN,"{'hidden_layer_sizes': (128, 128), 'activation': 'relu', 'alpha': 0.01, 'learning_rate_init': 0.0005, 'max_iter': 1000, 'early_stopping': False}",pca,False,False,15,['relationExtrusionWeight'],287,31.55806577511339,34.52877711790006,-3.2282065044934387,4.159401001447261,-7.3876075059407
861,RF,"{'n_estimators': 200, 'max_depth': 20, 'min_samples_split': 2, 'max_features': 0.5}",pca,False,False,10,"['printerBrandType', 'relationExtrusionWeight', 'drugConcentration']",262,28.33223906858341,36.28519880833089,-3.7028525088840993,3.742307413551598,-7.445159922435698
595,RF,"{'n_estimators': 200, 'max_depth': 10, 'min_samples_split': 5, 'max_features': 'sqrt'}",freq,False,True,N/A,[],203,23.273076673442517,26.24145107276944,-3.118765336147032,4.338484282682482,-7.457249618829515
898,SVM,"{'C': 0.1, 'kernel': 'linear', 'gamma': 'scale', 'epsilon': 0.01}",pca,True,True,20,[],203,21.22136613442449,26.35450452542727,-3.3924100925903695,4.070346788904292,-7.462756881494661
869,RF,"{'n_estimators': 500, 'max_depth': 10, 'min_samples_split': 5, 'max_features': 'log2'}",freq,False,True,N/A,[],203,23.149522723982017,26.128297607089564,-3.0992895577518644,4.363734542776719,-7.463024100528584
42,ET,"{'n_estimators': 300, 'max_depth': 10, 'min_samples_split': 5, 'max_features': 'sqrt'}",pca,True,False,20,[],297,27.78664135146255,33.203602545785294,-3.1253012545735595,4.365285607133492,-7.490586861707051
141,NN,"{'hidden_layer_sizes': (64, 64), 'activation': 'relu', 'alpha': 0.0001, 'learning_rate_init': 0.001, 'max_iter': 1000, 'early_stopping': False}",pca,False,True,10,[],203,25.315405446265327,28.608271180241047,-3.5270904270215286,3.981533575944749,-7.508624002966277
309,RF,"{'n_estimators': 200, 'max_depth': None, 'min_samples_split': 10, 'max_features': 'log2'}",freq,True,True,N/A,[],203,22.91346252263826,25.89032975050657,-3.0667833329920673,4.44428940024542,-7.511072733237487
767,RF,"{'n_estimators': 200, 'max_depth': 20, 'min_samples_split': 2, 'max_features': 'sqrt'}",freq,True,True,N/A,[],203,23.606278971791042,26.637899574803345,-3.2041172754188723,4.3485554163975735,-7.552672691816445
3,NN,"{'hidden_layer_sizes': (256,), 'activation': 'relu', 'alpha': 0.01, 'learning_rate_init': 0.0005, 'max_iter': 1000, 'early_stopping': False}",pca,False,True,20,[],203,24.13235763510887,26.78490156897978,-3.4375032239878354,4.118923386176027,-7.556426610163863
316,ET,"{'n_estimators': 200, 'max_depth': 30, 'min_samples_split': 5, 'max_features': 0.5}",pca,False,True,15,[],203,24.889952247320767,29.05251639530913,-4.078298163990506,3.5232345898670103,-7.601532753857516
273,RF,"{'n_estimators': 500, 'max_depth': None, 'min_samples_split': 2, 'max_features': 'log2'}",freq,True,True,N/A,[],203,23.550765968000405,26.612441903748124,-3.210615223556964,4.394716529039378,-7.605331752596342
454,RF,"{'n_estimators': 200, 'max_depth': 10, 'min_samples_split': 5, 'max_features': 0.5}",freq,False,True,N/A,[],203,23.619677869206118,26.607141959875168,-3.204824081226962,4.402434213561957,-7.6072582947889185
432,RF,"{'n_estimators': 300, 'max_depth': 20, 'min_samples_split': 2, 'max_features': 0.5}",freq,True,True,N/A,[],203,23.68829366780047,26.700624624730025,-3.218223248892317,4.399837643233696,-7.618060892126014
437,RF,"{'n_estimators': 300, 'max_depth': 5, 'min_samples_split': 2, 'max_features': 'log2'}",pca,True,False,20,[],297,29.720361617835106,35.93982376127355,-3.3438456303020447,4.296509847507728,-7.6403554778097735
134,RF,"{'n_estimators': 100, 'max_depth': 5, 'min_samples_split': 10, 'max_features': 0.5}",freq,True,True,N/A,[],203,23.357344723516025,26.3316982430741,-3.1482725193090544,4.501857625220023,-7.6501301445290775
211,RF,"{'n_estimators': 100, 'max_depth': 30, 'min_samples_split': 5, 'max_features': 'log2'}",freq,False,True,N/A,[],203,23.119544970494186,26.08626441819247,-3.1378532669873174,4.525512455046066,-7.663365722033383
228,SVM,"{'C': 100, 'kernel': 'linear', 'gamma': 'auto', 'epsilon': 0.1}",pca,False,True,20,[],203,21.734021929414467,27.044161326473226,-3.4657597438741488,4.206372670976506,-7.672132414850655
797,RF,"{'n_estimators': 300, 'max_depth': 20, 'min_samples_split': 10, 'max_features': 'log2'}",freq,True,True,N/A,[],203,23.00928728309708,26.059449623210345,-3.1375182486239535,4.557484905643517,-7.695003154267471
812,ET,"{'n_estimators': 100, 'max_depth': None, 'min_samples_split': 5, 'max_features': 0.5}",pca,True,True,15,[],203,25.018172438305825,29.24292493087124,-4.150780037690384,3.546167927820227,-7.696947965510612
528,RF,"{'n_estimators': 500, 'max_depth': 20, 'min_samples_split': 10, 'max_features': 0.5}",freq,True,True,N/A,[],203,23.233883773266754,26.22940578555635,-3.164544822816048,4.548717510865623,-7.713262333681671
546,SVM,"{'C': 10, 'kernel': 'linear', 'gamma': 'auto', 'epsilon': 1.0}",pca,True,False,10,[],297,29.837453197992,34.02675793840968,-3.361593694528971,4.361012252906126,-7.722605947435097
246,NN,"{'hidden_layer_sizes': (256, 256), 'activation': 'tanh', 'alpha': 0.001, 'learning_rate_init': 0.001, 'max_iter': 1000, 'early_stopping': False}",pca,False,True,10,[],203,24.773360845463632,27.463971195037374,-3.468870291316821,4.265154305695876,-7.734024597012697
466,SVM,"{'C': 1, 'kernel': 'poly', 'gamma': 'auto', 'epsilon': 1.0}",pca,True,False,10,[],297,30.84652543102516,34.5124337172064,-3.3022043972554194,4.431934163718587,-7.7341385609740065
64,RF,"{'n_estimators': 300, 'max_depth': None, 'min_samples_split': 5, 'max_features': 'log2'}",freq,True,True,N/A,[],203,23.489908811785934,26.54931117960687,-3.225643672426606,4.509429332646397,-7.735073005073003
858,RF,"{'n_estimators': 100, 'max_depth': 20, 'min_samples_split': 5, 'max_features': 'log2'}",freq,True,True,N/A,[],203,23.289203471217828,26.277041286593843,-3.1874888908412107,4.5558919705131045,-7.743380861354315
331,RF,"{'n_estimators': 100, 'max_depth': None, 'min_samples_split': 5, 'max_features': 0.5}",freq,False,True,N/A,[],203,23.72295437442071,26.783093369586307,-3.2597910017214606,4.492916544670567,-7.752707546392028
907,NN,"{'hidden_layer_sizes': (128,), 'activation': 'tanh', 'alpha': 0.0001, 'learning_rate_init': 0.0005, 'max_iter': 1000, 'early_stopping': False}",freq,True,True,N/A,[],203,23.893090062000187,28.19408832545103,-3.540509135010998,4.23040300094977,-7.770912135960768
567,RF,"{'n_estimators': 100, 'max_depth': 10, 'min_samples_split': 2, 'max_features': 'sqrt'}",freq,True,True,N/A,[],203,23.250481831088027,26.237742434998154,-3.191972457395773,4.580923557475704,-7.772896014871478
730,RF,"{'n_estimators': 100, 'max_depth': 10, 'min_samples_split': 2, 'max_features': 'log2'}",freq,True,True,N/A,[],203,23.250481831088027,26.237742434998154,-3.191972457395773,4.580923557475704,-7.772896014871478
418,NN,"{'hidden_layer_sizes': (256, 256), 'activation': 'tanh', 'alpha': 0.01, 'learning_rate_init': 0.001, 'max_iter': 1000, 'early_stopping': False}",pca,False,True,5,[],203,26.564735489530133,29.86334048869371,-3.652893368299972,4.14165922918521,-7.794552597485183
493,NN,"{'hidden_layer_sizes': (256, 256), 'activation': 'relu', 'alpha': 0.0001, 'learning_rate_init': 0.001, 'max_iter': 1000, 'early_stopping': False}",pca,False,True,5,[],203,25.478835717712403,28.91248654360382,-3.5074161064943756,4.3018677140708705,-7.809283820565247
43,NN,"{'hidden_layer_sizes': (256, 256), 'activation': 'tanh', 'alpha': 0.0001, 'learning_rate_init': 0.0001, 'max_iter': 1000, 'early_stopping': False}",pca,True,True,10,[],203,25.26345738690726,28.57742585507545,-3.587976744375196,4.227413144787418,-7.8153898891626135
240,RF,"{'n_estimators': 200, 'max_depth': 20, 'min_samples_split': 5, 'max_features': 0.5}",pca,True,False,15,[],297,29.173911817438427,35.69443358194374,-3.4125344865024174,4.466858409717026,-7.879392896219443
923,NN,"{'hidden_layer_sizes': (128, 128), 'activation': 'tanh', 'alpha': 0.0001, 'learning_rate_init': 0.001, 'max_iter': 1000, 'early_stopping': False}",,True,True,N/A,['printerBrandType'],168,18.491312741961913,20.906329091305107,-3.729242207129013,4.18596168664022,-7.915203893769233
94,RF,"{'n_estimators': 200, 'max_depth': 5, 'min_samples_split': 2, 'max_features': 'sqrt'}",pca,False,False,20,[],297,29.98957931575083,36.116699663347255,-3.4610331855781156,4.465946174405126,-7.926979359983241
883,RF,"{'n_estimators': 100, 'max_depth': 5, 'min_samples_split': 5, 'max_features': 'sqrt'}",pca,False,True,5,[],203,27.220528854632278,31.530898682066066,-4.421971496424569,3.5147367876460023,-7.936708284070571
969,SVM,"{'C': 1, 'kernel': 'rbf', 'gamma': 'scale', 'epsilon': 0.5}",pca,False,False,10,['relationExtrusionWeight'],287,38.627678616736915,45.22552684525363,-4.493026934132345,3.445891958221944,-7.938918892354289
252,NN,"{'hidden_layer_sizes': (256, 256), 'activation': 'relu', 'alpha': 0.001, 'learning_rate_init': 0.0001, 'max_iter': 1000, 'early_stopping': False}",pca,True,True,15,[],203,24.647588723057925,28.230531365037876,-3.942980874779696,4.020216061038789,-7.963196935818485
219,ET,"{'n_estimators': 200, 'max_depth': 5, 'min_samples_split': 5, 'max_features': 'log2'}",pca,True,False,15,"['relationExtrusionWeight', 'drugConcentration']",287,29.249843652811013,34.2660293465071,-3.4702168260482473,4.49873469056296,-7.968951516611208
51,SVM,"{'C': 100, 'kernel': 'poly', 'gamma': 'auto', 'epsilon': 0.01}",pca,True,True,5,[],203,23.41336724448529,27.110000888540167,-3.25758498114905,4.730716848566702,-7.988301829715752
491,RF,"{'n_estimators': 200, 'max_depth': None, 'min_samples_split': 10, 'max_features': 'sqrt'}",pca,True,False,20,"['printerBrandType', 'drugConcentration']",262,28.561443006944632,35.551473038690254,-3.866429531028727,4.159388030508777,-8.025817561537504
140,SVM,"{'C': 100, 'kernel': 'rbf', 'gamma': 'scale', 'epsilon': 1.0}",,False,False,N/A,['drugConcentration'],297,31.33953596056415,38.69900372876311,-3.7276828738324554,4.305492740078057,-8.033175613910512
475,RF,"{'n_estimators': 300, 'max_depth': None, 'min_samples_split': 2, 'max_features': 0.5}",pca,True,True,15,[],203,25.844974961334206,30.464381958073687,-4.401064132640978,3.646736163279102,-8.04780029592008
379,NN,"{'hidden_layer_sizes': (64,), 'activation': 'relu', 'alpha': 0.001, 'learning_rate_init': 0.001, 'max_iter': 1000, 'early_stopping': False}",pca,True,False,20,[],297,28.50247135305627,35.03856726794114,-3.4354771172863128,4.6159403468272275,-8.051417464113541
374,RF,"{'n_estimators': 100, 'max_depth': 5, 'min_samples_split': 10, 'max_features': 'sqrt'}",pca,False,True,10,[],203,26.952735621204084,30.82961853439475,-4.365245317817794,3.7106365441388136,-8.075881861956608
925,RF,"{'n_estimators': 500, 'max_depth': 5, 'min_samples_split': 10, 'max_features': 'log2'}",pca,False,True,10,[],203,27.088094205918484,31.047844930316263,-4.426685050084259,3.7096091643781204,-8.13629421446238
649,RF,"{'n_estimators': 500, 'max_depth': 30, 'min_samples_split': 2, 'max_features': 0.5}",pca,False,True,15,[],203,25.861026391968466,30.54081820141849,-4.445466749226142,3.6924543827894687,-8.137921132015611
280,NN,"{'hidden_layer_sizes': (128, 128), 'activation': 'tanh', 'alpha': 0.001, 'learning_rate_init': 0.0001, 'max_iter': 1000, 'early_stopping': False}",pca,True,True,5,[],203,26.77800191900467,30.31136400338093,-3.8485255393300366,4.302592714892281,-8.151118254222318
383,ET,"{'n_estimators': 300, 'max_depth': 30, 'min_samples_split': 2, 'max_features': 0.5}",pca,False,True,15,[],203,25.641707163094356,29.995628142167494,-4.42554003962644,3.7271345493439423,-8.152674588970381
795,SVM,"{'C': 100, 'kernel': 'rbf', 'gamma': 'auto', 'epsilon': 1.0}",pca,True,True,5,[],203,29.106504691129604,32.73128762969506,-4.463896176492631,3.736865998227858,-8.20076217472049
976,NN,"{'hidden_layer_sizes': (128,), 'activation': 'tanh', 'alpha': 0.0001, 'learning_rate_init': 0.0005, 'max_iter': 1000, 'early_stopping': False}",freq,False,False,N/A,['relationExtrusionWeight'],287,33.99855891691249,37.985404892506786,-3.800582262851058,4.416178676737149,-8.216760939588207
161,NN,"{'hidden_layer_sizes': (64,), 'activation': 'relu', 'alpha': 0.01, 'learning_rate_init': 0.001, 'max_iter': 1000, 'early_stopping': False}",pca,True,True,15,[],203,24.836099755431835,28.354370744674338,-3.9807475832551873,4.272773793001496,-8.253521376256684
838,NN,"{'hidden_layer_sizes': (256, 256), 'activation': 'tanh', 'alpha': 0.0001, 'learning_rate_init': 0.0001, 'max_iter': 1000, 'early_stopping': False}",freq,False,True,N/A,[],203,32.02670704815633,34.98119328111743,-4.895642130954026,3.360943959044664,-8.25658608999869
65,NN,"{'hidden_layer_sizes': (64, 64), 'activation': 'relu', 'alpha': 0.0001, 'learning_rate_init': 0.0001, 'max_iter': 1000, 'early_stopping': False}",freq,True,True,N/A,[],203,26.43934937968,31.583314765266227,-4.565653860633231,3.7190722555551847,-8.284726116188416
671,NN,"{'hidden_layer_sizes': (256, 256), 'activation': 'relu', 'alpha': 0.0001, 'learning_rate_init': 0.0001, 'max_iter': 1000, 'early_stopping': False}",,False,False,N/A,['relationExtrusionWeight'],287,33.117398229375276,36.637818953382435,-3.707136584403757,4.590461957059757,-8.297598541463515
778,NN,"{'hidden_layer_sizes': (128, 128), 'activation': 'tanh', 'alpha': 0.0001, 'learning_rate_init': 0.0001, 'max_iter': 1000, 'early_stopping': False}",freq,True,False,N/A,"['printerBrandType', 'drugConcentration']",262,23.498590107185247,27.695275180201588,-3.338719321006687,4.997088935464574,-8.33580825647126
662,ET,"{'n_estimators': 100, 'max_depth': 30, 'min_samples_split': 10, 'max_features': 0.5}",pca,False,False,15,[],297,29.30389709510676,36.06336568877728,-3.623473659143444,4.73781353882015,-8.361287197963595
137,SVM,"{'C': 100, 'kernel': 'linear', 'gamma': 'scale', 'epsilon': 0.5}",pca,True,True,5,[],203,25.70804412903485,28.84753876523301,-3.6058398460082777,4.769408758399028,-8.375248604407306
330,NN,"{'hidden_layer_sizes': (64,), 'activation': 'relu', 'alpha': 0.0001, 'learning_rate_init': 0.0001, 'max_iter': 1000, 'early_stopping': False}",freq,False,True,N/A,"['printerBrandType', 'relationExtrusionWeight']",168,19.883619906981835,22.252779964530504,-4.169724980060198,4.208136287746366,-8.377861267806564
366,RF,"{'n_estimators': 300, 'max_depth': 10, 'min_samples_split': 5, 'max_features': 0.5}",pca,True,False,15,[],297,29.449429886934652,35.993813199672154,-3.621143441919905,4.773666859225592,-8.394810301145498
577,SVM,"{'C': 10, 'kernel': 'linear', 'gamma': 'auto', 'epsilon': 0.5}",pca,True,True,5,[],203,26.393319455992195,29.72708713566367,-3.6986039002712903,4.702837650336982,-8.401441550608272
150,NN,"{'hidden_layer_sizes': (64,), 'activation': 'tanh', 'alpha': 0.01, 'learning_rate_init': 0.001, 'max_iter': 1000, 'early_stopping': False}",pca,False,True,15,[],203,27.156658203814214,30.89003201134568,-4.400548205366204,4.030066411728663,-8.430614617094868
102,NN,"{'hidden_layer_sizes': (256, 256), 'activation': 'relu', 'alpha': 0.01, 'learning_rate_init': 0.001, 'max_iter': 1000, 'early_stopping': False}",freq,False,False,N/A,"['relationExtrusionWeight', 'drugConcentration']",287,36.208593168788106,40.36385026014002,-4.243480223028186,4.28386540381327,-8.527345626841456
513,SVM,"{'C': 1, 'kernel': 'rbf', 'gamma': 'auto', 'epsilon': 0.5}",freq,False,False,N/A,"['relationExtrusionWeight', 'drugConcentration']",287,32.62788090357401,36.542908792027134,-3.8785616690585036,4.649823708303373,-8.528385377361877
905,ET,"{'n_estimators': 300, 'max_depth': 30, 'min_samples_split': 5, 'max_features': 'sqrt'}",pca,False,False,15,[],297,28.9025978296559,35.665934238230555,-3.6645278730434647,4.932077443975543,-8.596605317019009
184,NN,"{'hidden_layer_sizes': (256, 256), 'activation': 'tanh', 'alpha': 0.0001, 'learning_rate_init': 0.0001, 'max_iter': 1000, 'early_stopping': False}",pca,False,True,5,[],203,32.39042824023827,35.483387637164526,-5.140373861515127,3.4919064243855464,-8.632280285900674
878,SVM,"{'C': 0.1, 'kernel': 'poly', 'gamma': 'auto', 'epsilon': 1.0}",freq,False,True,N/A,['printerBrandType'],168,20.30711656585916,22.806395635214106,-4.377649460045415,4.260577963779135,-8.63822742382455
541,ET,"{'n_estimators': 100, 'max_depth': None, 'min_samples_split': 10, 'max_features': 'sqrt'}",pca,True,True,10,[],203,27.58620400047954,31.485802122844447,-4.743852489102337,3.922556558640362,-8.666409047742698
758,NN,"{'hidden_layer_sizes': (128,), 'activation': 'tanh', 'alpha': 0.01, 'learning_rate_init': 0.0005, 'max_iter': 1000, 'early_stopping': False}",,True,False,N/A,['drugConcentration'],297,31.814610721075173,35.03892240431402,-3.721106934538495,4.984061660276731,-8.705168594815225
444,NN,"{'hidden_layer_sizes': (256, 256), 'activation': 'relu', 'alpha': 0.001, 'learning_rate_init': 0.0001, 'max_iter': 1000, 'early_stopping': False}",pca,False,True,10,"['printerBrandType', 'relationExtrusionWeight']",168,19.65009184036821,22.151653029911913,-4.2410586955679515,4.490416087991119,-8.73147478355907
326,ET,"{'n_estimators': 500, 'max_depth': None, 'min_samples_split': 5, 'max_features': 0.5}",,True,True,N/A,['printerBrandType'],168,19.369574362992406,21.676227473339836,-4.151295214971631,4.68454959793062,-8.835844812902252
645,NN,"{'hidden_layer_sizes': (128, 128), 'activation': 'tanh', 'alpha': 0.0001, 'learning_rate_init': 0.0005, 'max_iter': 1000, 'early_stopping': False}",pca,True,True,5,[],203,27.158928990437783,30.856429039977446,-4.124450024842873,4.714959741354582,-8.839409766197456
706,RF,"{'n_estimators': 200, 'max_depth': 20, 'min_samples_split': 5, 'max_features': 'sqrt'}",pca,False,False,15,[],297,29.691424105826698,36.22452932911539,-3.8037021387042604,5.0433187296311335,-8.847020868335393
814,ET,"{'n_estimators': 500, 'max_depth': 30, 'min_samples_split': 10, 'max_features': 0.5}",pca,False,True,10,[],203,27.655213368819357,31.684335418088832,-4.869973229494993,4.020133381586808,-8.890106611081801
18,ET,"{'n_estimators': 200, 'max_depth': None, 'min_samples_split': 10, 'max_features': 0.5}",pca,False,True,10,[],203,27.70139083051892,31.74723580798657,-4.878263936304555,4.021189482787819,-8.899453419092374
287,RF,"{'n_estimators': 100, 'max_depth': 30, 'min_samples_split': 10, 'max_features': 0.5}",pca,False,True,5,[],203,28.28870195978837,32.78274264655594,-4.975487006008754,3.92827274655902,-8.903759752567774
729,RF,"{'n_estimators': 200, 'max_depth': 20, 'min_samples_split': 10, 'max_features': 0.5}",pca,False,True,5,[],203,28.270664121361296,32.76833790466995,-4.97492998528003,3.9305573031255876,-8.905487288405618
590,SVM,"{'C': 1, 'kernel': 'poly', 'gamma': 'scale', 'epsilon': 0.01}",pca,True,True,15,['printerBrandType'],168,21.32850627041961,22.601554006715606,-4.33018140451011,4.600775519963429,-8.93095692447354
82,SVM,"{'C': 0.1, 'kernel': 'poly', 'gamma': 'scale', 'epsilon': 0.5}",pca,False,True,20,"['printerBrandType', 'relationExtrusionWeight', 'drugConcentration']",168,20.338358976802052,22.983378437614267,-4.504415409106028,4.432573525349429,-8.936988934455457
868,ET,"{'n_estimators': 500, 'max_depth': 5, 'min_samples_split': 5, 'max_features': 'sqrt'}",pca,False,False,20,[],297,29.515039891005404,34.74355973505473,-3.7744538625196036,5.1904206350901605,-8.964874497609763
821,RF,"{'n_estimators': 500, 'max_depth': 30, 'min_samples_split': 10, 'max_features': 0.5}",,False,True,N/A,"['printerBrandType', 'relationExtrusionWeight', 'drugConcentration']",168,19.805651882009943,23.057893558798497,-4.4894605170777835,4.497780904318331,-8.987241421396114
264,RF,"{'n_estimators': 500, 'max_depth': None, 'min_samples_split': 2, 'max_features': 0.5}",,True,False,N/A,['drugConcentration'],297,32.055210044648,39.29905958720524,-4.093663607905494,4.931869047857362,-9.025532655762856
171,RF,"{'n_estimators': 500, 'max_depth': 30, 'min_samples_split': 2, 'max_features': 'log2'}",,True,False,N/A,['drugConcentration'],297,32.05521004464799,39.29905958720524,-4.093663607905494,4.931869047857362,-9.025532655762856
300,RF,"{'n_estimators': 500, 'max_depth': None, 'min_samples_split': 2, 'max_features': 'sqrt'}",,False,False,N/A,['drugConcentration'],297,32.056202952449404,39.29968040327364,-4.093733864403416,4.9318158686051765,-9.025549733008592
906,ET,"{'n_estimators': 300, 'max_depth': 5, 'min_samples_split': 2, 'max_features': 'sqrt'}",,True,True,N/A,"['printerBrandType', 'drugConcentration']",168,18.94085063802332,21.456004279347656,-4.1953344029817465,4.836431546955995,-9.031765949937743
303,SVM,"{'C': 100, 'kernel': 'rbf', 'gamma': 'scale', 'epsilon': 0.5}",pca,False,True,5,[],203,24.85732028551405,28.55262757461975,-3.767503234680072,5.285109274928125,-9.052612509608197
710,RF,"{'n_estimators': 300, 'max_depth': 10, 'min_samples_split': 5, 'max_features': 0.5}",,True,False,N/A,['drugConcentration'],297,32.16348151529885,39.212346003214485,-4.0995944415879615,4.995861135579355,-9.095455577167318
411,ET,"{'n_estimators': 100, 'max_depth': 30, 'min_samples_split': 5, 'max_features': 'sqrt'}",,False,False,N/A,['drugConcentration'],297,32.17431177536934,39.02880088813332,-4.0887284693405865,5.014583260118819,-9.103311729459406
315,RF,"{'n_estimators': 200, 'max_depth': 30, 'min_samples_split': 10, 'max_features': 0.5}",,False,True,N/A,"['printerBrandType', 'relationExtrusionWeight', 'drugConcentration']",168,19.7419494454215,23.009676900042123,-4.517398467007895,4.596508461606544,-9.113906928614439
257,ET,"{'n_estimators': 300, 'max_depth': 30, 'min_samples_split': 2, 'max_features': 0.5}",,False,True,N/A,"['printerBrandType', 'relationExtrusionWeight']",168,22.536079130970098,24.339203450610515,-4.765969968549054,4.3606638182266595,-9.126633786775713
236,RF,"{'n_estimators': 100, 'max_depth': None, 'min_samples_split': 2, 'max_features': 'sqrt'}",pca,True,True,10,[],203,27.785320583887664,32.4203409469639,-5.033856675601029,4.095789810313346,-9.129646485914375
543,RF,"{'n_estimators': 500, 'max_depth': 10, 'min_samples_split': 2, 'max_features': 'sqrt'}",pca,False,True,10,[],203,27.956883485590698,32.4619745369344,-5.041173995755158,4.10764443039062,-9.148818426145777
572,RF,"{'n_estimators': 100, 'max_depth': 20, 'min_samples_split': 2, 'max_features': 0.5}",,True,True,N/A,"['printerBrandType', 'relationExtrusionWeight', 'drugConcentration']",168,19.429377507093676,23.27717038922718,-4.623270013874577,4.545576909523504,-9.168846923398082
960,SVM,"{'C': 10, 'kernel': 'rbf', 'gamma': 'scale', 'epsilon': 0.1}",pca,True,True,15,[],203,21.45155954325295,24.35265218589215,-3.5183811432521335,5.669553934818296,-9.18793507807043
755,NN,"{'hidden_layer_sizes': (128, 128), 'activation': 'relu', 'alpha': 0.01, 'learning_rate_init': 0.001, 'max_iter': 1000, 'early_stopping': False}",,True,False,N/A,['relationExtrusionWeight'],287,35.35233761189576,40.219051928347746,-4.315572885666069,4.884186711629506,-9.199759597295575
663,RF,"{'n_estimators': 200, 'max_depth': None, 'min_samples_split': 2, 'max_features': 0.5}",pca,False,True,10,[],203,28.041246467652712,32.62556008849521,-5.101194763151304,4.146238886936006,-9.24743365008731
462,RF,"{'n_estimators': 200, 'max_depth': 30, 'min_samples_split': 2, 'max_features': 0.5}",pca,False,True,5,[],203,28.266503262151122,33.0776789652723,-5.12981041900587,4.129545917141377,-9.259356336147247
711,RF,"{'n_estimators': 500, 'max_depth': 30, 'min_samples_split': 5, 'max_features': 'log2'}",pca,False,False,15,[],297,29.86509051386426,36.30292116402754,-3.9689858967841247,5.30784044204214,-9.276826338826265
342,RF,"{'n_estimators': 200, 'max_depth': 10, 'min_samples_split': 10, 'max_features': 0.5}",pca,True,True,10,[],203,28.34180290380036,32.68865396683291,-5.147420426090723,4.134058320927001,-9.281478747017724
819,RF,"{'n_estimators': 200, 'max_depth': 10, 'min_samples_split': 2, 'max_features': 'sqrt'}",pca,False,False,15,[],297,30.64460842159191,37.34809291251226,-4.023387070430552,5.263248779005709,-9.28663584943626
271,ET,"{'n_estimators': 200, 'max_depth': None, 'min_samples_split': 5, 'max_features': 'sqrt'}",pca,False,True,5,[],203,28.73366331634433,33.10764983590695,-5.187449638267821,4.110578671458655,-9.298028309726476
176,NN,"{'hidden_layer_sizes': (256, 256), 'activation': 'tanh', 'alpha': 0.0001, 'learning_rate_init': 0.0001, 'max_iter': 1000, 'early_stopping': False}",pca,False,True,15,[],203,32.212240755709814,35.97681832994377,-5.476871115920065,3.8271190232382546,-9.30399013915832
743,RF,"{'n_estimators': 200, 'max_depth': 10, 'min_samples_split': 10, 'max_features': 0.5}",,True,False,N/A,['relationExtrusionWeight'],287,35.63143764159355,40.67189703326677,-4.410283593930468,4.950533811654491,-9.36081740558496
596,SVM,"{'C': 100, 'kernel': 'rbf', 'gamma': 'scale', 'epsilon': 0.01}",,True,True,N/A,['printerBrandType'],168,21.64659052914754,24.47944638507673,-5.024020817227662,4.389696790813654,-9.413717608041317
320,RF,"{'n_estimators': 500, 'max_depth': 5, 'min_samples_split': 10, 'max_features': 'sqrt'}",,False,False,N/A,['relationExtrusionWeight'],287,35.72394426627556,40.7740301464849,-4.449771314963084,4.995906497593729,-9.445677812556813
807,ET,"{'n_estimators': 200, 'max_depth': None, 'min_samples_split': 5, 'max_features': 'log2'}",pca,False,False,10,['relationExtrusionWeight'],287,28.32669701905,34.57671383245921,-4.070479929608246,5.424335777211554,-9.4948157068198
557,ET,"{'n_estimators': 300, 'max_depth': 5, 'min_samples_split': 10, 'max_features': 'sqrt'}",pca,True,False,15,[],297,29.952301294713127,35.28443500111948,-4.032526968216085,5.502040407748792,-9.534567375964876
804,SVM,"{'C': 100, 'kernel': 'poly', 'gamma': 'auto', 'epsilon': 1.0}",pca,True,True,15,"['printerBrandType', 'relationExtrusionWeight']",168,21.635531224198104,22.865914667503414,-4.608079501874907,4.947766794115659,-9.555846295990566
336,ET,"{'n_estimators': 500, 'max_depth': 20, 'min_samples_split': 2, 'max_features': 0.5}",pca,False,True,5,[],203,28.660422292025952,33.239141701536,-5.314513203743242,4.257923823133509,-9.57243702687675
823,ET,"{'n_estimators': 300, 'max_depth': 30, 'min_samples_split': 2, 'max_features': 'sqrt'}",pca,False,True,5,[],203,28.690837935588956,33.24778613840191,-5.329746432227517,4.273618554486277,-9.603364986713794
835,NN,"{'hidden_layer_sizes': (64, 64), 'activation': 'relu', 'alpha': 0.01, 'learning_rate_init': 0.0001, 'max_iter': 1000, 'early_stopping': False}",pca,True,False,5,[],297,29.961403390141623,35.22690155787443,-4.044635943652324,5.561272700707076,-9.605908644359399
122,SVM,"{'C': 1, 'kernel': 'linear', 'gamma': 'auto', 'epsilon': 0.01}",pca,True,False,5,"['printerBrandType', 'relationExtrusionWeight', 'drugConcentration']",262,28.548672686844714,32.77094225336349,-4.228487270894813,5.416554475595491,-9.645041746490303
580,RF,"{'n_estimators': 500, 'max_depth': None, 'min_samples_split': 2, 'max_features': 'sqrt'}",,False,True,N/A,"['printerBrandType', 'relationExtrusionWeight', 'drugConcentration']",168,20.50632517832033,24.629304847060258,-5.089012467569031,4.557677774280371,-9.646690241849402
323,RF,"{'n_estimators': 500, 'max_depth': 30, 'min_samples_split': 5, 'max_features': 0.5}",,True,True,N/A,"['printerBrandType', 'drugConcentration']",168,18.87981691521151,22.942732941157043,-4.733334542922319,4.915030816677315,-9.648365359599634
579,SVM,"{'C': 10, 'kernel': 'rbf', 'gamma': 'auto', 'epsilon': 0.5}",pca,False,False,20,['printerBrandType'],262,29.157242469899742,33.243353222475676,-4.253252699638548,5.470701221861452,-9.7239539215
282,SVM,"{'C': 10, 'kernel': 'linear', 'gamma': 'scale', 'epsilon': 0.1}",freq,False,False,N/A,[],297,29.671116606765068,34.0531475607068,-4.065398078863997,5.733848084270336,-9.799246163134333
90,SVM,"{'C': 0.1, 'kernel': 'linear', 'gamma': 'scale', 'epsilon': 1.0}",freq,True,True,N/A,"['printerBrandType', 'relationExtrusionWeight', 'drugConcentration']",168,21.94358986939763,23.204400323815864,-4.796431822157113,5.046446140804403,-9.842877962961516
182,NN,"{'hidden_layer_sizes': (256, 256), 'activation': 'tanh', 'alpha': 0.001, 'learning_rate_init': 0.0005, 'max_iter': 1000, 'early_stopping': False}",pca,True,False,20,[],297,28.250848772848173,33.563057572563984,-4.049780460948622,5.807138275530762,-9.856918736479383
829,ET,"{'n_estimators': 100, 'max_depth': 10, 'min_samples_split': 5, 'max_features': 'sqrt'}",,False,True,N/A,"['printerBrandType', 'relationExtrusionWeight', 'drugConcentration']",168,20.586256267481442,23.1888047188901,-4.76326953045818,5.107810286097514,-9.871079816555694
244,SVM,"{'C': 100, 'kernel': 'rbf', 'gamma': 'auto', 'epsilon': 1.0}",freq,False,False,N/A,[],297,29.618186108172768,34.31687940062994,-4.117537940596324,5.775993635819822,-9.893531576416146
919,NN,"{'hidden_layer_sizes': (128,), 'activation': 'tanh', 'alpha': 0.01, 'learning_rate_init': 0.001, 'max_iter': 1000, 'early_stopping': False}",pca,False,False,15,[],297,29.31344357104811,34.178894958020614,-4.1450625530910115,5.851333847557607,-9.996396400648617
611,NN,"{'hidden_layer_sizes': (128, 128), 'activation': 'relu', 'alpha': 0.01, 'learning_rate_init': 0.0001, 'max_iter': 1000, 'early_stopping': False}",pca,True,False,20,[],297,29.241642948101184,35.04491571508894,-4.165282318843075,5.838522686416084,-10.00380500525916
792,NN,"{'hidden_layer_sizes': (128, 128), 'activation': 'relu', 'alpha': 0.001, 'learning_rate_init': 0.0001, 'max_iter': 1000, 'early_stopping': False}",pca,True,False,20,[],297,29.243658968742086,35.04620337391641,-4.166058307146628,5.8396087701762704,-10.005667077322897
478,ET,"{'n_estimators': 100, 'max_depth': 10, 'min_samples_split': 10, 'max_features': 0.5}",pca,False,False,10,[],297,30.116077499310762,36.18302257567819,-4.3934329439479365,5.96274004709458,-10.356172991042516
564,RF,"{'n_estimators': 200, 'max_depth': 20, 'min_samples_split': 2, 'max_features': 'log2'}",pca,True,False,15,[],297,31.305563402941942,38.18063204366093,-4.475943712881379,5.892053973775964,-10.367997686657343
770,ET,"{'n_estimators': 300, 'max_depth': None, 'min_samples_split': 5, 'max_features': 'sqrt'}",,False,True,N/A,"['printerBrandType', 'drugConcentration']",168,19.619209201478927,23.726369391758016,-5.140854919387798,5.257672803640781,-10.398527723028579
357,NN,"{'hidden_layer_sizes': (256, 256), 'activation': 'relu', 'alpha': 0.001, 'learning_rate_init': 0.001, 'max_iter': 1000, 'early_stopping': False}",pca,True,True,5,[],203,29.93573237609282,35.59768675766356,-5.90281605386064,4.545088308686689,-10.44790436254733
857,SVM,"{'C': 1, 'kernel': 'poly', 'gamma': 'auto', 'epsilon': 0.1}",freq,False,False,N/A,[],297,37.20336403246756,44.806179186745,-5.186903627559649,5.26706227640636,-10.453965903966008
497,SVM,"{'C': 100, 'kernel': 'poly', 'gamma': 'auto', 'epsilon': 0.1}",pca,False,False,10,[],297,37.08293011208366,44.66319629745285,-5.177230380897281,5.290657512926243,-10.467887893823523
20,NN,"{'hidden_layer_sizes': (64, 64), 'activation': 'relu', 'alpha': 0.001, 'learning_rate_init': 0.001, 'max_iter': 1000, 'early_stopping': False}",freq,True,True,N/A,[],203,28.261897264625276,33.54308545397009,-5.476797333924503,5.019543518185849,-10.496340852110352
494,NN,"{'hidden_layer_sizes': (256, 256), 'activation': 'tanh', 'alpha': 0.01, 'learning_rate_init': 0.0005, 'max_iter': 1000, 'early_stopping': False}",pca,False,False,15,[],297,29.788743726425338,34.26796607616121,-4.36911797929913,6.199343001158877,-10.568460980458006
887,RF,"{'n_estimators': 300, 'max_depth': 5, 'min_samples_split': 2, 'max_features': 'log2'}",freq,False,True,N/A,"['relationExtrusionWeight', 'drugConcentration']",193,23.527061180512334,25.810823961207976,-4.450548406343444,6.127184076101369,-10.577732482444812
317,NN,"{'hidden_layer_sizes': (128,), 'activation': 'relu', 'alpha': 0.01, 'learning_rate_init': 0.0005, 'max_iter': 1000, 'early_stopping': False}",pca,True,False,5,[],297,30.732759844838245,36.259659904722774,-4.489635048244266,6.124837508859423,-10.614472557103689
622,NN,"{'hidden_layer_sizes': (64, 64), 'activation': 'relu', 'alpha': 0.01, 'learning_rate_init': 0.0001, 'max_iter': 1000, 'early_stopping': False}",freq,False,False,N/A,[],297,47.01286808562312,53.464565833411136,-6.3992385265699525,4.364307390857943,-10.763545917427894
142,NN,"{'hidden_layer_sizes': (128, 128), 'activation': 'relu', 'alpha': 0.0001, 'learning_rate_init': 0.001, 'max_iter': 1000, 'early_stopping': False}",pca,True,False,10,[],297,28.381921694164124,33.65419936017664,-4.457252603212621,6.321952685833219,-10.77920528904584
522,SVM,"{'C': 10, 'kernel': 'rbf', 'gamma': 'auto', 'epsilon': 0.01}",freq,True,False,N/A,"['printerBrandType', 'relationExtrusionWeight', 'drugConcentration']",262,26.3567745926197,30.196790226315017,-4.42761038350292,6.456612712333788,-10.884223095836708
278,NN,"{'hidden_layer_sizes': (256, 256), 'activation': 'tanh', 'alpha': 0.0001, 'learning_rate_init': 0.001, 'max_iter': 1000, 'early_stopping': False}",pca,True,True,10,[],203,28.322212193326823,34.03681393244338,-6.0358040193881655,4.855569696248402,-10.891373715636568
470,NN,"{'hidden_layer_sizes': (128, 128), 'activation': 'relu', 'alpha': 0.0001, 'learning_rate_init': 0.001, 'max_iter': 1000, 'early_stopping': False}",pca,True,False,15,[],297,30.83291769508864,37.688903140884754,-4.71625009870113,6.250123040552734,-10.966373139253864
894,NN,"{'hidden_layer_sizes': (256, 256), 'activation': 'relu', 'alpha': 0.01, 'learning_rate_init': 0.0001, 'max_iter': 1000, 'early_stopping': False}",pca,True,False,5,[],297,30.71148853124537,36.73270402664334,-4.686803931256674,6.288654911959177,-10.97545884321585
805,NN,"{'hidden_layer_sizes': (128, 128), 'activation': 'tanh', 'alpha': 0.001, 'learning_rate_init': 0.001, 'max_iter': 1000, 'early_stopping': False}",pca,True,False,15,[],297,30.050256975444018,35.89850015929281,-4.661626111935438,6.444274892394856,-11.105901004330294
132,SVM,"{'C': 1, 'kernel': 'linear', 'gamma': 'scale', 'epsilon': 0.1}",freq,False,False,N/A,[],297,31.545452549320885,36.776674474607745,-4.736157756947352,6.423914196252415,-11.160071953199768
189,SVM,"{'C': 10, 'kernel': 'rbf', 'gamma': 'auto', 'epsilon': 0.1}",freq,False,False,N/A,[],297,31.239328306216237,36.477734781913405,-4.717884758942502,6.461253574608467,-11.17913833355097
198,NN,"{'hidden_layer_sizes': (256,), 'activation': 'relu', 'alpha': 0.0001, 'learning_rate_init': 0.0001, 'max_iter': 1000, 'early_stopping': False}",pca,True,False,20,[],297,30.57229754306155,36.70408202436004,-4.725143521744804,6.51206484002384,-11.237208361768644
642,SVM,"{'C': 0.1, 'kernel': 'linear', 'gamma': 'scale', 'epsilon': 0.5}",pca,False,False,15,[],297,36.732979572974024,43.79063540495141,-5.417233585312522,5.938894940502363,-11.356128525814885
311,RF,"{'n_estimators': 100, 'max_depth': 5, 'min_samples_split': 2, 'max_features': 'sqrt'}",pca,False,False,10,[],297,32.22292039777417,38.7518652141912,-4.909870892845347,6.490651448877773,-11.40052234172312
597,RF,"{'n_estimators': 300, 'max_depth': 5, 'min_samples_split': 10, 'max_features': 'log2'}",pca,True,False,10,[],297,31.807415046219532,38.379626260818576,-4.906721113234558,6.509332804217956,-11.416053917452514
774,NN,"{'hidden_layer_sizes': (64,), 'activation': 'relu', 'alpha': 0.001, 'learning_rate_init': 0.0001, 'max_iter': 1000, 'early_stopping': False}",pca,True,False,10,[],297,30.13412641546928,35.68854862022503,-4.778295401234444,6.658216458044136,-11.43651185927858
192,NN,"{'hidden_layer_sizes': (256,), 'activation': 'tanh', 'alpha': 0.01, 'learning_rate_init': 0.001, 'max_iter': 1000, 'early_stopping': False}",pca,True,False,5,[],297,31.14084104086237,36.308991573457924,-4.82164897421801,6.633211011847946,-11.454859986065955
669,NN,"{'hidden_layer_sizes': (128,), 'activation': 'tanh', 'alpha': 0.01, 'learning_rate_init': 0.001, 'max_iter': 1000, 'early_stopping': False}",pca,True,False,15,[],297,29.96702223184664,35.27296145307164,-4.769959310732081,6.705658782707538,-11.475618093439618
286,NN,"{'hidden_layer_sizes': (256,), 'activation': 'tanh', 'alpha': 0.0001, 'learning_rate_init': 0.001, 'max_iter': 1000, 'early_stopping': False}",pca,True,False,5,['drugConcentration'],297,31.716084921616844,37.64479926349044,-4.905907598841535,6.5927673762732635,-11.498674975114799
191,NN,"{'hidden_layer_sizes': (128, 128), 'activation': 'tanh', 'alpha': 0.0001, 'learning_rate_init': 0.0001, 'max_iter': 1000, 'early_stopping': False}",pca,True,False,20,[],297,30.05210167737358,35.82357057177205,-4.785139363452695,6.721270522206259,-11.506409885658954
105,NN,"{'hidden_layer_sizes': (256,), 'activation': 'relu', 'alpha': 0.01, 'learning_rate_init': 0.001, 'max_iter': 1000, 'early_stopping': False}",pca,False,False,15,[],297,30.202509596722706,35.88396771316497,-4.826028763571631,6.710127237584183,-11.536156001155813
9,NN,"{'hidden_layer_sizes': (128,), 'activation': 'relu', 'alpha': 0.01, 'learning_rate_init': 0.001, 'max_iter': 1000, 'early_stopping': False}",pca,False,False,15,[],297,30.26649653784386,35.85086735995146,-4.8249960571029,6.714979962183049,-11.539976019285948
527,SVM,"{'C': 1, 'kernel': 'rbf', 'gamma': 'auto', 'epsilon': 0.01}",pca,False,False,20,[],297,37.06532233687644,44.245121356253485,-5.537568136668791,6.025759246104143,-11.563327382772934
582,NN,"{'hidden_layer_sizes': (128,), 'activation': 'tanh', 'alpha': 0.01, 'learning_rate_init': 0.0001, 'max_iter': 1000, 'early_stopping': False}",pca,True,False,10,[],297,30.59449177044472,36.29211608277345,-4.868539263941398,6.722374924040582,-11.59091418798198
916,SVM,"{'C': 1, 'kernel': 'poly', 'gamma': 'scale', 'epsilon': 0.01}",pca,False,False,10,[],297,32.484503190968866,39.390496643023134,-5.050680710602605,6.545431285887891,-11.596111996490496
179,RF,"{'n_estimators': 300, 'max_depth': 5, 'min_samples_split': 10, 'max_features': 0.5}",pca,False,False,5,[],297,33.31680072084648,40.52242667665255,-5.101653374112787,6.506501348180506,-11.608154722293293
847,ET,"{'n_estimators': 100, 'max_depth': 20, 'min_samples_split': 2, 'max_features': 'log2'}",,False,True,N/A,"['printerBrandType', 'relationExtrusionWeight', 'drugConcentration']",168,21.285535814494153,25.190970343997453,-5.875012243430291,5.814467727631945,-11.689479971062237
473,NN,"{'hidden_layer_sizes': (256, 256), 'activation': 'relu', 'alpha': 0.01, 'learning_rate_init': 0.0001, 'max_iter': 1000, 'early_stopping': False}",freq,True,False,N/A,[],297,29.166596313629174,37.303085966633205,-5.0442122979100485,6.772576707638943,-11.81678900554899
509,RF,"{'n_estimators': 100, 'max_depth': 5, 'min_samples_split': 5, 'max_features': 'sqrt'}",pca,True,False,5,[],297,33.36868296927317,40.65157332842589,-5.188386736642006,6.637782452785171,-11.826169189427176
69,NN,"{'hidden_layer_sizes': (256,), 'activation': 'relu', 'alpha': 0.001, 'learning_rate_init': 0.001, 'max_iter': 1000, 'early_stopping': False}",,False,False,N/A,"['printerBrandType', 'relationExtrusionWeight']",262,31.04974807356842,32.87393992014393,-5.006025678995205,6.895079614871917,-11.901105293867122
606,ET,"{'n_estimators': 500, 'max_depth': None, 'min_samples_split': 10, 'max_features': 'sqrt'}",pca,False,False,5,[],297,30.722679420866328,36.67831878675141,-5.013869698209183,6.923537348741329,-11.937407046950511
288,NN,"{'hidden_layer_sizes': (128, 128), 'activation': 'relu', 'alpha': 0.001, 'learning_rate_init': 0.0001, 'max_iter': 1000, 'early_stopping': False}",pca,False,True,20,[],203,36.38836895832451,39.680076655990625,-7.019250329107369,4.97532831804836,-11.99457864715573
111,SVM,"{'C': 100, 'kernel': 'linear', 'gamma': 'auto', 'epsilon': 0.1}",pca,False,False,15,[],297,30.47902025003373,36.29391506066713,-5.0208784373459725,6.980229369914018,-12.001107807259991
202,ET,"{'n_estimators': 200, 'max_depth': 20, 'min_samples_split': 5, 'max_features': 'sqrt'}",freq,True,True,N/A,['relationExtrusionWeight'],193,25.621426422504754,27.811182301311003,-5.212256315030424,6.828798964711397,-12.04105527974182
195,NN,"{'hidden_layer_sizes': (256, 256), 'activation': 'relu', 'alpha': 0.01, 'learning_rate_init': 0.0001, 'max_iter': 1000, 'early_stopping': False}",pca,False,False,5,[],297,31.466190445182786,37.14792625193436,-5.098897272626874,6.9740445481192985,-12.072941820746173
44,ET,"{'n_estimators': 200, 'max_depth': 30, 'min_samples_split': 2, 'max_features': 0.5}",pca,True,False,10,[],297,32.696454393223,40.46179997313242,-5.25195492773001,6.834445451253961,-12.08640037898397
659,NN,"{'hidden_layer_sizes': (128, 128), 'activation': 'relu', 'alpha': 0.001, 'learning_rate_init': 0.0005, 'max_iter': 1000, 'early_stopping': False}",pca,True,False,5,[],297,29.810826171563917,35.389532756322374,-5.056651530650506,7.043525903795749,-12.100177434446255
450,RF,"{'n_estimators': 100, 'max_depth': 10, 'min_samples_split': 5, 'max_features': 0.5}",pca,True,True,5,"['relationExtrusionWeight', 'drugConcentration']",193,27.86204840363604,32.52549125529614,-6.292906333082288,5.868528182263015,-12.161434515345302
703,SVM,"{'C': 1, 'kernel': 'rbf', 'gamma': 'auto', 'epsilon': 1.0}",pca,False,False,10,[],297,35.86496954248886,42.3079465267664,-5.55793863468401,6.625133251497677,-12.183071886181686
362,SVM,"{'C': 0.1, 'kernel': 'rbf', 'gamma': 'scale', 'epsilon': 0.5}",freq,False,False,N/A,[],297,36.58757298161432,43.30648466751209,-5.6628928205632265,6.53577934375396,-12.198672164317188
725,SVM,"{'C': 1, 'kernel': 'poly', 'gamma': 'auto', 'epsilon': 0.1}",freq,True,True,N/A,[],203,33.436947914500784,40.3557896398718,-6.7305280395774885,5.476872280929099,-12.207400320506586
724,SVM,"{'C': 1, 'kernel': 'linear', 'gamma': 'auto', 'epsilon': 0.01}",pca,False,False,5,[],297,31.92616227323644,37.342745983966886,-5.171010781105761,7.064409320578209,-12.235420101683971
689,SVM,"{'C': 0.1, 'kernel': 'linear', 'gamma': 'auto', 'epsilon': 0.01}",pca,True,True,5,['relationExtrusionWeight'],193,25.38008111643306,28.91158999332585,-5.271686659220861,6.9798785955247515,-12.251565254745612
196,SVM,"{'C': 1, 'kernel': 'linear', 'gamma': 'auto', 'epsilon': 0.01}",pca,False,False,15,[],297,31.845610060478673,37.320369888558844,-5.179550373220038,7.079774000011581,-12.25932437323162
226,RF,"{'n_estimators': 100, 'max_depth': 20, 'min_samples_split': 10, 'max_features': 'sqrt'}",freq,True,True,N/A,"['relationExtrusionWeight', 'drugConcentration']",193,23.24020551370037,26.416059652793596,-5.1155397701850935,7.278575266862368,-12.394115037047461
45,SVM,"{'C': 0.1, 'kernel': 'poly', 'gamma': 'scale', 'epsilon': 0.01}",,True,False,N/A,"['printerBrandType', 'relationExtrusionWeight']",262,34.10106426600361,40.64598501263335,-5.94732929821797,6.4721047195014085,-12.419434017719379
190,NN,"{'hidden_layer_sizes': (128,), 'activation': 'tanh', 'alpha': 0.01, 'learning_rate_init': 0.0005, 'max_iter': 1000, 'early_stopping': False}",pca,False,False,15,"['printerBrandType', 'relationExtrusionWeight', 'drugConcentration']",262,32.66959413535693,36.34821106254427,-5.519620819016402,6.9003072735838265,-12.419928092600228
537,NN,"{'hidden_layer_sizes': (64,), 'activation': 'tanh', 'alpha': 0.0001, 'learning_rate_init': 0.001, 'max_iter': 1000, 'early_stopping': False}",pca,True,False,15,[],297,30.73039785784674,37.013102998653466,-5.232154443360721,7.190933904015786,-12.423088347376506
152,RF,"{'n_estimators': 200, 'max_depth': 10, 'min_samples_split': 2, 'max_features': 'log2'}",pca,False,False,10,[],297,32.5965543722432,39.50935477085113,-5.368228636575572,7.156863513942978,-12.52509215051855
761,NN,"{'hidden_layer_sizes': (128,), 'activation': 'relu', 'alpha': 0.0001, 'learning_rate_init': 0.0001, 'max_iter': 1000, 'early_stopping': False}",freq,True,False,N/A,[],297,29.804449850781868,38.12824270282084,-5.361954176252765,7.1711647937051275,-12.533118969957894
49,RF,"{'n_estimators': 100, 'max_depth': 5, 'min_samples_split': 10, 'max_features': 'log2'}",pca,True,True,15,"['relationExtrusionWeight', 'drugConcentration']",193,26.73295625823781,30.740921229773363,-6.23252530680615,6.391849941127034,-12.624375247933184
615,NN,"{'hidden_layer_sizes': (128, 128), 'activation': 'tanh', 'alpha': 0.01, 'learning_rate_init': 0.0001, 'max_iter': 1000, 'early_stopping': False}",pca,True,False,10,[],297,30.992931703853092,36.57232678624344,-5.298811971012466,7.370088016158459,-12.668899987170924
199,NN,"{'hidden_layer_sizes': (128,), 'activation': 'tanh', 'alpha': 0.001, 'learning_rate_init': 0.0005, 'max_iter': 1000, 'early_stopping': False}",pca,False,True,5,[],203,38.0959522291357,41.51053884172754,-7.577102071805147,5.255822071602625,-12.832924143407773
324,SVM,"{'C': 10, 'kernel': 'linear', 'gamma': 'auto', 'epsilon': 0.5}",pca,False,False,15,[],297,31.248317580311305,37.53906261146585,-5.429485574516948,7.454739243766602,-12.884224818283549
802,SVM,"{'C': 100, 'kernel': 'linear', 'gamma': 'auto', 'epsilon': 1.0}",pca,False,False,20,[],297,31.252179757376563,37.61367989153202,-5.42173582431933,7.485461220259678,-12.907197044579007
548,NN,"{'hidden_layer_sizes': (64,), 'activation': 'tanh', 'alpha': 0.01, 'learning_rate_init': 0.0005, 'max_iter': 1000, 'early_stopping': False}",pca,True,False,10,[],297,30.718217696646235,36.07529747673649,-5.385898378361596,7.561598162040915,-12.947496540402511
339,SVM,"{'C': 0.1, 'kernel': 'linear', 'gamma': 'scale', 'epsilon': 0.1}",pca,True,False,5,[],297,31.766513953995325,37.48654385856468,-5.490045090894987,7.558762481500279,-13.048807572395265
944,SVM,"{'C': 100, 'kernel': 'linear', 'gamma': 'scale', 'epsilon': 0.01}",pca,False,False,5,[],297,31.78351368199286,37.40735570009304,-5.501104572564728,7.5831565528005855,-13.084261125365312
722,ET,"{'n_estimators': 100, 'max_depth': 30, 'min_samples_split': 5, 'max_features': 0.5}",pca,True,False,5,[],297,31.853624474651962,38.32941729690943,-5.517422181400742,7.605647187381294,-13.123069368782037
410,SVM,"{'C': 10, 'kernel': 'rbf', 'gamma': 'auto', 'epsilon': 0.5}",pca,True,False,10,[],297,30.28508494783742,34.65528118994744,-5.395511540220088,7.743325166409895,-13.138836706629984
187,NN,"{'hidden_layer_sizes': (64,), 'activation': 'tanh', 'alpha': 0.01, 'learning_rate_init': 0.001, 'max_iter': 1000, 'early_stopping': False}",pca,True,False,10,[],297,30.564689092553277,35.777525396591905,-5.464613895391705,7.716011589635008,-13.180625485026713
340,SVM,"{'C': 1, 'kernel': 'linear', 'gamma': 'auto', 'epsilon': 0.01}",pca,True,False,5,[],297,31.92894684743345,37.58687166611924,-5.599297773858829,7.715359741226119,-13.31465751508495
468,RF,"{'n_estimators': 200, 'max_depth': None, 'min_samples_split': 5, 'max_features': 'sqrt'}",pca,True,True,10,['relationExtrusionWeight'],193,29.23406753924927,33.67329931387467,-7.365675564599307,6.263312784833508,-13.628988349432817
801,RF,"{'n_estimators': 300, 'max_depth': 20, 'min_samples_split': 2, 'max_features': 0.5}",pca,True,False,5,[],297,33.59799960598895,41.295661990020534,-5.911402429518375,7.772141132111185,-13.683543561629559
594,RF,"{'n_estimators': 300, 'max_depth': 20, 'min_samples_split': 2, 'max_features': 'log2'}",pca,False,False,5,[],297,33.66953073286052,41.35758017611102,-5.928159794490576,7.790731345332774,-13.71889113982335
794,NN,"{'hidden_layer_sizes': (256, 256), 'activation': 'relu', 'alpha': 0.001, 'learning_rate_init': 0.0005, 'max_iter': 1000, 'early_stopping': False}",freq,True,True,N/A,"['printerBrandType', 'relationExtrusionWeight', 'drugConcentration']",168,26.98830363323164,30.881251163020284,-8.128896342014654,5.653507896251544,-13.7824042382662
1000,ET,"{'n_estimators': 200, 'max_depth': 30, 'min_samples_split': 2, 'max_features': 'sqrt'}",pca,True,False,5,[],297,33.65537490149723,41.77805595671555,-5.997514909357165,7.847044076393529,-13.844558985750695
727,ET,"{'n_estimators': 200, 'max_depth': 20, 'min_samples_split': 2, 'max_features': 'log2'}",pca,True,False,5,[],297,33.65643754925137,41.74034654084828,-6.001205539944219,7.860549530341506,-13.861755070285724
133,NN,"{'hidden_layer_sizes': (64,), 'activation': 'relu', 'alpha': 0.0001, 'learning_rate_init': 0.0005, 'max_iter': 1000, 'early_stopping': False}",freq,False,True,N/A,[],203,45.76801206838464,49.12312969772486,-9.641031589550323,4.769316936855322,-14.410348526405645
268,NN,"{'hidden_layer_sizes': (64, 64), 'activation': 'relu', 'alpha': 0.01, 'learning_rate_init': 0.0005, 'max_iter': 1000, 'early_stopping': False}",freq,False,False,N/A,['relationExtrusionWeight'],287,52.879027331423096,57.97829344893906,-8.326725982291673,6.312674901459394,-14.639400883751067
702,NN,"{'hidden_layer_sizes': (128,), 'activation': 'relu', 'alpha': 0.001, 'learning_rate_init': 0.001, 'max_iter': 1000, 'early_stopping': False}",pca,True,True,5,['relationExtrusionWeight'],193,28.724906932259216,32.04994547374312,-6.696572241526254,7.953947748263081,-14.650519989789334
746,SVM,"{'C': 0.1, 'kernel': 'poly', 'gamma': 'auto', 'epsilon': 0.01}",pca,True,False,20,[],297,36.123739672284984,44.70450632571885,-6.6100925065171525,8.13420824127835,-14.744300747795503
664,ET,"{'n_estimators': 500, 'max_depth': 5, 'min_samples_split': 5, 'max_features': 'sqrt'}",freq,True,True,N/A,"['printerBrandType', 'relationExtrusionWeight', 'drugConcentration']",168,21.639329193338728,23.97145840571089,-6.564260042290058,8.272546641208198,-14.836806683498256
486,NN,"{'hidden_layer_sizes': (256,), 'activation': 'relu', 'alpha': 0.001, 'learning_rate_init': 0.0005, 'max_iter': 1000, 'early_stopping': False}",freq,True,True,N/A,"['printerBrandType', 'relationExtrusionWeight']",168,25.475943223621556,28.686036757415778,-7.872499548710125,7.325709810398715,-15.19820935910884
841,NN,"{'hidden_layer_sizes': (256, 256), 'activation': 'tanh', 'alpha': 0.001, 'learning_rate_init': 0.0001, 'max_iter': 1000, 'early_stopping': False}",freq,True,True,N/A,[],203,31.99702038327946,36.65964619706386,-7.119676387559693,8.093987435448994,-15.213663823008687
382,SVM,"{'C': 1, 'kernel': 'linear', 'gamma': 'auto', 'epsilon': 0.1}",,True,False,N/A,"['relationExtrusionWeight', 'drugConcentration']",287,42.33392325368831,48.62927578532915,-7.324598747912675,7.916115914302522,-15.240714662215197
954,ET,"{'n_estimators': 500, 'max_depth': 5, 'min_samples_split': 2, 'max_features': 'sqrt'}",freq,False,True,N/A,['printerBrandType'],168,22.389376426956684,24.460144242292035,-6.810563608101272,8.445465342906608,-15.256028951007881
505,SVM,"{'C': 100, 'kernel': 'rbf', 'gamma': 'auto', 'epsilon': 0.01}",pca,False,False,5,[],297,33.18686661629722,39.85968843003374,-6.561346614469229,8.8678827712117,-15.42922938568093
364,SVM,"{'C': 0.1, 'kernel': 'linear', 'gamma': 'auto', 'epsilon': 0.01}",,True,False,N/A,['relationExtrusionWeight'],287,44.29150899999113,50.71855250166263,-7.737706800750587,7.875569074665259,-15.613275875415846
598,NN,"{'hidden_layer_sizes': (256, 256), 'activation': 'relu', 'alpha': 0.01, 'learning_rate_init': 0.001, 'max_iter': 1000, 'early_stopping': False}",freq,False,True,N/A,"['printerBrandType', 'relationExtrusionWeight', 'drugConcentration']",168,20.546004358575896,24.687867050716523,-7.041892102840584,8.932132641076407,-15.974024743916992
76,NN,"{'hidden_layer_sizes': (64, 64), 'activation': 'tanh', 'alpha': 0.01, 'learning_rate_init': 0.0005, 'max_iter': 1000, 'early_stopping': False}",pca,False,True,15,"['relationExtrusionWeight', 'drugConcentration']",193,39.20503230907988,42.00962988682205,-9.639882334157514,6.597211237728337,-16.23709357188585
354,SVM,"{'C': 100, 'kernel': 'poly', 'gamma': 'scale', 'epsilon': 0.01}",pca,False,False,15,[],297,36.53867791882882,45.76938253404012,-7.357605148036001,9.084458248327289,-16.442063396363288
914,NN,"{'hidden_layer_sizes': (128, 128), 'activation': 'relu', 'alpha': 0.001, 'learning_rate_init': 0.001, 'max_iter': 1000, 'early_stopping': False}",freq,True,False,N/A,[],297,34.25015961135432,47.11879480225426,-8.005857975037472,8.452299315854152,-16.458157290891624
951,SVM,"{'C': 0.1, 'kernel': 'linear', 'gamma': 'auto', 'epsilon': 0.01}",pca,False,False,20,"['printerBrandType', 'drugConcentration']",262,36.44655080045571,42.52166129591149,-7.666093443887109,8.896335196003571,-16.56242863989068
34,SVM,"{'C': 1, 'kernel': 'rbf', 'gamma': 'auto', 'epsilon': 0.01}",pca,True,False,15,[],297,34.69334741350465,42.902588856839394,-7.211044915738477,9.414012313553783,-16.62505722929226
699,SVM,"{'C': 0.1, 'kernel': 'rbf', 'gamma': 'scale', 'epsilon': 0.01}",pca,True,False,20,[],297,34.681141609796335,41.4828261567388,-7.26015498435963,9.795632958291959,-17.05578794265159
955,RF,"{'n_estimators': 500, 'max_depth': 10, 'min_samples_split': 2, 'max_features': 'sqrt'}",freq,False,True,N/A,"['printerBrandType', 'drugConcentration']",168,21.741098118120775,24.20682855029759,-7.510197290688108,10.030429954871208,-17.540627245559314
425,NN,"{'hidden_layer_sizes': (128,), 'activation': 'tanh', 'alpha': 0.0001, 'learning_rate_init': 0.0005, 'max_iter': 1000, 'early_stopping': False}",freq,False,True,N/A,"['printerBrandType', 'relationExtrusionWeight']",168,30.270125838226733,32.658467424346064,-9.772020923455422,8.00888780524303,-17.78090872869845
349,NN,"{'hidden_layer_sizes': (128, 128), 'activation': 'relu', 'alpha': 0.0001, 'learning_rate_init': 0.0005, 'max_iter': 1000, 'early_stopping': False}",freq,True,True,N/A,[],203,37.47729506343831,43.645316469084406,-9.99674816567322,7.790514952531418,-17.78726311820464
386,SVM,"{'C': 10, 'kernel': 'poly', 'gamma': 'scale', 'epsilon': 0.1}",pca,False,False,5,['relationExtrusionWeight'],287,45.60743454362873,52.01061826040152,-8.664056128347712,9.160073108992318,-17.82412923734003
356,RF,"{'n_estimators': 100, 'max_depth': 20, 'min_samples_split': 2, 'max_features': 'sqrt'}",freq,True,True,N/A,"['printerBrandType', 'drugConcentration']",168,21.739822047264038,24.198254058976246,-7.796366335381454,10.57470103318348,-18.371067368564933
381,SVM,"{'C': 0.1, 'kernel': 'linear', 'gamma': 'auto', 'epsilon': 1.0}",,False,False,N/A,['printerBrandType'],262,38.12311601527404,44.16468692989852,-8.763024040225199,10.305297876196597,-19.068321916421795
358,SVM,"{'C': 1, 'kernel': 'rbf', 'gamma': 'scale', 'epsilon': 1.0}",,False,False,N/A,"['printerBrandType', 'drugConcentration']",262,37.73053661468182,43.336947252444816,-8.966307181642538,10.841648623979289,-19.807955805621827
927,SVM,"{'C': 0.1, 'kernel': 'rbf', 'gamma': 'auto', 'epsilon': 1.0}",,False,False,N/A,"['printerBrandType', 'drugConcentration']",262,39.24948657327901,45.670849624289986,-9.423884275586799,10.928139660295328,-20.352023935882126
684,SVM,"{'C': 10, 'kernel': 'rbf', 'gamma': 'auto', 'epsilon': 0.5}",,False,False,N/A,['relationExtrusionWeight'],287,46.91185843473815,53.26084792257864,-9.816709642321888,10.85327740521886,-20.669987047540747
661,SVM,"{'C': 0.1, 'kernel': 'rbf', 'gamma': 'scale', 'epsilon': 0.1}",,False,False,N/A,"['printerBrandType', 'drugConcentration']",262,40.1201133902984,46.73497807109209,-9.737066299548204,11.101353933568408,-20.83842023311661
29,ET,"{'n_estimators': 100, 'max_depth': 10, 'min_samples_split': 5, 'max_features': 0.5}",freq,True,True,N/A,['printerBrandType'],168,24.412849877131844,27.19557490239573,-9.366959622406661,11.807906103440386,-21.17486572584705
831,ET,"{'n_estimators': 100, 'max_depth': None, 'min_samples_split': 5, 'max_features': 'sqrt'}",pca,True,True,10,['printerBrandType'],168,22.58663543936093,25.269755547000088,-9.094243994102616,12.4487629582598,-21.54300695236242
458,SVM,"{'C': 10, 'kernel': 'linear', 'gamma': 'scale', 'epsilon': 0.1}",pca,False,False,10,['relationExtrusionWeight'],287,38.247742351662936,40.88759751484033,-9.292776253602325,13.116245673912323,-22.409021927514647
672,RF,"{'n_estimators': 100, 'max_depth': 10, 'min_samples_split': 2, 'max_features': 0.5}",pca,True,True,5,['printerBrandType'],168,24.07905080263444,27.245758837904948,-10.033361884299046,13.137712422407196,-23.17107430670624
901,NN,"{'hidden_layer_sizes': (64, 64), 'activation': 'tanh', 'alpha': 0.01, 'learning_rate_init': 0.0001, 'max_iter': 1000, 'early_stopping': False}",pca,False,False,5,[],297,51.148620428045085,57.452299879877785,-11.215101574882011,12.018894316182053,-23.233995891064062
728,NN,"{'hidden_layer_sizes': (64,), 'activation': 'relu', 'alpha': 0.001, 'learning_rate_init': 0.0005, 'max_iter': 1000, 'early_stopping': False}",freq,True,True,N/A,[],203,28.932395211302616,37.40732656782162,-10.068139928865657,13.823216589256807,-23.891356518122464
224,NN,"{'hidden_layer_sizes': (128,), 'activation': 'relu', 'alpha': 0.0001, 'learning_rate_init': 0.0005, 'max_iter': 1000, 'early_stopping': False}",freq,True,True,N/A,['drugConcentration'],203,33.84822212727362,41.083582861420744,-10.640180710779145,13.399283864189663,-24.039464574968807
958,NN,"{'hidden_layer_sizes': (64,), 'activation': 'relu', 'alpha': 0.0001, 'learning_rate_init': 0.0001, 'max_iter': 1000, 'early_stopping': False}",freq,True,False,N/A,[],297,33.65671375122189,42.7154772817049,-10.159463381290607,14.302677121241574,-24.46214050253218
391,NN,"{'hidden_layer_sizes': (64, 64), 'activation': 'tanh', 'alpha': 0.0001, 'learning_rate_init': 0.0001, 'max_iter': 1000, 'early_stopping': False}",,False,False,N/A,['relationExtrusionWeight'],287,55.8629145508001,61.19193047876454,-12.35511715560017,12.458704453539502,-24.813821609139673
908,RF,"{'n_estimators': 100, 'max_depth': 30, 'min_samples_split': 10, 'max_features': 'sqrt'}",pca,False,True,5,['printerBrandType'],168,24.32716020995834,27.435951631791465,-10.693193494758944,14.221206661375579,-24.914400156134523
459,SVM,"{'C': 0.1, 'kernel': 'linear', 'gamma': 'scale', 'epsilon': 0.1}",freq,True,False,N/A,[],297,34.88801919471459,43.13717954264185,-10.414907936832227,14.529847741676921,-24.944755678509146
666,NN,"{'hidden_layer_sizes': (64, 64), 'activation': 'tanh', 'alpha': 0.001, 'learning_rate_init': 0.0001, 'max_iter': 1000, 'early_stopping': False}",pca,False,True,15,[],203,58.90419354033853,61.32515775013929,-16.362320427846843,8.947269508494024,-25.309589936340867
534,SVM,"{'C': 0.1, 'kernel': 'linear', 'gamma': 'auto', 'epsilon': 0.01}",pca,True,True,5,['printerBrandType'],168,24.968294087984663,27.413021077649905,-11.070011896375028,14.942175753440404,-26.01218764981543
632,RF,"{'n_estimators': 500, 'max_depth': 10, 'min_samples_split': 10, 'max_features': 0.5}",pca,True,True,5,"['printerBrandType', 'relationExtrusionWeight']",168,26.038300181467623,29.13979680201823,-12.751198278750037,17.047193927956243,-29.798392206706282
780,NN,"{'hidden_layer_sizes': (256,), 'activation': 'tanh', 'alpha': 0.0001, 'learning_rate_init': 0.0001, 'max_iter': 1000, 'early_stopping': False}",freq,False,True,N/A,[],203,65.91089742265831,68.1792920001159,-19.87342453816669,9.996407038626323,-29.869831576793015
372,NN,"{'hidden_layer_sizes': (128,), 'activation': 'tanh', 'alpha': 0.0001, 'learning_rate_init': 0.0001, 'max_iter': 1000, 'early_stopping': False}",freq,False,True,N/A,['relationExtrusionWeight'],193,56.101332338299585,58.55914074774008,-18.775638468979242,11.513495299862551,-30.289133768841793
912,NN,"{'hidden_layer_sizes': (64, 64), 'activation': 'relu', 'alpha': 0.01, 'learning_rate_init': 0.0001, 'max_iter': 1000, 'early_stopping': False}",pca,False,True,5,[],203,69.1621414164902,71.3039311801746,-21.97648297081355,11.207270059171133,-33.183753029984686
346,NN,"{'hidden_layer_sizes': (128,), 'activation': 'tanh', 'alpha': 0.01, 'learning_rate_init': 0.0001, 'max_iter': 1000, 'early_stopping': False}",freq,False,True,N/A,[],203,69.71427642319401,71.84440548081831,-22.226417135481057,11.2080960263975,-33.434513161878556
209,NN,"{'hidden_layer_sizes': (128,), 'activation': 'relu', 'alpha': 0.0001, 'learning_rate_init': 0.0001, 'max_iter': 1000, 'early_stopping': False}",pca,False,False,5,"['printerBrandType', 'drugConcentration']",262,51.456827714482245,56.12191134897633,-15.796667116149564,17.811850891390606,-33.60851800754017
253,NN,"{'hidden_layer_sizes': (256,), 'activation': 'relu', 'alpha': 0.0001, 'learning_rate_init': 0.0001, 'max_iter': 1000, 'early_stopping': False}",pca,False,True,10,[],203,71.34388600016827,73.37283635694622,-23.281664593355426,11.748831019941758,-35.030495613297184
566,NN,"{'hidden_layer_sizes': (128,), 'activation': 'tanh', 'alpha': 0.001, 'learning_rate_init': 0.0001, 'max_iter': 1000, 'early_stopping': False}",pca,False,False,10,[],297,64.77089383128684,69.90318736303908,-17.49507364663493,18.274015707140666,-35.7690893537756
348,NN,"{'hidden_layer_sizes': (128,), 'activation': 'relu', 'alpha': 0.0001, 'learning_rate_init': 0.0001, 'max_iter': 1000, 'early_stopping': False}",freq,False,False,N/A,[],297,65.52265022188,70.68908760584293,-17.719320643487332,18.317013967556825,-36.036334611044154
511,NN,"{'hidden_layer_sizes': (128,), 'activation': 'relu', 'alpha': 0.01, 'learning_rate_init': 0.0001, 'max_iter': 1000, 'early_stopping': False}",pca,False,True,5,[],203,73.3848734883266,75.38993512412519,-24.605629244856374,12.38371041359794,-36.98933965845431
5,NN,"{'hidden_layer_sizes': (64,), 'activation': 'relu', 'alpha': 0.0001, 'learning_rate_init': 0.0001, 'max_iter': 1000, 'early_stopping': False}",freq,False,False,N/A,[],297,66.42453492217358,71.56582125096004,-18.57166469591611,19.455550359841318,-38.027215055757424
222,NN,"{'hidden_layer_sizes': (64, 64), 'activation': 'relu', 'alpha': 0.001, 'learning_rate_init': 0.001, 'max_iter': 1000, 'early_stopping': False}",freq,True,True,N/A,"['relationExtrusionWeight', 'drugConcentration']",193,45.06200795838526,52.18633200278822,-18.698291239945775,20.119393240846932,-38.81768448079271
78,SVM,"{'C': 10, 'kernel': 'poly', 'gamma': 'scale', 'epsilon': 0.01}",freq,True,False,N/A,['printerBrandType'],262,33.862479378876714,47.69372933878038,-18.403367215520415,25.57680956659922,-43.980176782119635
332,SVM,"{'C': 0.1, 'kernel': 'poly', 'gamma': 'auto', 'epsilon': 0.01}",freq,True,False,N/A,[],297,39.10912404391307,60.36767357823703,-19.724410956355904,25.79589177369541,-45.52030273005131
373,SVM,"{'C': 10, 'kernel': 'poly', 'gamma': 'scale', 'epsilon': 0.1}",freq,True,True,N/A,[],203,49.32243398814438,64.65948349032072,-24.984298401258897,29.63523474945546,-54.61953315071436
7,SVM,"{'C': 10, 'kernel': 'poly', 'gamma': 'scale', 'epsilon': 0.5}",freq,True,True,N/A,[],203,49.66741891775522,68.59834712335292,-26.23243580527358,29.323143572876422,-55.55557937815
974,NN,"{'hidden_layer_sizes': (64, 64), 'activation': 'tanh', 'alpha': 0.01, 'learning_rate_init': 0.0001, 'max_iter': 1000, 'early_stopping': False}",freq,False,True,N/A,"['printerBrandType', 'relationExtrusionWeight', 'drugConcentration']",168,63.46755468773014,64.64383920157495,-37.092827739807156,23.56400786130469,-60.65683560111185
401,NN,"{'hidden_layer_sizes': (64,), 'activation': 'relu', 'alpha': 0.0001, 'learning_rate_init': 0.0005, 'max_iter': 1000, 'early_stopping': False}",freq,True,True,N/A,"['printerBrandType', 'relationExtrusionWeight']",168,40.74798731682992,46.15604614400178,-30.040445977722438,34.27993465211741,-64.32038062983985
283,SVM,"{'C': 1, 'kernel': 'linear', 'gamma': 'scale', 'epsilon': 0.1}",freq,True,False,N/A,"['printerBrandType', 'relationExtrusionWeight', 'drugConcentration']",262,36.10058827441748,53.860985989296694,-35.664795766455626,50.55172933216886,-86.21652509862449
983,SVM,"{'C': 1, 'kernel': 'linear', 'gamma': 'scale', 'epsilon': 0.01}",freq,True,False,N/A,"['printerBrandType', 'relationExtrusionWeight', 'drugConcentration']",262,39.1833194848364,56.125367708244596,-37.5314629902274,52.98997508522095,-90.52143807544834
977,SVM,"{'C': 1, 'kernel': 'linear', 'gamma': 'scale', 'epsilon': 0.5}",freq,True,False,N/A,[],297,47.31026870716702,68.48857595201788,-44.926054648499104,63.04265075519623,-107.96870540369534
753,SVM,"{'C': 1, 'kernel': 'poly', 'gamma': 'auto', 'epsilon': 1.0}",freq,True,False,N/A,[],297,44.55787027739666,71.11442805653122,-50.52006095720318,71.19377255032201,-121.71383350752518
328,SVM,"{'C': 1, 'kernel': 'poly', 'gamma': 'scale', 'epsilon': 1.0}",freq,True,False,N/A,[],297,44.56022102701718,71.13152935667871,-50.52121596268086,71.19295665258862,-121.71417261526949
852,SVM,"{'C': 10, 'kernel': 'poly', 'gamma': 'auto', 'epsilon': 0.01}",,False,False,N/A,"['printerBrandType', 'relationExtrusionWeight']",262,155.66084617390706,157.18782528252487,-78.04874354819977,47.011133657792826,-125.05987720599259
484,SVM,"{'C': 10, 'kernel': 'poly', 'gamma': 'scale', 'epsilon': 0.01}",freq,True,True,N/A,"['relationExtrusionWeight', 'drugConcentration']",193,80.05416621070007,112.93789567096594,-98.12915214355046,117.37633885895038,-215.50549100250083
114,SVM,"{'C': 10, 'kernel': 'linear', 'gamma': 'scale', 'epsilon': 0.01}",freq,True,False,N/A,[],297,64.73394219114537,92.82519560700837,-108.79401650295917,153.689285241198,-262.4833017441572
206,SVM,"{'C': 100, 'kernel': 'poly', 'gamma': 'scale', 'epsilon': 1.0}",freq,True,False,N/A,[],297,65.04755236253902,115.85586369573997,-180.68486578739373,255.05520677034963,-435.74007255774336
752,SVM,"{'C': 0.1, 'kernel': 'poly', 'gamma': 'auto', 'epsilon': 0.01}",,False,True,N/A,['drugConcentration'],203,356.73723752720633,384.25724782013253,-709.2918572419362,526.6408837023193,-1235.9327409442556
658,SVM,"{'C': 10, 'kernel': 'poly', 'gamma': 'auto', 'epsilon': 1.0}",,False,False,N/A,['drugConcentration'],297,13765.79540806036,13854.072007007388,-3859421.1845918247,5457785.17872222,-9317206.363314044
978,SVM,"{'C': 100, 'kernel': 'poly', 'gamma': 'auto', 'epsilon': 0.5}",freq,False,True,N/A,['relationExtrusionWeight'],193,25739832409.17835,26765498226.06729,-1.0085869974081112e+19,1.425649784137581e+19,-2.4342367815456924e+19
